id,signalId,symbol,side,status,entryPrice,stopLoss,initialStop,currentStop,tpLadder,depositAtEntryUsd,riskUsd,positionSizeUsd,positionUnits,leverage,marginUsd,closes,realizedR,realizedPnlUsd,feesPaidUsd,slipPaidUsd,netPnlUsd,feesRoundTripPct,feeTakerPct,feeMakerPct,slipTakerPct,autoTrailingSL,lastPriceCheck,lastPriceCheckAt,openedAt,closedAt,expiresAt
11,6,LDOUSDT,BUY,SL_HIT,0.3914,0.379,0.379,0.379,"[0.4038, 0.4162000000000001, 0.4286000000000001]",500,10,315.6451612903221,806.4516129032244,6.312903225806441,50,"[{""pnlR"": -1, ""price"": 0.379, ""pnlUsd"": -10, ""reason"": ""SL"", ""percent"": 100, ""closedAt"": ""2026-05-07T14:37:48.662Z""}]",-1,-10,0.2445161290322576,0,-10.24451612903226,0.08,,,,t,0.379,2026-05-07 14:37:48.662,2026-05-07 13:25:00.624,2026-05-07 14:37:48.68,2026-05-07 23:55:00
18,8,TRUMPUSDT,BUY,EXPIRED,2.369,2.316,2.316,2.316,"[2.422000000000001, 2.475000000000001, 2.528000000000001]",500,10,446.9811320754685,188.6792452830175,8.93962264150937,50,"[{""pnlR"": 0.1509433962264058, ""price"": 2.377, ""pnlUsd"": 1.509433962264058, ""reason"": ""EXPIRED"", ""percent"": 100, ""closedAt"": ""2026-05-07T23:55:01.050Z""}]",0.1509433962264058,1.509433962264058,0.3587924528301861,0,1.150641509433872,0.08,,,,t,2.377,2026-05-07 23:55:00.857,2026-05-07 13:30:02.286,2026-05-07 23:55:01.05,2026-05-07 23:55:00
19,9,XRPUSDT,SELL,EXPIRED,1.4084,1.4249,1.4249,1.4084,"[1.3919, 1.3754, 1.3589]",500,10,853.5757575757598,606.0606060606076,17.0715151515152,50,"[{""pnlR"": 0.5000000000000068, ""price"": 1.3919, ""pnlUsd"": 5.000000000000068, ""reason"": ""TP1"", ""percent"": 50, ""closedAt"": ""2026-05-07T14:37:50.654Z""}, {""pnlR"": 0.666666666666669, ""price"": 1.3864, ""pnlUsd"": 6.666666666666689, ""reason"": ""EXPIRED"", ""percent"": 50, ""closedAt"": ""2026-05-07T23:55:01.494Z""}]",1.166666666666676,11.66666666666676,0.6735272727272745,0,10.99313939393948,0.08,,,,t,1.3864,2026-05-07 23:55:00.857,2026-05-07 13:44:49.022,2026-05-07 23:55:01.494,2026-05-07 23:55:00
20,10,ETHUSDT,SELL,EXPIRED,2311.11,2351.31,2351.31,2351.31,"[2270.91, 2230.71, 2190.510000000001]",500,10,574.9029850746294,0.2487562189054738,11.49805970149259,50,"[{""pnlR"": 0.5251243781094583, ""price"": 2290, ""pnlUsd"": 5.251243781094583, ""reason"": ""EXPIRED"", ""percent"": 100, ""closedAt"": ""2026-05-07T23:55:01.121Z""}]",0.5251243781094583,5.251243781094583,0.455721393034828,0,4.795522388059755,0.08,,,,t,2290,2026-05-07 23:55:00.857,2026-05-07 13:51:32.155,2026-05-07 23:55:01.121,2026-05-07 23:55:00
21,11,HYPEUSDT,SELL,CLOSED,42.534,43.145,43.145,42.534,"[41.92299999999999, 41.31199999999999, 40.70099999999999]",500,10,696.13747954173,16.36661211129285,13.9227495908346,50,"[{""pnlR"": 0.5000000000000058, ""price"": 41.92299999999999, ""pnlUsd"": 5.000000000000058, ""reason"": ""TP1"", ""percent"": 50, ""closedAt"": ""2026-05-07T16:15:49.560Z""}, {""pnlR"": 0, ""price"": 42.534, ""pnlUsd"": 0, ""reason"": ""SL"", ""percent"": 50, ""closedAt"": ""2026-05-07T21:00:59.806Z""}]",0.5000000000000058,5.000000000000058,0.552909983633384,0,4.447090016366674,0.08,,,,t,42.536,2026-05-07 21:00:59.806,2026-05-07 13:51:35.399,2026-05-07 21:00:59.819,2026-05-07 23:55:00
22,12,1000PEPEUSDT,BUY,EXPIRED,0.004168,0.004071,0.004071,0.004071,"[0.004265, 0.004362, 0.004458999999999999]",500,10,429.6907216494851,103092.7835051548,8.593814432989703,50,"[{""pnlR"": -0.144329896907218, ""price"": 0.004154, ""pnlUsd"": -1.44329896907218, ""reason"": ""EXPIRED"", ""percent"": 100, ""closedAt"": ""2026-05-07T23:55:01.616Z""}]",-0.144329896907218,-1.44329896907218,0.3425979381443304,0,-1.785896907216511,0.08,,,,t,0.004154,2026-05-07 23:55:00.857,2026-05-07 13:51:36.09,2026-05-07 23:55:01.616,2026-05-07 23:55:00
23,13,DOGEUSDT,SELL,EXPIRED,0.1101,0.11244,0.11244,0.1101,"[0.10776, 0.10542, 0.10308]",500,10,470.5128205128215,4273.504273504283,9.41025641025643,50,"[{""pnlR"": 0.500000000000003, ""price"": 0.10776, ""pnlUsd"": 5.00000000000003, ""reason"": ""TP1"", ""percent"": 50, ""closedAt"": ""2026-05-07T15:26:40.777Z""}, {""pnlR"": 0.5064102564102569, ""price"": 0.10773, ""pnlUsd"": 5.06410256410257, ""reason"": ""EXPIRED"", ""percent"": 50, ""closedAt"": ""2026-05-07T23:55:01.266Z""}]",1.00641025641026,10.0641025641026,0.3683589743589752,0,9.695743589743627,0.08,,,,t,0.10773,2026-05-07 23:55:00.857,2026-05-07 13:51:42.808,2026-05-07 23:55:01.266,2026-05-07 23:55:00
24,14,ETCUSDT,SELL,EXPIRED,9.197,9.399,9.399,9.399,"[8.995, 8.793, 8.591]",500,10,455.2970297029703,49.50495049504951,9.105940594059406,50,"[{""pnlR"": -0.05940594059406167, ""price"": 9.209, ""pnlUsd"": -0.5940594059406167, ""reason"": ""EXPIRED"", ""percent"": 100, ""closedAt"": ""2026-05-07T23:55:01.195Z""}]",-0.05940594059406167,-0.5940594059406167,0.3647128712871288,0,-0.9587722772277454,0.08,,,,t,9.209,2026-05-07 23:55:00.857,2026-05-07 13:51:46.536,2026-05-07 23:55:01.195,2026-05-07 23:55:00
27,17,MUSDT,SELL,SL_HIT,3.6396,3.8525,3.8525,3.8525,"[3.4967, 3.3188, 3.140899999999999]",494.4180535679375,9.88836107135875,169.0449927445624,46.44603603268556,3.41906998590888,49.44180535679375,"[{""pnlR"": -1, ""price"": 3.8525, ""pnlUsd"": -9.88836107135875, ""reason"": ""SL"", ""percent"": 100, ""closedAt"": ""2026-05-07T17:46:43.016Z""}]",-1,-9.88836107135875,0.1431466830527369,0,-10.03150775441149,0.08,,,,t,3.8548,2026-05-07 17:46:43.016,2026-05-07 15:04:39.827,2026-05-07 17:46:43.023,2026-05-07 23:55:00
28,18,ORDIUSDT,SELL,EXPIRED,5.106,5.537,5.537,5.537,"[4.875000000000001, 4.544000000000001, 4.213000000000002]",494.4180535679375,9.88836107135875,117.1461058708997,22.94283311220127,2.36937354988399,49.44180535679375,"[{""pnlR"": -0.039443155452437, ""price"": 5.123, ""pnlUsd"": -0.3900281629074296, ""reason"": ""EXPIRED"", ""percent"": 100, ""closedAt"": ""2026-05-07T23:55:01.558Z""}]",-0.039443155452437,-0.3900281629074296,0.0940289072270457,0,-0.4840570701344753,0.08,,,,t,5.123,2026-05-07 23:55:00.857,2026-05-07 15:09:44.718,2026-05-07 23:55:01.558,2026-05-07 23:55:00
29,19,KASUSDT,SELL,EXPIRED,0.03599,0.03676,0.03676,0.03599,"[0.03536, 0.03466, 0.03396]",494.4180535679375,9.88836107135875,462.1845648807811,12842.02736540098,9.34805194805195,49.44180535679375,"[{""pnlR"": 0.4090909090909083, ""price"": 0.03536, ""pnlUsd"": 4.0452386201013, ""reason"": ""TP1"", ""percent"": 50, ""closedAt"": ""2026-05-07T19:19:26.452Z""}, {""pnlR"": 0.4025974025974043, ""price"": 0.03537, ""pnlUsd"": 3.98102848327432, ""reason"": ""EXPIRED"", ""percent"": 50, ""closedAt"": ""2026-05-07T23:55:01.332Z""}]",0.8116883116883126,8.02626710337562,0.3633266382219246,0,7.662940465153695,0.08,,,,t,0.03537,2026-05-07 23:55:00.857,2026-05-07 15:09:46.715,2026-05-07 23:55:01.333,2026-05-07 23:55:00
30,20,STXUSDT,SELL,EXPIRED,0.2482,0.2576,0.2576,0.2576,"[0.2412, 0.233, 0.2248000000000001]",493.9278856935043,9.878557713870087,260.8359600619743,1050.910395092563,5.280851063829793,49.39278856935043,"[{""pnlR"": -0.351063829787234, ""price"": 0.2515, ""pnlUsd"": -3.468004303805455, ""reason"": ""EXPIRED"", ""percent"": 100, ""closedAt"": ""2026-05-07T23:55:00.857Z""}]",-0.351063829787234,-3.468004303805455,0.2114431714926237,0,-3.679447475298079,0.08,,,,t,0.2515,2026-05-07 23:55:00.857,2026-05-07 17:46:52.599,2026-05-07 23:55:00.857,2026-05-07 23:55:00
31,21,ARUSDT,SELL,EXPIRED,2.4103,2.6401,2.6401,2.6401,"[2.1907, 1.966, 1.7413]",497.5130316867327,9.950260633734654,104.3651575521786,43.29965462895846,2.097737162750217,49.75130316867327,"[{""pnlR"": -0.175805047867711, ""price"": 2.4507, ""pnlUsd"": -1.749306047009921, ""reason"": ""EXPIRED"", ""percent"": 100, ""closedAt"": ""2026-05-07T23:55:01.425Z""}]",-0.175805047867711,-1.749306047009921,0.08489157087935079,0,-1.834197617889272,0.08,,,,t,2.4507,2026-05-07 23:55:00.857,2026-05-07 21:01:37.154,2026-05-07 23:55:01.425,2026-05-07 23:55:00
44,34,SANDUSDT,SELL,SL_HIT,0.07653,0.07765,0.07765,0.07765,"[0.07549, 0.07441, 0.07333]",509.7266821314873,10.19453364262974,696.5961247057653,9102.262180919448,13.66607142857148,50.97266821314873,"[{""pnlR"": -1, ""price"": 0.07765, ""pnlUsd"": -10.19453364262974, ""reason"": ""SL"", ""percent"": 100, ""closedAt"": ""2026-05-08T04:23:05.167Z""}]",-1,-10.19453364262974,0.5654325266787161,0,-10.75996616930846,0.08,,,,t,0.07765,2026-05-08 04:23:05.167,2026-05-08 03:06:57.26,2026-05-08 04:23:05.173,2026-05-08 23:55:00
45,35,ORDIUSDT,SELL,SL_HIT,5.111,5.21,5.21,5.21,"[5.021999999999999, 4.927999999999999, 4.833999999999999]",509.7266821314873,10.19453364262974,526.3056711866718,102.9750872992901,10.3252525252525,50.97266821314873,"[{""pnlR"": -1, ""price"": 5.21, ""pnlUsd"": -10.19453364262974, ""reason"": ""SL"", ""percent"": 100, ""closedAt"": ""2026-05-08T03:55:08.701Z""}]",-1,-10.19453364262974,0.4292001638634412,0,-10.62373380649318,0.08,,,,t,5.212,2026-05-08 03:55:08.701,2026-05-08 03:06:57.44,2026-05-08 03:55:08.705,2026-05-08 23:55:00
47,37,VVVUSDT,BUY,EXPIRED,13.005,12.329,12.329,13.005,"[13.561, 14.177, 14.793]",509.7266821314873,10.19453364262974,196.1241272520707,15.08067106897891,3.847633136094673,50.97266821314873,"[{""pnlR"": 0.4112426035502951, ""price"": 13.561, ""pnlUsd"": 4.19242655717613, ""reason"": ""TP1"", ""percent"": 50, ""closedAt"": ""2026-05-08T04:24:07.181Z""}, {""pnlR"": 0.5835798816568044, ""price"": 13.794, ""pnlUsd"": 5.949324736712178, ""reason"": ""EXPIRED"", ""percent"": 50, ""closedAt"": ""2026-05-08T23:55:02.091Z""}]",0.9948224852070995,10.14175129388831,0.1650127028367672,0,9.976738591051541,0.08,,,,t,13.794,2026-05-08 23:55:01.787,2026-05-08 03:06:57.79,2026-05-08 23:55:02.091,2026-05-08 23:55:00
48,38,STRKUSDT,BUY,CLOSED,0.04715,0.04473,0.04473,0.05169000000000001,"[0.04937, 0.05169000000000001, 0.05401000000000001]",509.3851652544591,10.18770330508918,198.4918226590724,4209.794754169086,3.896694214876034,50.93851652544591,"[{""pnlR"": 0.4586776859504135, ""price"": 0.04937, ""pnlUsd"": 4.672872177127686, ""reason"": ""TP1"", ""percent"": 50, ""closedAt"": ""2026-05-08T05:49:18.164Z""}, {""pnlR"": 0.5628099173553734, ""price"": 0.05169000000000001, ""pnlUsd"": 5.733740455178307, ""reason"": ""TP2"", ""percent"": 30, ""closedAt"": ""2026-05-08T07:48:42.389Z""}, {""pnlR"": 0.566942148760332, ""price"": 0.05401000000000001, ""pnlUsd"": 5.775838402719997, ""reason"": ""TP3"", ""percent"": 20, ""closedAt"": ""2026-05-08T09:08:09.312Z""}]",1.588429752066119,16.18245103502599,0.1717394189552788,0,16.01071161607071,0.08,,,,t,0.05417,2026-05-08 09:08:09.312,2026-05-08 03:31:55.827,2026-05-08 09:08:09.326,2026-05-08 23:55:00
49,39,LDOUSDT,BUY,CLOSED,0.3888,0.3817,0.3817,0.3957,"[0.3957, 0.4027, 0.4097]",498.7614314479659,9.975228628959318,546.2491395689275,1404.961778726665,10.95211267605634,49.87614314479659,"[{""pnlR"": 0.485915492957748, ""price"": 0.3957, ""pnlUsd"": 4.847118136607007, ""reason"": ""TP1"", ""percent"": 50, ""closedAt"": ""2026-05-08T10:41:18.677Z""}, {""pnlR"": 0.5873239436619733, ""price"": 0.4027, ""pnlUsd"": 5.858690617290203, ""reason"": ""TP2"", ""percent"": 30, ""closedAt"": ""2026-05-08T12:00:27.879Z""}, {""pnlR"": 0.1943661971830992, ""price"": 0.3957, ""pnlUsd"": 1.938847254642802, ""reason"": ""SL"", ""percent"": 20, ""closedAt"": ""2026-05-08T13:14:41.257Z""}]",1.26760563380282,12.64465600854001,0.4471150364619738,0,12.19754097207804,0.08,,,,t,0.3953,2026-05-08 13:14:41.257,2026-05-08 04:16:55.497,2026-05-08 13:14:41.275,2026-05-08 23:55:00
50,40,ETCUSDT,BUY,CLOSED,9.314,9.195,9.195,9.381,"[9.381, 9.474, 9.567]",498.7614314479659,9.975228628959318,780.750247480061,83.82545066352384,15.65378151260507,49.87614314479659,"[{""pnlR"": 0.2815126050420181, ""price"": 9.381, ""pnlUsd"": 2.808152597228056, ""reason"": ""TP1"", ""percent"": 50, ""closedAt"": ""2026-05-08T08:16:48.871Z""}, {""pnlR"": 0.4033613445378162, ""price"": 9.474, ""pnlUsd"": 4.023621631849148, ""reason"": ""TP2"", ""percent"": 30, ""closedAt"": ""2026-05-08T09:58:06.059Z""}, {""pnlR"": 0.1126050420168072, ""price"": 9.381, ""pnlUsd"": 1.123261038891222, ""reason"": ""SL"", ""percent"": 20, ""closedAt"": ""2026-05-08T11:09:07.156Z""}]",0.7974789915966415,7.955035267968426,0.6309642261984236,0,7.324071041770003,0.08,,,,t,9.378,2026-05-08 11:09:07.156,2026-05-08 04:21:54.675,2026-05-08 11:09:07.178,2026-05-08 23:55:00
51,41,STXUSDT,BUY,EXPIRED,0.2642,0.2511,0.2511,0.2511,"[0.2743, 0.2859, 0.2975]",492.112088243687,9.84224176487374,198.4977308610414,751.3161652575375,4.033587786259542,49.2112088243687,"[{""pnlR"": 0.07633587786259549, ""price"": 0.2652, ""pnlUsd"": 0.7513161652575382, ""reason"": ""EXPIRED"", ""percent"": 100, ""closedAt"": ""2026-05-08T23:55:01.787Z""}]",0.07633587786259549,0.7513161652575382,0.1593992376210392,0,0.5919169276364991,0.08,,,,t,0.2652,2026-05-08 23:55:01.787,2026-05-08 04:31:54.689,2026-05-08 23:55:01.787,2026-05-08 23:55:00
52,42,HYPEUSDT,SELL,SL_HIT,42.128,42.747,42.747,42.747,"[41.539, 40.935, 40.331]",492.112088243687,9.84224176487374,669.8448482562214,15.90022902241316,13.61163166397416,49.2112088243687,"[{""pnlR"": -1, ""price"": 42.747, ""pnlUsd"": -9.842241764873743, ""reason"": ""SL"", ""percent"": 100, ""closedAt"": ""2026-05-08T08:00:14.248Z""}]",-1,-9.842241764873743,0.5437496720168763,0,-10.38599143689062,0.08,,,,t,42.748,2026-05-08 08:00:14.248,2026-05-08 04:46:53.788,2026-05-08 08:00:14.271,2026-05-08 23:55:00
53,43,SEIUSDT,BUY,CLOSED,0.0612,0.05999,0.05999,0.0612,"[0.06199, 0.06299, 0.06399]",492.112088243687,9.84224176487374,497.8059471159298,8134.084103201467,10.11570247933888,49.2112088243687,"[{""pnlR"": 0.3264462809917391, ""price"": 0.06199, ""pnlUsd"": 3.212963220764604, ""reason"": ""TP1"", ""percent"": 50, ""closedAt"": ""2026-05-08T08:17:32.870Z""}, {""pnlR"": 0, ""price"": 0.0612, ""pnlUsd"": 0, ""reason"": ""SL"", ""percent"": 50, ""closedAt"": ""2026-05-08T13:39:43.611Z""}]",0.3264462809917391,3.212963220764604,0.4008151282693555,0,2.812148092495248,0.08,,,,t,0.06119,2026-05-08 13:39:43.611,2026-05-08 04:56:53.175,2026-05-08 13:39:43.635,2026-05-08 23:55:00
54,44,DYDXUSDT,BUY,SL_HIT,0.2026,0.18241,0.18241,0.18241,"[0.21865, 0.2367700000000001, 0.2548900000000001]",492.112088243687,9.84224176487374,98.76365436173445,487.4810185672974,2.006934125804853,49.2112088243687,"[{""pnlR"": -1, ""price"": 0.18241, ""pnlUsd"": -9.84224176487374, ""reason"": ""SL"", ""percent"": 100, ""closedAt"": ""2026-05-08T05:20:57.759Z""}]",-1,-9.84224176487374,0.07113713007748856,0,-9.91337889495123,0.08,,,,t,0.17945,2026-05-08 05:20:57.759,2026-05-08 04:56:53.353,2026-05-08 05:20:57.765,2026-05-08 23:55:00
55,45,TSTBSCUSDT,SELL,EXPIRED,0.023328,0.025579,0.025579,0.023328,"[0.021239, 0.019069, 0.01689899999999999]",492.112088243687,9.84224176487374,101.9990297161149,4372.386390437025,2.072678809418037,49.2112088243687,"[{""pnlR"": 0.4640159928920482, ""price"": 0.021239, ""pnlUsd"": 4.566957584811473, ""reason"": ""TP1"", ""percent"": 50, ""closedAt"": ""2026-05-08T10:26:42.445Z""}, {""pnlR"": 0.2649933362949807, ""price"": 0.022135, ""pnlUsd"": 2.608128481895692, ""reason"": ""EXPIRED"", ""percent"": 50, ""closedAt"": ""2026-05-08T23:55:01.887Z""}]",0.729009329187029,7.175086066707165,0.07585915491952622,0,7.099226911787639,0.08,,,,t,0.022135,2026-05-08 23:55:01.787,2026-05-08 05:11:52.636,2026-05-08 23:55:01.887,2026-05-08 23:55:00
56,46,ENAUSDT,BUY,CLOSED,0.12023,0.11708,0.11708,0.12683,"[0.12358, 0.12683, 0.13008]",482.1987093487358,9.643974186974717,368.0936560317365,3061.5791069761,7.633650793650794,48.21987093487358,"[{""pnlR"": 0.5317460317460304, ""price"": 0.12358, ""pnlUsd"": 5.128145004184955, ""reason"": ""TP1"", ""percent"": 50, ""closedAt"": ""2026-05-08T12:30:02.266Z""}, {""pnlR"": 0.628571428571428, ""price"": 0.12683, ""pnlUsd"": 6.061926631812672, ""reason"": ""TP2"", ""percent"": 30, ""closedAt"": ""2026-05-08T18:30:48.801Z""}, {""pnlR"": 0.6253968253968253, ""price"": 0.13008, ""pnlUsd"": 6.031310840742916, ""reason"": ""TP3"", ""percent"": 20, ""closedAt"": ""2026-05-08T19:30:47.805Z""}]",1.785714285714283,17.22138247674054,0.3082520308067817,0,16.91313044593376,0.08,,,,t,0.13024,2026-05-08 19:30:47.805,2026-05-08 05:36:51.966,2026-05-08 19:30:47.813,2026-05-08 23:55:00
57,47,FARTCOINUSDT,BUY,SL_HIT,0.24892,0.24223,0.24223,0.24223,"[0.25411, 0.26005, 0.26599]",482.1987093487358,9.643974186974717,358.8308003918903,1441.550700594128,7.441554559043348,48.21987093487358,"[{""pnlR"": -1, ""price"": 0.24223, ""pnlUsd"": -9.643974186974718, ""reason"": ""SL"", ""percent"": 100, ""closedAt"": ""2026-05-08T13:14:38.948Z""}]",-1,-9.643974186974718,0.2793494609639325,0,-9.92332364793865,0.08,,,,t,0.2421,2026-05-08 13:14:38.948,2026-05-08 05:36:52.143,2026-05-08 13:14:38.949,2026-05-08 23:55:00
58,48,POLUSDT,BUY,CLOSED,0.09987,0.09821,0.09821,0.10079,"[0.09993, 0.10079, 0.10165]",482.4254873645717,9.648509747291435,580.4799207602401,5812.35526945269,12.03253012048197,48.24254873645717,"[{""pnlR"": 0.01807228915662792, ""price"": 0.09993, ""pnlUsd"": 0.1743706580835938, ""reason"": ""TP1"", ""percent"": 50, ""closedAt"": ""2026-05-08T08:30:33.029Z""}, {""pnlR"": 0.1662650602409651, ""price"": 0.10079, ""pnlUsd"": 1.604210054368949, ""reason"": ""TP2"", ""percent"": 30, ""closedAt"": ""2026-05-08T08:45:51.334Z""}, {""pnlR"": 0.2144578313253023, ""price"": 0.10165, ""pnlUsd"": 2.069198475925162, ""reason"": ""TP3"", ""percent"": 20, ""closedAt"": ""2026-05-08T09:14:09.680Z""}]",0.3987951807228954,3.847779188377705,0.4674621599588943,0,3.380317028418811,0.08,,,,t,0.10165,2026-05-08 09:14:09.68,2026-05-08 08:01:37.228,2026-05-08 09:14:09.698,2026-05-08 23:55:00
59,50,ARUSDT,BUY,EXPIRED,2.4803,2.3935,2.3935,2.6259,"[2.6259, 2.7421, 2.8583]",495.0754735510399,9.901509471020798,282.9344924075211,114.0726897583039,5.714976958525333,49.50754735510399,"[{""pnlR"": 0.8387096774193525, ""price"": 2.6259, ""pnlUsd"": 8.304491814404521, ""reason"": ""TP1"", ""percent"": 50, ""closedAt"": ""2026-05-08T15:55:07.521Z""}, {""pnlR"": 0.9048387096774172, ""price"": 2.7421, ""pnlUsd"": 8.959269053617188, ""reason"": ""TP2"", ""percent"": 30, ""closedAt"": ""2026-05-08T21:58:34.008Z""}, {""pnlR"": 0.6221198156682014, ""price"": 2.7503, ""pnlUsd"": 6.159925246948411, ""reason"": ""EXPIRED"", ""percent"": 20, ""closedAt"": ""2026-05-08T23:55:02.038Z""}]",2.365668202764971,23.42368611497012,0.245086542817993,0,23.17859957215213,0.08,,,,t,2.7503,2026-05-08 23:55:01.787,2026-05-08 09:11:37.436,2026-05-08 23:55:02.039,2026-05-08 23:55:00
61,52,IOUSDT,SELL,SL_HIT,0.16117,0.16984,0.16984,0.16984,"[0.14412, 0.13126, 0.1184000000000001]",497.0501398808627,9.941002797617253,184.7971650394436,1146.597785192304,3.717877739331034,49.70501398808626,"[{""pnlR"": -1, ""price"": 0.16984, ""pnlUsd"": -9.941002797617257, ""reason"": ""SL"", ""percent"": 100, ""closedAt"": ""2026-05-08T17:54:19.806Z""}]",-1,-9.941002797617257,0.1557905342696487,0,-10.09679333188691,0.08,,,,t,0.1699,2026-05-08 17:54:19.806,2026-05-08 09:21:37.399,2026-05-08 17:54:19.812,2026-05-08 23:55:00
62,53,ARBUSDT,BUY,CLOSED,0.13098,0.12646,0.12646,0.13172,"[0.13172, 0.1343500000000001, 0.1369800000000001]",511.0351572717375,10.22070314543475,296.1742694666009,2261.217510051923,5.795575221238908,51.10351572717374,"[{""pnlR"": 0.08185840707964455, ""price"": 0.13172, ""pnlUsd"": 0.836650478719201, ""reason"": ""TP1"", ""percent"": 50, ""closedAt"": ""2026-05-08T11:20:11.295Z""}, {""pnlR"": 0.2236725663716865, ""price"": 0.1343500000000001, ""pnlUsd"": 2.286090902662559, ""reason"": ""TP2"", ""percent"": 30, ""closedAt"": ""2026-05-08T11:47:13.676Z""}, {""pnlR"": 0.03274336283185782, ""price"": 0.13172, ""pnlUsd"": 0.3346601914876804, ""reason"": ""SL"", ""percent"": 20, ""closedAt"": ""2026-05-08T13:14:46.946Z""}]",0.3382743362831889,3.457401572869439,0.2397053368315763,0,3.217696236037863,0.08,,,,t,0.1317,2026-05-08 13:14:46.946,2026-05-08 11:11:37.436,2026-05-08 13:14:46.961,2026-05-08 23:55:00
63,49,XRPUSDT,SELL,SL_HIT,1.3862,1.3889,1.3889,1.3889,"[1.3675, 1.3568, 1.3461]",516.8791350714137,10.33758270142827,5307.391533600101,3828.73433386243,100,53.07391533600101,"[{""pnlR"": -1, ""price"": 1.3889, ""pnlUsd"": -10.33758270142827, ""reason"": ""SL"", ""percent"": 100, ""closedAt"": ""2026-05-08T14:03:34.981Z""}]",-1,-10.33758270142827,4.254183293041224,0,-14.5917659944695,0.08,,,,t,1.3889,2026-05-08 14:03:34.981,2026-05-08 13:16:37.26,2026-05-08 14:03:34.988,2026-05-08 23:55:00
64,54,AVAXUSDT,BUY,CLOSED,9.527,9.423,9.423,9.747000000000002,"[9.639000000000001, 9.747000000000002, 9.855000000000002]",516.8791350714137,10.33758270142827,946.9822153510376,99.39983366758031,18.32115384615398,51.68791350714137,"[{""pnlR"": 0.5384615384615516, ""price"": 9.639000000000001, ""pnlUsd"": 5.566390685384591, ""reason"": ""TP1"", ""percent"": 50, ""closedAt"": ""2026-05-08T14:18:32.698Z""}, {""pnlR"": 0.6346153846153965, ""price"": 9.747000000000002, ""pnlUsd"": 6.560389022060372, ""reason"": ""TP2"", ""percent"": 30, ""closedAt"": ""2026-05-08T15:54:33.496Z""}, {""pnlR"": 0.6307692307692414, ""price"": 9.855000000000002, ""pnlUsd"": 6.520629088593328, ""reason"": ""TP3"", ""percent"": 20, ""closedAt"": ""2026-05-08T18:17:46.608Z""}]",1.803846153846189,18.64740879603829,0.7725036993176606,0,17.87490509672063,0.08,,,,t,9.866,2026-05-08 18:17:46.608,2026-05-08 13:16:37.438,2026-05-08 18:17:46.616,2026-05-08 23:55:00
65,55,1000PEPEUSDT,BUY,EXPIRED,0.004166,0.004082,0.004082,0.004256,"[0.004256, 0.004343000000000001, 0.004430000000000001]",516.8791350714137,10.33758270142827,512.6948754065454,123066.4607312879,9.919047619047532,51.68791350714137,"[{""pnlR"": 0.5357142857142798, ""price"": 0.004256, ""pnlUsd"": 5.537990732907943, ""reason"": ""TP1"", ""percent"": 50, ""closedAt"": ""2026-05-08T14:43:10.430Z""}, {""pnlR"": 0.6321428571428549, ""price"": 0.004343000000000001, ""pnlUsd"": 6.534829064831421, ""reason"": ""TP2"", ""percent"": 30, ""closedAt"": ""2026-05-08T18:32:21.159Z""}, {""pnlR"": 0.3309523809523766, ""price"": 0.004305, ""pnlUsd"": 3.421247608329788, ""reason"": ""EXPIRED"", ""percent"": 20, ""closedAt"": ""2026-05-08T23:55:02.334Z""}]",1.498809523809511,15.49406740606915,0.4225511542500916,0,15.07151625181906,0.08,,,,t,0.004305,2026-05-08 23:55:01.787,2026-05-08 13:16:37.614,2026-05-08 23:55:02.334,2026-05-08 23:55:00
66,57,KASUSDT,BUY,CLOSED,0.03562,0.03488,0.03488,0.03562,"[0.03589999999999999, 0.03640999999999999, 0.03691999999999999]",516.6800126925673,10.33360025385135,497.4092446516029,13964.32466736673,9.627027027027058,51.66800126925673,"[{""pnlR"": 0.1891891891891821, ""price"": 0.03589999999999999, ""pnlUsd"": 1.955005453431263, ""reason"": ""TP1"", ""percent"": 50, ""closedAt"": ""2026-05-08T14:10:22.933Z""}, {""pnlR"": 0, ""price"": 0.03562, ""pnlUsd"": 0, ""reason"": ""SL"", ""percent"": 50, ""closedAt"": ""2026-05-08T15:18:38.977Z""}]",0.1891891891891821,1.955005453431263,0.3994914000840274,0,1.555514053347236,0.08,,,,t,0.03562,2026-05-08 15:18:38.977,2026-05-08 13:41:37.439,2026-05-08 15:18:39,2026-05-08 23:55:00
68,65,SOLUSDT,BUY,CLOSED,88.9,87.6,87.6,90.66000000000003,"[89.64000000000001, 90.66000000000003, 91.68000000000004]",509.0258691360014,10.18051738272003,696.1907656336944,7.831167217476876,13.67692307692296,50.90258691360015,"[{""pnlR"": 0.2846153846153856, ""price"": 89.64000000000001, ""pnlUsd"": 2.89753187046648, ""reason"": ""TP1"", ""percent"": 50, ""closedAt"": ""2026-05-08T16:24:45.940Z""}, {""pnlR"": 0.406153846153847, ""price"": 90.66000000000003, ""pnlUsd"": 4.134856290827836, ""reason"": ""TP2"", ""percent"": 30, ""closedAt"": ""2026-05-08T17:30:40.981Z""}, {""pnlR"": 0.4276923076923085, ""price"": 91.68000000000004, ""pnlUsd"": 4.35412897291719, ""reason"": ""TP3"", ""percent"": 20, ""closedAt"": ""2026-05-08T17:33:13.017Z""}]",1.118461538461541,11.38651713421151,0.5660618262143247,0,10.82045530799718,0.08,,,,t,91.73,2026-05-08 17:33:13.017,2026-05-08 14:33:48.312,2026-05-08 17:33:13.033,2026-05-08 23:55:00
69,69,TRUMPUSDT,BUY,CLOSED,2.402,2.373,2.373,2.456999999999999,"[2.428999999999999, 2.456999999999999, 2.484999999999999]",514.1553878282997,10.28310775656599,851.7249941817789,354.5899226402077,16.56551724137936,51.41553878282997,"[{""pnlR"": 0.4655172413792911, ""price"": 2.428999999999999, ""pnlUsd"": 4.786963955642592, ""reason"": ""TP1"", ""percent"": 50, ""closedAt"": ""2026-05-08T17:25:26.869Z""}, {""pnlR"": 0.5689655172413688, ""price"": 2.456999999999999, ""pnlUsd"": 5.850733723563303, ""reason"": ""TP2"", ""percent"": 30, ""closedAt"": ""2026-05-08T17:27:18.932Z""}, {""pnlR"": 0.572413793103442, ""price"": 2.484999999999999, ""pnlUsd"": 5.886192715827367, ""reason"": ""TP3"", ""percent"": 20, ""closedAt"": ""2026-05-08T17:34:41.044Z""}]",1.606896551724102,16.52389039503326,0.6945991076614498,0,15.82929128737181,0.08,,,,t,2.485,2026-05-08 17:34:41.044,2026-05-08 15:22:18.268,2026-05-08 17:34:41.059,2026-05-08 23:55:00
70,74,ZECUSDT,BUY,EXPIRED,584.65,561.32,561.32,597.38,"[597.38, 615.41, 633.4399999999999]",555.3176738268173,11.10635347653635,278.3253133329188,0.476054585363754,5.012001714530662,55.53176738268174,"[{""pnlR"": 0.2728246892413214, ""price"": 597.38, ""pnlUsd"": 3.030087435840298, ""reason"": ""TP1"", ""percent"": 50, ""closedAt"": ""2026-05-08T21:59:20.025Z""}, {""pnlR"": 0.3955422203171893, ""price"": 615.41, ""pnlUsd"": 4.39303171373672, ""reason"": ""TP2"", ""percent"": 30, ""closedAt"": ""2026-05-08T22:33:28.515Z""}, {""pnlR"": 0.2277753964852133, ""price"": 611.22, ""pnlUsd"": 2.529754066622994, ""reason"": ""EXPIRED"", ""percent"": 20, ""closedAt"": ""2026-05-08T23:55:02.143Z""}]",0.896142306043724,9.952873216200011,0.230622549239295,0,9.722250666960717,0.08,,,,t,611.22,2026-05-08 23:55:01.787,2026-05-08 17:37:18.285,2026-05-08 23:55:02.143,2026-05-08 23:55:00
71,75,ETHUSDT,BUY,EXPIRED,2308.98,2266.21,2266.21,2266.21,"[2320.91, 2348.26, 2375.61]",555.3176738268173,11.10635347653635,599.5872819792589,0.2596762561734008,10.79719429506664,55.53176738268174,"[{""pnlR"": -0.09141921907879018, ""price"": 2305.07, ""pnlUsd"": -1.015334161637959, ""reason"": ""EXPIRED"", ""percent"": 100, ""closedAt"": ""2026-05-08T23:55:02.281Z""}]",-0.09141921907879018,-1.015334161637959,0.4788575582540968,0,-1.494191719892056,0.08,,,,t,2305.07,2026-05-08 23:55:01.787,2026-05-08 17:37:18.462,2026-05-08 23:55:02.281,2026-05-08 23:55:00
72,76,DOGEUSDT,BUY,EXPIRED,0.10806,0.10564,0.10564,0.10564,"[0.11038, 0.11275, 0.11512]",545.2208804949304,10.90441760989861,486.9137879858021,4505.957690040737,8.930578512396675,54.52208804949304,"[{""pnlR"": 0.516528925619834, ""price"": 0.10931, ""pnlUsd"": 5.632447112550927, ""reason"": ""EXPIRED"", ""percent"": 100, ""closedAt"": ""2026-05-08T23:55:01.991Z""}]",0.516528925619834,5.632447112550927,0.3940369880786824,0,5.238410124472244,0.08,,,,t,0.10931,2026-05-08 23:55:01.787,2026-05-08 17:58:21.566,2026-05-08 23:55:01.991,2026-05-08 23:55:00
73,78,MUSDT,SELL,EXPIRED,3.6029,4.03,4.03,4.03,"[3.4312, 3.131799999999999, 2.832399999999999]",551.5847759257966,11.03169551851593,93.06039752671748,25.82930348516958,1.687145867478341,55.15847759257966,"[{""pnlR"": 0.208850386326387, ""price"": 3.5137, ""pnlUsd"": 2.303973870877125, ""reason"": ""EXPIRED"", ""percent"": 100, ""closedAt"": ""2026-05-08T23:55:02.211Z""}]",0.208850386326387,2.303973870877125,0.07260513892467228,0,2.231368731952453,0.08,,,,t,3.5137,2026-05-08 23:55:01.787,2026-05-08 18:17:46.981,2026-05-08 23:55:02.211,2026-05-08 23:55:00
74,79,AEROUSDT,BUY,CLOSED,0.4564,0.441,0.441,0.4564,"[0.457, 0.465, 0.473]",569.9276557774434,11.39855311554887,337.8116650608126,740.1657867239539,5.927272727272739,56.99276557774434,"[{""pnlR"": 0.01948051948052098, ""price"": 0.457, ""pnlUsd"": 0.2220497360172028, ""reason"": ""TP1"", ""percent"": 50, ""closedAt"": ""2026-05-08T19:31:03.817Z""}, {""pnlR"": 0, ""price"": 0.4564, ""pnlUsd"": 0, ""reason"": ""SL"", ""percent"": 50, ""closedAt"": ""2026-05-08T19:39:25.937Z""}]",0.01948051948052098,0.2220497360172028,0.2704269718374638,0,-0.04837723582026104,0.08,,,,t,0.4562,2026-05-08 19:39:25.937,2026-05-08 19:30:48.153,2026-05-08 19:39:25.951,2026-05-08 23:55:00
75,80,IPUSDT,BUY,EXPIRED,0.5592,0.5389,0.5389,0.5389,"[0.5748999999999999, 0.5928999999999998, 0.6108999999999997]",586.0025283555439,11.72005056711088,322.8498658683945,577.3423924685166,5.509359605911334,58.60025283555439,"[{""pnlR"": 0.1674876847290621, ""price"": 0.5626, ""pnlUsd"": 1.962964134392932, ""reason"": ""EXPIRED"", ""percent"": 100, ""closedAt"": ""2026-05-08T23:55:01.937Z""}]",0.1674876847290621,1.962964134392932,0.2598502640022299,0,1.703113870390702,0.08,,,,t,0.5626,2026-05-08 23:55:01.787,2026-05-08 22:38:21.768,2026-05-08 23:55:01.937,2026-05-08 23:55:00
76,81,VVVUSDT,BUY,CLOSED,15.522,13.619,13.619,15.522,"[16.687, 18.221, 19.755]",614.6380827203006,12.29276165440601,100.2670764055124,6.459675068001056,1.631318970047293,61.46380827203006,"[{""pnlR"": 0.3060956384655809, ""price"": 16.687, ""pnlUsd"": 3.762760727110618, ""reason"": ""TP1"", ""percent"": 50, ""closedAt"": ""2026-05-09T22:25:47.607Z""}, {""pnlR"": 0, ""price"": 15.522, ""pnlUsd"": 0, ""reason"": ""SL"", ""percent"": 50, ""closedAt"": ""2026-05-10T01:24:36.706Z""}]",0.3060956384655809,3.762760727110618,0.08322386970609842,0,3.67953685740452,0.08,,,,t,15.516,2026-05-10 01:24:36.706,2026-05-09 03:08:27.493,2026-05-10 01:24:36.706,2026-05-09 23:55:00
77,82,ORDIUSDT,BUY,CLOSED,5.662,5.504,5.504,5.77,"[5.77, 5.903, 6.036]",614.6380827203006,12.29276165440601,440.516560045865,77.8022889519366,7.16708860759492,61.46380827203006,"[{""pnlR"": 0.3417721518987323, ""price"": 5.77, ""pnlUsd"": 4.201323603404563, ""reason"": ""TP1"", ""percent"": 50, ""closedAt"": ""2026-05-09T11:16:59.690Z""}, {""pnlR"": 0.457594936708859, ""price"": 5.903, ""pnlUsd"": 5.625105491225009, ""reason"": ""TP2"", ""percent"": 30, ""closedAt"": ""2026-05-09T11:42:29.753Z""}, {""pnlR"": 0.1367088607594929, ""price"": 5.77, ""pnlUsd"": 1.680529441361825, ""reason"": ""SL"", ""percent"": 20, ""closedAt"": ""2026-05-09T11:54:37.989Z""}]",0.9360759493670843,11.5069585359914,0.3616188148654851,0,11.14533972112591,0.08,,,,t,5.769,2026-05-09 11:54:37.989,2026-05-09 03:13:26.648,2026-05-09 11:54:38.011,2026-05-09 23:55:00
78,83,BLURUSDT,BUY,SL_HIT,0.02692,0.026204,0.026204,0.026204,"[0.027398, 0.02799499999999999, 0.02859199999999999]",614.6380827203006,12.29276165440601,462.1803683472219,17168.66152850007,7.519553072625721,61.46380827203006,"[{""pnlR"": -1, ""price"": 0.026204, ""pnlUsd"": -12.29276165440601, ""reason"": ""SL"", ""percent"": 100, ""closedAt"": ""2026-05-09T12:32:53.581Z""}]",-1,-12.29276165440601,0.3599100853542527,0,-12.65267173976027,0.08,,,,t,0.026203,2026-05-09 12:32:53.581,2026-05-09 03:18:25.135,2026-05-09 12:32:53.627,2026-05-09 23:55:00
79,85,AEROUSDT,BUY,CLOSED,0.4663,0.4541,0.4541,0.4778000000000001,"[0.4699, 0.4778000000000001, 0.4857000000000001]",614.6380827203006,12.29276165440601,469.8454720860269,1007.603414295576,7.644262295081973,61.46380827203006,"[{""pnlR"": 0.1475409836065572, ""price"": 0.4699, ""pnlUsd"": 1.813686145732033, ""reason"": ""TP1"", ""percent"": 50, ""closedAt"": ""2026-05-09T03:46:47.221Z""}, {""pnlR"": 0.2827868852459049, ""price"": 0.4778000000000001, ""pnlUsd"": 3.476231779319774, ""reason"": ""TP2"", ""percent"": 30, ""closedAt"": ""2026-05-09T04:01:25.485Z""}, {""pnlR"": 0.3180327868852476, ""price"": 0.4857000000000001, ""pnlUsd"": 3.909501247466852, ""reason"": ""TP3"", ""percent"": 20, ""closedAt"": ""2026-05-09T05:04:32.524Z""}]",0.7483606557377097,9.19941917251866,0.3832359130068366,0,8.816183259511822,0.08,,,,t,0.4859,2026-05-09 05:04:32.524,2026-05-09 03:43:24.555,2026-05-09 05:04:32.549,2026-05-09 23:55:00
80,86,HYPEUSDT,BUY,SL_HIT,44.304,43.18,43.18,43.18,"[44.818, 45.63700000000001, 46.45600000000001]",619.6230676088774,12.39246135217755,488.4658431911681,11.02532148770242,7.883274021352297,61.96230676088773,"[{""pnlR"": -1, ""price"": 43.18, ""pnlUsd"": -12.39246135217755, ""reason"": ""SL"", ""percent"": 100, ""closedAt"": ""2026-05-09T14:40:16.574Z""}]",-1,-12.39246135217755,0.3808587054711924,0,-12.77332005764874,0.08,,,,t,43.18,2026-05-09 14:40:16.574,2026-05-09 04:08:24.141,2026-05-09 14:40:16.589,2026-05-09 23:55:00
82,88,ETHUSDT,BUY,SL_HIT,2321.44,2303.09,2303.09,2303.09,"[2336.11, 2352.619999999999, 2369.129999999999]",619.3795506505147,12.38759101301029,1567.141650203965,0.6750730797280847,25.30179836512274,61.93795506505148,"[{""pnlR"": -1, ""price"": 2303.09, ""pnlUsd"": -12.38759101301029, ""reason"": ""SL"", ""percent"": 100, ""closedAt"": ""2026-05-09T15:09:07.268Z""}]",-1,-12.38759101301029,1.243803247352764,0,-13.63139426036306,0.08,,,,t,2302.29,2026-05-09 15:09:07.268,2026-05-09 04:13:23.544,2026-05-09 15:09:07.274,2026-05-09 23:55:00
83,89,SOLUSDT,BUY,EXPIRED,93.88,91.79,91.79,91.79,"[95.86999999999999, 97.90999999999998, 99.94999999999997]",619.3795506505147,12.38759101301029,556.4339924887141,5.927077039717875,8.983732057416315,61.93795506505147,"[{""pnlR"": -0.3588516746411502, ""price"": 93.13, ""pnlUsd"": -4.445307779788406, ""reason"": ""EXPIRED"", ""percent"": 100, ""closedAt"": ""2026-05-09T23:55:01.444Z""}]",-0.3588516746411502,-4.445307779788406,0.4415909477671406,0,-4.886898727555547,0.08,,,,t,93.13,2026-05-09 23:55:01.341,2026-05-09 04:13:23.735,2026-05-09 23:55:01.444,2026-05-09 23:55:00
84,90,SEIUSDT,BUY,EXPIRED,0.06877,0.06522,0.06522,0.06522,"[0.0718, 0.07509, 0.07838]",619.3795506505147,12.38759101301029,239.9703194266812,3489.462257186,3.8743661971831,61.93795506505148,"[{""pnlR"": 0.4535211267605638, ""price"": 0.07038, ""pnlUsd"": 5.618034234069461, ""reason"": ""EXPIRED"", ""percent"": 100, ""closedAt"": ""2026-05-09T23:55:01.341Z""}]",0.4535211267605638,5.618034234069461,0.1964706829286005,0,5.421563551140861,0.08,,,,t,0.07038,2026-05-09 23:55:01.341,2026-05-09 04:13:23.912,2026-05-09 23:55:01.341,2026-05-09 23:55:00
85,91,ZECUSDT,BUY,SL_HIT,623.72,597.25,597.25,597.25,"[646.31, 670.8399999999999, 695.3699999999999]",619.3795506505147,12.38759101301029,291.892265456546,0.4679860601817258,4.712655836796368,61.93795506505148,"[{""pnlR"": -1, ""price"": 597.25, ""pnlUsd"": -12.38759101301029, ""reason"": ""SL"", ""percent"": 100, ""closedAt"": ""2026-05-09T12:14:32.352Z""}]",-1,-12.38759101301029,0.2236037395548286,0,-12.61119475256512,0.08,,,,t,595.57,2026-05-09 12:14:32.352,2026-05-09 04:38:23.044,2026-05-09 12:14:32.374,2026-05-09 23:55:00
86,92,TSTBSCUSDT,BUY,CLOSED,0.023091,0.021843,0.021843,0.023091,"[0.023473, 0.024288, 0.025103]",623.2107490214498,12.464214980429,230.617939193178,9987.351747138626,3.700480769230772,62.32107490214499,"[{""pnlR"": 0.1530448717948721, ""price"": 0.023473, ""pnlUsd"": 1.907584183703479, ""reason"": ""TP1"", ""percent"": 50, ""closedAt"": ""2026-05-09T07:03:24.464Z""}, {""pnlR"": 0, ""price"": 0.023091, ""pnlUsd"": 0, ""reason"": ""SL"", ""percent"": 50, ""closedAt"": ""2026-05-09T07:19:12.741Z""}]",0.1530448717948721,1.907584183703479,0.1860204187015052,0,1.721563765001974,0.08,,,,t,0.023091,2026-05-09 07:19:12.741,2026-05-09 05:23:23.071,2026-05-09 07:19:12.764,2026-05-09 23:55:00
87,93,ETCUSDT,BUY,SL_HIT,9.851,9.713,9.713,9.713,"[9.949, 10.067, 10.185]",623.2107490214498,12.464214980429,889.74624472612,90.32039840890468,14.27681159420273,62.32107490214499,"[{""pnlR"": -1, ""price"": 9.713, ""pnlUsd"": -12.464214980429, ""reason"": ""SL"", ""percent"": 100, ""closedAt"": ""2026-05-09T07:42:19.391Z""}]",-1,-12.464214980429,0.7018256237965529,0,-13.16604060422555,0.08,,,,t,9.709,2026-05-09 07:42:19.391,2026-05-09 05:48:22.116,2026-05-09 07:42:19.396,2026-05-09 23:55:00
88,98,ARBUSDT,BUY,CLOSED,0.14739,0.14222,0.14222,0.14739,"[0.14914, 0.1526, 0.15606]",624.9323127864518,12.49864625572904,356.3202072788993,2417.533124899242,5.701740812379131,62.49323127864518,"[{""pnlR"": 0.169245647969053, ""price"": 0.14914, ""pnlUsd"": 2.115341484286839, ""reason"": ""TP1"", ""percent"": 50, ""closedAt"": ""2026-05-09T08:13:43.434Z""}, {""pnlR"": 0, ""price"": 0.14739, ""pnlUsd"": 0, ""reason"": ""SL"", ""percent"": 50, ""closedAt"": ""2026-05-09T08:46:51.334Z""}]",0.169245647969053,2.115341484286839,0.2867484390105489,0,1.82859304527629,0.08,,,,t,0.14735,2026-05-09 08:46:51.334,2026-05-09 07:28:23.531,2026-05-09 08:46:51.338,2026-05-09 23:55:00
89,99,DYDXUSDT,SELL,EXPIRED,0.1744,0.18257,0.18257,0.18257,"[0.16729, 0.15965, 0.15201]",613.7373933104141,12.27474786620828,262.0215456385216,1502.417119486936,4.269277845777228,61.37373933104141,"[{""pnlR"": 0.5091799265605865, ""price"": 0.17024, ""pnlUsd"": 6.250055217065649, ""reason"": ""EXPIRED"", ""percent"": 100, ""closedAt"": ""2026-05-09T23:55:01.659Z""}]",0.5091799265605865,6.250055217065649,0.2046171923371648,0,6.045438024728484,0.08,,,,t,0.17024,2026-05-09 23:55:01.341,2026-05-09 08:21:23.326,2026-05-09 23:55:01.659,2026-05-09 23:55:00
90,101,KASUSDT,SELL,SL_HIT,0.03638,0.03684,0.03684,0.03684,"[0.03594, 0.03549, 0.03504]",613.8383821858652,12.2767676437173,970.9321888661744,26688.6253124292,16.63720547965176,58.35909101763991,"[{""pnlR"": -1, ""price"": 0.03684, ""pnlUsd"": -12.2767676437173, ""reason"": ""SL"", ""percent"": 100, ""closedAt"": ""2026-05-09T22:05:01.320Z""}]",-1,-12.2767676437173,0.7865671652079135,0,-13.06333480892522,0.08,,,,t,0.03684,2026-05-09 22:05:01.32,2026-05-09 09:25:56.56,2026-05-09 22:05:01.327,2026-05-09 23:55:00
91,111,SHIB1000USDT,SELL,CLOSED,0.006418,0.006509,0.006509,0.006418,"[0.006345000000000001, 0.006263000000000001, 0.006181000000000002]",624.983721906991,12.49967443813982,881.5704455382574,137359.0597597783,14.10549450549452,62.4983721906991,"[{""pnlR"": 0.4010989010988975, ""price"": 0.006345000000000001, ""pnlUsd"": 5.013605681231859, ""reason"": ""TP1"", ""percent"": 50, ""closedAt"": ""2026-05-09T14:27:22.735Z""}, {""pnlR"": 0, ""price"": 0.006418, ""pnlUsd"": 0, ""reason"": ""SL"", ""percent"": 50, ""closedAt"": ""2026-05-09T17:33:43.361Z""}]",0.4010989010988975,5.013605681231859,0.7012454718856203,0,4.312360209346238,0.08,,,,t,0.006418,2026-05-09 17:33:43.361,2026-05-09 11:58:42.893,2026-05-09 17:33:43.382,2026-05-09 23:55:00
92,112,SANDUSDT,SELL,EXPIRED,0.08122,0.08416,0.08416,0.08416,"[0.07906, 0.07651000000000001, 0.07396000000000001]",612.3725271544259,12.24745054308852,338.3462357515816,4165.799504451879,5.69246738453746,59.43753611494321,"[{""pnlR"": 0.5068027210884375, ""price"": 0.07973, ""pnlUsd"": 6.207041261633321, ""reason"": ""EXPIRED"", ""percent"": 100, ""closedAt"": ""2026-05-09T23:55:01.717Z""}]",0.5068027210884375,6.207041261633321,0.2657113555919586,0,5.941329906041362,0.08,,,,t,0.07973,2026-05-09 23:55:01.341,2026-05-09 12:15:21.95,2026-05-09 23:55:01.717,2026-05-09 23:55:00
93,113,1000PEPEUSDT,SELL,CLOSED,0.004295,0.004369,0.004369,0.004295,"[0.004239, 0.004174, 0.004109]",599.7198554146656,11.99439710829331,696.1612916232459,162086.4474093704,14.26234546214678,48.81113653226987,"[{""pnlR"": 0.3783783783783847, ""price"": 0.004239, ""pnlUsd"": 4.538420527462411, ""reason"": ""TP1"", ""percent"": 50, ""closedAt"": ""2026-05-09T15:07:27.242Z""}, {""pnlR"": -0.008706081081081606, ""price"": 0.0042962885, ""pnlUsd"": -0.1044241937434923, ""reason"": ""SL"", ""percent"": 50, ""closedAt"": ""2026-05-10T15:40:49.185Z""}]",0.3696722972973031,4.433996333718919,0.4489263152300116,0.1044241937434923,3.985070018488907,0.08,,,,t,0.004295,2026-05-10 15:39:59.999,2026-05-09 12:33:18.647,2026-05-10 15:40:49.375,2026-05-09 23:55:00
94,123,STRKUSDT,SELL,CLOSED,0.05417,0.05658,0.05658,0.05417,"[0.05298000000000001, 0.05118000000000001, 0.04938000000000001]",591.6115237445783,11.83223047489157,265.9551555289948,4909.63920119983,4.495435684647312,59.16115237445783,"[{""pnlR"": 0.2468879668049776, ""price"": 0.05298000000000001, ""pnlUsd"": 2.921235324713873, ""reason"": ""TP1"", ""percent"": 50, ""closedAt"": ""2026-05-09T15:10:38.984Z""}, {""pnlR"": 0, ""price"": 0.05417, ""pnlUsd"": 0, ""reason"": ""SL"", ""percent"": 50, ""closedAt"": ""2026-05-09T21:16:36.568Z""}]",0.2468879668049776,2.921235324713873,0.2104271361634247,0,2.710808188550448,0.08,,,,t,0.0542,2026-05-09 21:16:36.568,2026-05-09 14:40:16.976,2026-05-09 21:16:36.59,2026-05-09 23:55:00
95,126,STXUSDT,SELL,EXPIRED,0.2643,0.2743,0.2743,0.2743,"[0.2553, 0.2458, 0.2363]",585.0609064822123,11.70121812964425,309.2631951664971,1170.121812964423,5.285999999999994,58.50609064822123,"[{""pnlR"": 0.02999999999999667, ""price"": 0.264, ""pnlUsd"": 0.3510365438892882, ""reason"": ""EXPIRED"", ""percent"": 100, ""closedAt"": ""2026-05-09T23:55:01.781Z""}]",0.02999999999999667,0.3510365438892882,0.2471297268980862,0,0.1039068169912021,0.08,,,,t,0.264,2026-05-09 23:55:01.341,2026-05-09 15:49:22.305,2026-05-09 23:55:01.781,2026-05-09 23:55:00
96,134,AAVEUSDT,SELL,EXPIRED,95.46,99.5,99.5,99.5,"[91.68, 87.77000000000001, 83.86000000000001]",584.708278303997,11.69416556607994,276.3180804301953,2.894595437148495,4.725742574257418,58.47082783039969,"[{""pnlR"": -0.05198019801980387, ""price"": 95.67, ""pnlUsd"": -0.6078650418012069, ""reason"": ""EXPIRED"", ""percent"": 100, ""closedAt"": ""2026-05-09T23:55:01.840Z""}]",-0.05198019801980387,-0.6078650418012069,0.2215407563775972,0,-0.8294057981788041,0.08,,,,t,95.67,2026-05-09 23:55:01.341,2026-05-09 17:39:45.101,2026-05-09 23:55:01.84,2026-05-09 23:55:00
97,140,POLUSDT,SELL,EXPIRED,0.10084,0.10398,0.10398,0.10398,"[0.09806, 0.09509999999999999, 0.09213999999999999]",584.6018962417853,11.69203792483571,375.4857020192455,3723.578956954042,6.422929936305724,58.46018962417853,"[{""pnlR"": -0.02547770700636836, ""price"": 0.10092, ""pnlUsd"": -0.2978863165563112, ""reason"": ""EXPIRED"", ""percent"": 100, ""closedAt"": ""2026-05-09T23:55:01.492Z""}]",-0.02547770700636836,-0.2978863165563112,0.3006268706686415,0,-0.5985131872249527,0.08,,,,t,0.10092,2026-05-09 23:55:01.341,2026-05-09 21:16:37.058,2026-05-09 23:55:01.492,2026-05-09 23:55:00
98,142,ENAUSDT,SELL,EXPIRED,0.13021,0.13511,0.13511,0.13511,"[0.12565, 0.12092, 0.11619]",571.5385614328601,11.4307712286572,303.755249323153,2332.810454827993,5.314693877551003,57.15385614328601,"[{""pnlR"": 0.06326530612244974, ""price"": 0.1299, ""pnlUsd"": 0.7231712409966888, ""reason"": ""EXPIRED"", ""percent"": 100, ""closedAt"": ""2026-05-09T23:55:01.584Z""}]",0.06326530612244974,0.7231712409966888,0.242425662465725,0,0.4807455785309638,0.08,,,,t,0.1299,2026-05-09 23:55:01.341,2026-05-09 22:21:43.374,2026-05-09 23:55:01.584,2026-05-09 23:55:00
99,146,POLUSDT,BUY,CLOSED,0.10169,0.10018,0.10018,0.10306,"[0.10306, 0.1045, 0.10594]",586.8962644547382,11.73792528909476,790.4831938066548,7773.460456354162,13.46887417218545,58.68962644547382,"[{""pnlR"": 0.4536423841059598, ""price"": 0.10306, ""pnlUsd"": 5.324820412602586, ""reason"": ""TP1"", ""percent"": 50, ""closedAt"": ""2026-05-10T14:05:00.000Z""}, {""pnlR"": 0.5582781456953638, ""price"": 0.1045, ""pnlUsd"": 6.553027164706542, ""reason"": ""TP2"", ""percent"": 30, ""closedAt"": ""2026-05-10T23:48:15.749Z""}, {""pnlR"": 0.1773618543046368, ""price"": 0.103029082, ""pnlUsd"": 2.081860194963137, ""reason"": ""SL"", ""percent"": 20, ""closedAt"": ""2026-05-11T03:14:04.822Z""}]",1.189282384105961,13.95970777227227,0.2089421300026736,0.04806797007789745,13.75076564226959,0.08,,,,t,0.10304,2026-05-11 03:09:59.999,2026-05-10 03:05:13.351,2026-05-11 03:14:04.925,2026-05-10 23:55:00
100,148,STXUSDT,BUY,CLOSED,0.2646,0.2609,0.2609,0.2646,"[0.2676999999999999, 0.2710999999999999, 0.2744999999999999]",586.8962644547382,11.73792528909476,839.4202787822949,3172.412240295899,14.30270270270278,58.68962644547382,"[{""pnlR"": 0.4189189189189049, ""price"": 0.2676999999999999, ""pnlUsd"": 4.917238972458454, ""reason"": ""TP1"", ""percent"": 50, ""closedAt"": ""2026-05-10T14:06:02.623Z""}, {""pnlR"": -0.01072702702702948, ""price"": 0.26452062, ""pnlUsd"": -0.1259130418173724, ""reason"": ""SL"", ""percent"": 50, ""closedAt"": ""2026-05-10T14:21:26.292Z""}]",0.4081918918918754,4.791325930641082,0.2947175888473862,0.1259130418173724,4.496608341793696,0.08,,,,t,0.2646,2026-05-10 14:19:59.999,2026-05-10 04:05:13.422,2026-05-10 14:21:26.381,2026-05-10 23:55:00
101,149,KASUSDT,SELL,SL_HIT,0.03688,0.03766,0.03766,0.03766,"[0.03641999999999999, 0.03579999999999999, 0.03517999999999999]",586.8962644547382,11.73792528909476,554.9931854638681,15048.62216550619,9.456410256410306,58.68962644547381,"[{""pnlR"": -1.014484615384615, ""price"": 0.037671298, ""pnlUsd"": -11.90794462232066, ""reason"": ""SL"", ""percent"": 100, ""closedAt"": ""2026-05-10T15:02:02.729Z""}]",-1.014484615384615,-11.90794462232066,0.2834505650430945,0.1700193332258869,-12.19139518736375,0.08,,,,t,0.03767,2026-05-10 14:59:59.999,2026-05-10 04:15:13.425,2026-05-10 15:02:02.91,2026-05-10 23:55:00
102,150,MUSDT,SELL,SL_HIT,3.3684,3.419,3.419,3.419,"[3.3308, 3.286699999999999, 3.242599999999999]",586.8962644547382,11.73792528909476,781.3839435530958,231.9748080848759,13.31383399209481,58.68962644547382,"[{""pnlR"": -1.020270750988143, ""price"": 3.4200257, ""pnlUsd"": -11.97586184974743, ""reason"": ""SL"", ""percent"": 100, ""closedAt"": ""2026-05-10T11:33:20.064Z""}]",-1.020270750988143,-11.97586184974743,0.3966799027014217,0.2379365606526614,-12.37254175244885,0.08,,,,t,3.4197,2026-05-10 11:29:59.999,2026-05-10 05:00:13.013,2026-05-10 11:33:20.064,2026-05-10 23:55:00
103,151,AAVEUSDT,BUY,CLOSED,96.44,94.79,94.79,96.44,"[97.86999999999999, 99.40999999999998, 100.95]",586.8962644547382,11.73792528909476,686.063948412306,7.113894114602925,11.68969696969703,58.68962644547382,"[{""pnlR"": 0.4333333333333333, ""price"": 97.86999999999999, ""pnlUsd"": 5.086434291941065, ""reason"": ""TP1"", ""percent"": 50, ""closedAt"": ""2026-05-10T08:05:30.895Z""}, {""pnlR"": 0, ""price"": 96.44, ""pnlUsd"": 0, ""reason"": ""SL"", ""percent"": 50, ""closedAt"": ""2026-05-10T08:34:19.298Z""}]",0.4333333333333333,5.086434291941065,0.5529203061633977,0,4.533513985777667,0.08,,,,t,96.41,2026-05-10 08:34:19.298,2026-05-10 05:45:13.192,2026-05-10 08:34:19.308,2026-05-10 23:55:00
104,152,SHIB1000USDT,BUY,CLOSED,0.006416,0.006304,0.006304,0.006568000000000001,"[0.006480000000000001, 0.006568000000000001, 0.006656000000000001]",586.8962644547382,11.73792528909476,672.4154344181422,104802.9043669174,11.45714285714284,58.68962644547383,"[{""pnlR"": 0.2857142857142924, ""price"": 0.006480000000000001, ""pnlUsd"": 3.353692939741438, ""reason"": ""TP1"", ""percent"": 50, ""closedAt"": ""2026-05-10T12:46:06.876Z""}, {""pnlR"": 0.4071428571428596, ""price"": 0.006568000000000001, ""pnlUsd"": 4.779012439131467, ""reason"": ""TP2"", ""percent"": 30, ""closedAt"": ""2026-05-10T14:56:02.942Z""}, {""pnlR"": 0.4285714285714308, ""price"": 0.006656000000000001, ""pnlUsd"": 5.030539409612067, ""reason"": ""TP3"", ""percent"": 20, ""closedAt"": ""2026-05-10T18:21:14.609Z""}]",1.121428571428583,13.16324478848497,0.1371157358413254,0,13.02612905264365,0.08,,,,t,0.006657,2026-05-10 18:19:59.999,2026-05-10 05:55:12.585,2026-05-10 18:21:14.698,2026-05-10 23:55:00
105,153,SIRENUSDT,SELL,CLOSED,1.19694,1.31182,1.31182,1.19694,"[1.09964, 0.9935499999999999, 0.8874599999999999]",586.8962644547382,11.73792528909476,122.2979830738952,102.1755335053513,2.083809192200555,58.68962644547382,"[{""pnlR"": 0.4234853760445677, ""price"": 1.09964, ""pnlUsd"": 4.970839705035337, ""reason"": ""TP1"", ""percent"": 50, ""closedAt"": ""2026-05-10T20:49:44.165Z""}, {""pnlR"": -0.001562856894149979, ""price"": 1.197299082, ""pnlUsd"": -0.01834469746107914, ""reason"": ""SL"", ""percent"": 50, ""closedAt"": ""2026-05-11T07:27:24.596Z""}]",0.4219225191504177,4.952495007574258,0.04181929848358679,0.01834469746107914,4.910675709090671,0.08,,,,t,1.19652,2026-05-11 07:24:59.999,2026-05-10 06:10:12.758,2026-05-11 07:27:25.053,2026-05-10 23:55:00
106,154,ORDIUSDT,SELL,CLOSED,5.389,5.626,5.626,5.022999999999999,"[5.223999999999999, 5.022999999999999, 4.821999999999998]",586.8962644547382,11.73792528909476,266.9016007718636,49.52711092445046,4.547679324894514,58.68962644547382,"[{""pnlR"": 0.3481012658227866, ""price"": 5.223999999999999, ""pnlUsd"": 4.085986651267186, ""reason"": ""TP1"", ""percent"": 50, ""closedAt"": ""2026-05-10T20:44:28.444Z""}, {""pnlR"": 0.4632911392405079, ""price"": 5.022999999999999, ""pnlUsd"": 5.438076779504682, ""reason"": ""TP2"", ""percent"": 30, ""closedAt"": ""2026-05-11T14:23:07.857Z""}, {""pnlR"": 0.4784810126582293, ""price"": 4.821999999999998, ""pnlUsd"": 5.616374378832702, ""reason"": ""TP3"", ""percent"": 20, ""closedAt"": ""2026-05-11T23:03:18.713Z""}]",1.289873417721524,15.14043780960457,0.0503522325924518,0,15.09008557701212,0.08,,,,t,4.823,2026-05-11 22:59:59.999,2026-05-10 06:15:13.713,2026-05-11 23:03:18.82,2026-05-10 23:55:00
107,155,ZECUSDT,BUY,CLOSED,611.87,592.61,592.61,592.61,"[630.2499999999999, 649.0699999999998, 667.8899999999998]",586.8962644547382,11.73792528909476,372.9015756302397,0.609445757481556,6.353790238836971,58.68962644547382,"[{""pnlR"": -1, ""price"": 592.61, ""pnlUsd"": -11.73792528909476, ""reason"": ""MANUAL"", ""percent"": 100, ""closedAt"": ""2026-05-10T11:33:55.173Z""}]",-1,-11.73792528909476,0.1805818251705725,0,-11.91850711426534,0.08,,,,t,592.61,2026-05-10 11:33:55.175,2026-05-10 06:25:09.328,2026-05-10 11:33:55.175,2026-05-10 23:55:00
108,160,USELESSUSDT,BUY,CLOSED,0.05141,0.04966,0.04966,0.05365,"[0.05232, 0.05365, 0.05497999999999999]",591.4297784405159,11.82859556881032,347.4903418243088,6759.197467891631,5.87542857142859,59.14297784405159,"[{""pnlR"": 0.2600000000000011, ""price"": 0.05232, ""pnlUsd"": 3.075434847890696, ""reason"": ""TP1"", ""percent"": 50, ""closedAt"": ""2026-05-10T13:27:03.738Z""}, {""pnlR"": 0.3840000000000022, ""price"": 0.05365, ""pnlUsd"": 4.542180698423188, ""reason"": ""TP2"", ""percent"": 30, ""closedAt"": ""2026-05-10T15:01:21.839Z""}, {""pnlR"": 0.4080000000000001, ""price"": 0.05497999999999999, ""pnlUsd"": 4.826066992074611, ""reason"": ""TP3"", ""percent"": 20, ""closedAt"": ""2026-05-10T17:31:08.201Z""}]",1.052000000000003,12.44368253838849,0.07198680487253944,0,12.37169573351595,0.08,,,,t,0.05498,2026-05-10 17:29:59.999,2026-05-10 08:34:19.643,2026-05-10 17:31:08.367,2026-05-10 23:55:00
109,170,1000BONKUSDT,BUY,CLOSED,0.0072741816,0.007128,0.007128,0.007551000000000001,"[0.007410000000000001, 0.007551000000000001, 0.007692000000000002]",567.138729573802,11.34277459147604,564.4308327878656,77593.72309152491,9.952253361572195,56.71387295738021,"[{""pnlR"": 0.4645536784383252, ""price"": 0.007410000000000001, ""pnlUsd"": 5.269327660166997, ""reason"": ""TP1"", ""percent"": 50, ""closedAt"": ""2026-05-10T16:23:02.638Z""}, {""pnlR"": 0.5680983105944927, ""price"": 0.007551000000000001, ""pnlUsd"": 6.443811082871713, ""reason"": ""TP2"", ""percent"": 30, ""closedAt"": ""2026-05-10T17:00:07.514Z""}, {""pnlR"": 0.5716429427506602, ""price"": 0.007692000000000002, ""pnlUsd"": 6.48401704642882, ""reason"": ""TP3"", ""percent"": 20, ""closedAt"": ""2026-05-10T17:26:45.823Z""}]",1.604294931783478,18.19715578946753,0.3987410141093995,0.1692784662964507,17.79841477535813,0.08,0.05,0.02,0.03,t,0.007697,2026-05-10 17:24:59.999,2026-05-10 11:41:13.545,2026-05-10 17:26:45.933,2026-05-10 23:55:00
110,171,LDOUSDT,BUY,CLOSED,0.40082021,0.3906,0.3906,0.4154999999999999,"[0.4072, 0.4154999999999999, 0.4237999999999999]",566.8565141574081,11.33713028314816,444.6240283603569,1109.285453346668,7.843678554550244,56.68565141574081,"[{""pnlR"": 0.3121163850840634, ""price"": 0.4072, ""pnlUsd"": 3.538504121203268, ""reason"": ""TP1"", ""percent"": 50, ""closedAt"": ""2026-05-10T13:20:26.094Z""}, {""pnlR"": 0.4309047465756546, ""price"": 0.4154999999999999, ""pnlUsd"": 4.885223251555137, ""reason"": ""TP2"", ""percent"": 30, ""closedAt"": ""2026-05-10T15:43:01.300Z""}, {""pnlR"": 0.4496931080672486, ""price"": 0.4237999999999999, ""pnlUsd"": 5.098229353592221, ""reason"": ""TP3"", ""percent"": 20, ""closedAt"": ""2026-05-10T19:47:22.574Z""}]",1.192714239726967,13.52195672635063,0.3139412111975198,0.1333472043468135,13.20801551515311,0.08,0.05,0.02,0.03,t,0.4239,2026-05-10 19:44:59.999,2026-05-10 12:06:34.025,2026-05-10 19:47:22.833,2026-05-10 23:55:00
111,177,AEROUSDT,BUY,CLOSED,0.51955582,0.4919,0.4919,0.51955582,"[0.5205, 0.5347999999999999, 0.5490999999999999]",586.4769184325484,11.72953836865097,220.3568697419175,424.1254957781389,3.75729824680664,58.64769184325483,"[{""pnlR"": 0.01707018631159664, ""price"": 0.5205, ""pnlUsd"": 0.2002254053018933, ""reason"": ""TP1"", ""percent"": 50, ""closedAt"": ""2026-05-10T14:24:42.605Z""}, {""pnlR"": -0.002817973685104772, ""price"": 0.519399953254, ""pnlUsd"": -0.03305353046128519, ""reason"": ""SL"", ""percent"": 50, ""closedAt"": ""2026-05-10T14:28:04.823Z""}]",0.01425221262649187,0.1671718748406081,0.1873268575964595,0.09914076521344696,-0.0201549827558514,0.08,0.05,0.02,0.03,t,0.5201,2026-05-10 14:24:59.999,2026-05-10 14:21:26.786,2026-05-10 14:28:04.998,2026-05-10 23:55:00
112,178,IPUSDT,SELL,SL_HIT,0.56922918,0.5905,0.5905,0.5905,"[0.5509, 0.5310999999999999, 0.5112999999999999]",586.4567634497924,11.72913526899585,313.8838113095583,551.4190458569926,5.352207202167094,58.64567634497926,"[{""pnlR"": -1.008328310803249, ""price"": 0.59067715, ""pnlUsd"": -11.82681915296939, ""reason"": ""SL"", ""percent"": 100, ""closedAt"": ""2026-05-10T18:54:05.885Z""}]",-1.008328310803249,-11.82681915296939,0.3197972208860431,0.1918772853868441,-12.14661637385544,0.08,0.05,0.02,0.03,t,0.5904,2026-05-10 18:49:59.999,2026-05-10 14:29:44.876,2026-05-10 18:54:06.129,2026-05-10 23:55:00
113,179,ETHUSDT,BUY,CLOSED,2333.389807,2316.83,2316.83,2352.65,"[2340.71, 2352.65, 2364.59]",583.3665609091265,11.66733121818253,1644.006584098466,0.7045571979300523,28.18136475865917,58.33665609091265,"[{""pnlR"": 0.2210228959794029, ""price"": 2340.71, ""pnlUsd"": 2.578747334193598, ""reason"": ""TP1"", ""percent"": 50, ""closedAt"": ""2026-05-10T15:36:25.721Z""}, {""pnlR"": 0.3489206063814627, ""price"": 2352.65, ""pnlUsd"": 4.070972283501618, ""reason"": ""TP2"", ""percent"": 30, ""closedAt"": ""2026-05-10T17:05:33.201Z""}, {""pnlR"": 0.3768183167835224, ""price"": 2364.59, ""pnlUsd"": 4.396464110991384, ""reason"": ""TP3"", ""percent"": 20, ""closedAt"": ""2026-05-10T17:52:32.366Z""}]",0.946761819144388,11.0461837286866,1.153013845614663,0.493054059011811,9.893169883071938,0.08,0.05,0.02,0.03,t,2365.01,2026-05-10 17:49:59.999,2026-05-10 15:02:03.243,2026-05-10 17:52:32.463,2026-05-10 23:55:00
114,180,FARTCOINUSDT,BUY,CLOSED,0.260067997,0.24854,0.24854,0.260067997,"[0.26226, 0.26912, 0.27598]",584.6798718146481,11.69359743629296,263.8038909084596,1014.365065873367,4.511937277568693,58.46798718146481,"[{""pnlR"": 0.0950730209246238, ""price"": 0.26226, ""pnlUsd"": 1.111745633744808, ""reason"": ""TP1"", ""percent"": 50, ""closedAt"": ""2026-05-10T17:27:02.279Z""}, {""pnlR"": -0.003383952958175968, ""price"": 0.2599899766009, ""pnlUsd"": -0.03957058363626248, ""reason"": ""SL"", ""percent"": 50, ""closedAt"": ""2026-05-10T20:31:23.559Z""}]",0.09168906796644784,1.072175050108545,0.2244358711071215,0.1186880156791838,0.8477391790014239,0.08,0.05,0.02,0.03,t,0.25994,2026-05-10 20:29:59.999,2026-05-10 15:40:49.828,2026-05-10 20:31:23.67,2026-05-10 23:55:00
115,186,DYDXUSDT,BUY,SL_HIT,0.17315193,0.16827,0.16827,0.16827,"[0.17633, 0.18036, 0.18439]",617.3540315806785,12.34708063161357,437.9253371575393,2529.139219860496,7.093585119000058,61.73540315806785,"[{""pnlR"": -1.010340377678498, ""price"": 0.168219519, ""pnlUsd"": -12.47475410857132, ""reason"": ""SL"", ""percent"": 100, ""closedAt"": ""2026-05-10T20:45:29.941Z""}]",-1.010340377678498,-12.47475410857132,0.4316879601032535,0.2590116766451249,-12.90644206867458,0.08,0.05,0.02,0.03,t,0.16792,2026-05-10 20:44:59.999,2026-05-10 17:33:58.14,2026-05-10 20:45:30.033,2026-05-10 23:55:00
116,187,VVVUSDT,SELL,EXPIRED,14.4866527,16.226,16.226,16.226,"[13.774, 12.548, 11.322]",617.1350689120997,12.34270137824199,102.7997273726778,7.096168418027844,1.665757344723508,61.71350689120996,"[{""pnlR"": -0.2068591476814314, ""price"": 14.8464526, ""pnlUsd"": -2.553200687189567, ""reason"": ""EXPIRED"", ""percent"": 100, ""closedAt"": ""2026-05-10T23:55:00.526Z""}]",-0.2068591476814314,-2.553200687189567,0.1040763277162726,0.06244557246178805,-2.65727701490584,0.08,0.05,0.02,0.03,t,14.842,2026-05-10 23:54:59.999,2026-05-10 17:38:57.459,2026-05-10 23:55:00.526,2026-05-10 23:55:00
117,188,ARUSDT,BUY,SL_HIT,2.55266557,2.4703,2.4703,2.4703,"[2.6259, 2.7037, 2.781499999999999]",621.4134936032185,12.42826987206437,385.1757062700721,150.8915663676508,6.19838014840425,62.14134936032185,"[{""pnlR"": -1.008997570222606, ""price"": 2.46955891, ""pnlUsd"": -12.54009410298377, ""reason"": ""SL"", ""percent"": 100, ""closedAt"": ""2026-05-10T20:49:04.170Z""}]",-1.008997570222606,-12.54009410298377,0.3789056592185803,0.2273422873834837,-12.91899976220235,0.08,0.05,0.02,0.03,t,2.47,2026-05-10 20:44:59.999,2026-05-10 17:58:58.043,2026-05-10 20:49:04.266,2026-05-10 23:55:00
118,189,TRUMPUSDT,BUY,SL_HIT,2.50075,2.437,2.437,2.437,"[2.523, 2.566, 2.609]",619.3132927128233,12.38626585425647,485.8816366279493,194.2943663412773,7.845490196078408,61.93132927128234,"[{""pnlR"": -1.011468235294116, ""price"": 2.4362689, ""pnlUsd"": -12.52831446548855, ""reason"": ""SL"", ""percent"": 100, ""closedAt"": ""2026-05-10T20:49:05.459Z""}]",-1.011468235294116,-12.52831446548855,0.4796174793952049,0.2877693859880468,-13.00793194488375,0.08,0.05,0.02,0.03,t,2.435,2026-05-10 20:44:59.999,2026-05-10 20:16:40.613,2026-05-10 20:49:05.565,2026-05-10 23:55:00
119,191,ENAUSDT,BUY,EXPIRED,0.134170239,0.12649,0.12649,0.12649,"[0.13497, 0.1392100000000001, 0.1434500000000001]",619.0703518945094,12.38140703789019,216.2974799911835,1612.112206129286,3.493907910938707,61.90703518945094,"[{""pnlR"": -0.2382677153666694, ""price"": 0.132340286, ""pnlUsd"": -2.950089567942898, ""reason"": ""EXPIRED"", ""percent"": 100, ""closedAt"": ""2026-05-10T23:55:01.861Z""}]",-0.2382677153666694,-2.950089567942898,0.2148224352072121,0.1288932072166447,-3.16491200315011,0.08,0.05,0.02,0.03,t,0.13238,2026-05-10 23:54:59.999,2026-05-10 20:24:01.595,2026-05-10 23:55:01.861,2026-05-10 23:55:00
120,194,DOGEUSDT,SELL,SL_HIT,0.107337789,0.1089,0.1089,0.1089,"[0.10656, 0.10539, 0.10422]",589.6975367108986,11.79395073421797,810.3493032540987,7549.524830012091,13.74177867138311,58.96975367108985,"[{""pnlR"": -1.020912668007074, ""price"": 0.10893267, ""pnlUsd"": -12.04059371041446, ""reason"": ""SL"", ""percent"": 100, ""closedAt"": ""2026-05-10T22:06:58.267Z""}]",-1.020912668007074,-12.04059371041446,0.8163696001093059,0.4898207204959305,-12.85696331052376,0.08,0.05,0.02,0.03,t,0.1089,2026-05-10 22:04:59.999,2026-05-10 20:50:34.505,2026-05-10 22:06:58.372,2026-05-10 23:55:00
121,195,ETHUSDT,SELL,CLOSED,2337.018684,2374.09,2374.09,2337.018684,"[2308.67, 2275.96, 2243.25]",577.6822205536461,11.55364441107292,728.3551211661663,0.3116599478441168,12.60823157181671,57.7682220553646,"[{""pnlR"": 0.3823533537358106, ""price"": 2308.67, ""pnlUsd"": 4.417574688444682, ""reason"": ""TP1"", ""percent"": 50, ""closedAt"": ""2026-05-11T14:31:40.036Z""}, {""pnlR"": -0.009456173678858605, ""price"": 2337.7197896052, ""pnlUsd"": -0.1092532681748783, ""reason"": ""SL"", ""percent"": 50, ""closedAt"": ""2026-05-11T16:10:09.424Z""}]",0.372897180056952,4.308321420269803,0.6182729646876399,0.3278253761571644,3.690048455582163,0.08,0.05,0.02,0.03,t,2337.24,2026-05-11 16:09:59.999,2026-05-11 03:10:34.4,2026-05-11 16:10:09.518,2026-05-11 23:55:00
122,196,LDOUSDT,SELL,SL_HIT,0.4038788,0.415,0.415,0.415,"[0.3934, 0.3826000000000001, 0.3718000000000001]",577.6822205536461,11.55364441107292,419.5835018137308,1038.884689698322,7.263223393159051,57.7682220553646,"[{""pnlR"": -1.011194835089736, ""price"": 0.4151245, ""pnlUsd"": -11.68298555494039, ""reason"": ""SL"", ""percent"": 100, ""closedAt"": ""2026-05-11T05:17:41.191Z""}]",-1.011194835089736,-11.68298555494039,0.4254249945912009,0.2552539682588361,-12.10841054953159,0.08,0.05,0.02,0.03,t,0.4156,2026-05-11 05:14:59.999,2026-05-11 03:10:34.575,2026-05-11 05:17:41.28,2026-05-11 23:55:00
123,197,AEROUSDT,SELL,SL_HIT,0.51574523,0.5322,0.5322,0.5322,"[0.5002, 0.4842, 0.4681999999999999]",577.6822205536461,11.55364441107292,362.1282457382896,702.1456034373592,6.268641008048141,57.7682220553646,"[{""pnlR"": -1.009702961512073, ""price"": 0.53235966, ""pnlUsd"": -11.66574897811774, ""reason"": ""SL"", ""percent"": 100, ""closedAt"": ""2026-05-11T05:35:00.517Z""}]",-1.009702961512073,-11.66574897811774,0.3679611202273485,0.2207756420887925,-12.03371009834508,0.08,0.05,0.02,0.03,t,0.5323,2026-05-11 05:34:59.999,2026-05-11 03:10:34.753,2026-05-11 05:35:00.613,2026-05-11 23:55:00
124,198,IPUSDT,SELL,EXPIRED,0.5739277700000001,0.6068,0.6068,0.6068,"[0.5518000000000001, 0.5243000000000001, 0.4968000000000001]",578.9289580647719,11.57857916129544,202.154466484652,352.2298049537697,3.491870006993751,57.89289580647719,"[{""pnlR"": 0.1660149007231946, ""price"": 0.56847049, ""pnlUsd"": 1.922216669978111, ""reason"": ""EXPIRED"", ""percent"": 100, ""closedAt"": ""2026-05-11T23:55:07.202Z""}]",0.1660149007231946,1.922216669978111,0.2011933581496629,0.1207161987537625,1.721023311828448,0.08,0.05,0.02,0.03,t,0.5683,2026-05-11 23:54:59.999,2026-05-11 03:15:33.221,2026-05-11 23:55:07.202,2026-05-11 23:55:00
125,199,ARUSDT,SELL,CLOSED,2.4302707,2.5307,2.5307,2.4302707,"[2.3401, 2.2448, 2.1495]",578.9289580647719,11.57857916129544,280.1879698785812,115.2908480024802,4.839764291894914,57.8928958064772,"[{""pnlR"": 0.4489262595676748, ""price"": 2.3401, ""pnlUsd"": 5.197928233988611, ""reason"": ""TP1"", ""percent"": 50, ""closedAt"": ""2026-05-11T22:35:12.727Z""}, {""pnlR"": 0.549515629402974, ""price"": 2.31989576, ""pnlUsd"": 6.362610215411451, ""reason"": ""MANUAL"", ""percent"": 50, ""closedAt"": ""2026-05-12T20:34:39.900Z""}]",0.9984418889706488,11.56053844940006,0.2339388836422906,0.1241889956512617,11.32659956575777,0.08,0.05,0.02,0.03,t,2.31989576,2026-05-12 20:34:39.9,2026-05-11 03:15:33.403,2026-05-12 20:34:39.9,2026-05-11 23:55:00
126,200,DOGEUSDT,SELL,EXPIRED,0.109027282,0.11271,0.11271,0.11271,"[0.10603, 0.10269, 0.09934999999999997]",578.9289580647719,11.57857916129544,342.7851427608307,3144.030892752427,5.921022570829478,57.8928958064772,"[{""pnlR"": -0.6071838788633783, ""price"": 0.111263369, ""pnlUsd"": -7.030326606882046, ""reason"": ""EXPIRED"", ""percent"": 100, ""closedAt"": ""2026-05-11T23:55:03.202Z""}]",-0.6071838788633783,-7.030326606882046,0.3463003060642718,0.2077795696093059,-7.376626912946318,0.08,0.05,0.02,0.03,t,0.11123,2026-05-11 23:54:59.999,2026-05-11 03:15:33.58,2026-05-11 23:55:03.202,2026-05-11 23:55:00
127,201,TRUMPUSDT,SELL,CLOSED,2.4352692,2.492,2.492,2.4352692,"[2.404, 2.36, 2.316]",578.9289580647719,11.57857916129544,497.0308405886155,204.0968779092741,8.585351167267168,57.8928958064772,"[{""pnlR"": 0.2755927996784826, ""price"": 2.404, ""pnlUsd"": 3.190973047360348, ""reason"": ""TP1"", ""percent"": 50, ""closedAt"": ""2026-05-11T13:36:19.976Z""}, {""pnlR"": -0.006439013375450271, ""price"": 2.43599978076, ""pnlUsd"": -0.07455462608829112, ""reason"": ""SL"", ""percent"": 50, ""closedAt"": ""2026-05-11T17:35:06.328Z""}]",0.2691537863030323,3.116418421272057,0.4218752972038954,0.2237086244643723,2.694543124068162,0.08,0.05,0.02,0.03,t,2.436,2026-05-11 17:34:59.999,2026-05-11 03:15:33.76,2026-05-11 17:35:06.418,2026-05-11 23:55:00
128,202,SHIB1000USDT,SELL,SL_HIT,0.0064760566,0.006617,0.006617,0.006617,"[0.006367000000000001, 0.006242000000000002, 0.006117000000000003]",578.9289580647719,11.57857916129544,532.0116727433148,82150.55945362101,9.189584755298975,57.89289580647719,"[{""pnlR"": -1.014084377132948, ""price"": 0.0066189851, ""pnlUsd"": -11.74165623686682, ""reason"": ""SL"", ""percent"": 100, ""closedAt"": ""2026-05-11T17:25:00.157Z""}]",-1.014084377132948,-11.74165623686682,0.5378825008617483,0.3227284728135503,-12.27953873772857,0.08,0.05,0.02,0.03,t,0.006615,2026-05-11 17:24:59.999,2026-05-11 03:15:33.939,2026-05-11 17:25:00.319,2026-05-11 23:55:00
129,211,ZECUSDT,SELL,CLOSED,574.007746,594.6,594.6,564.2199999999999,"[564.2199999999999, 549.0299999999999, 533.8399999999998]",566.1032542199192,11.32206508439838,315.6018306281968,0.5498215535025146,5.574987041243754,56.61032542199192,"[{""pnlR"": 0.2376560137612928, ""price"": 564.2199999999999, ""pnlUsd"": 2.690756855504035, ""reason"": ""TP1"", ""percent"": 50, ""closedAt"": ""2026-05-11T13:13:12.173Z""}, {""pnlR"": 0.3638904123851635, ""price"": 549.0299999999999, ""pnlUsd"": 4.119990932613389, ""reason"": ""TP2"", ""percent"": 30, ""closedAt"": ""2026-05-11T14:51:43.574Z""}, {""pnlR"": 0.0934184281137954, ""price"": 564.3892659999999, ""pnlUsd"": 1.057689523186583, ""reason"": ""SL"", ""percent"": 20, ""closedAt"": ""2026-05-11T17:17:34.814Z""}]",0.6949648542602517,7.868437311304007,0.2379663969582128,0.1133221808920267,7.630470914345794,0.08,0.05,0.02,0.03,t,564.28,2026-05-11 17:14:59.999,2026-05-11 05:17:41.703,2026-05-11 17:17:34.977,2026-05-11 23:55:00
130,212,VVVUSDT,BUY,CLOSED,15.9617871,14.897,14.897,17.156,"[16.403, 17.156, 17.909]",554.0928073291292,11.08185614658258,166.1235644990229,10.40757926780159,2.998118046321185,55.40928073291292,"[{""pnlR"": 0.2071836238436764, ""price"": 16.403, ""pnlUsd"": 2.295979115363299, ""reason"": ""TP1"", ""percent"": 50, ""closedAt"": ""2026-05-11T06:13:19.086Z""}, {""pnlR"": 0.336465261459309, ""price"": 17.156, ""pnlUsd"": 3.728659625814359, ""reason"": ""TP2"", ""percent"": 30, ""closedAt"": ""2026-05-11T06:26:55.192Z""}, {""pnlR"": 0.3657468990749415, ""price"": 17.909, ""pnlUsd"": 4.053154521607159, ""reason"": ""TP3"", ""percent"": 20, ""closedAt"": ""2026-05-11T08:16:37.184Z""}]",0.9093957843779269,10.07779326278482,0.1183020538018729,0.04982212271289001,9.959491208982943,0.08,0.05,0.02,0.03,t,17.924,2026-05-11 08:14:59.999,2026-05-11 05:35:00.933,2026-05-11 08:16:37.275,2026-05-11 23:55:00
131,217,KASUSDT,BUY,CLOSED,0.039021703,0.03842,0.03842,0.039021703,"[0.03924, 0.03965, 0.04006000000000001]",559.957671224411,11.19915342448822,726.2886154495005,18612.42743427934,12.97041995801911,55.9957671224411,"[{""pnlR"": 0.1813992950010229, ""price"": 0.03924, ""pnlUsd"": 2.031518535810431, ""reason"": ""TP1"", ""percent"": 50, ""closedAt"": ""2026-05-11T07:51:38.400Z""}, {""pnlR"": -0.009727814968511236, ""price"": 0.0390099964891, ""pnlUsd"": -0.1089432923173891, ""reason"": ""SL"", ""percent"": 50, ""closedAt"": ""2026-05-11T07:56:59.579Z""}]",0.1716714800325116,1.922575243493042,0.6176971551930788,0.3267645305807936,1.304878088299963,0.08,0.05,0.02,0.03,t,0.03905,2026-05-11 07:54:59.999,2026-05-11 07:27:25.491,2026-05-11 07:56:59.712,2026-05-11 23:55:00
132,219,DYDXUSDT,SELL,EXPIRED,0.16455062,0.17111,0.17111,0.17111,"[0.16237, 0.158, 0.15363]",565.3082482608338,11.30616496521668,283.6299246039536,1723.663664129334,5.017261387509182,56.53082482608338,"[{""pnlR"": -0.1675554701816306, ""price"": 0.16564968, ""pnlUsd"": -1.89440978669796, ""reason"": ""EXPIRED"", ""percent"": 100, ""closedAt"": ""2026-05-11T23:55:09.710Z""}]",-0.1675554701816306,-1.89440978669796,0.2845771294973026,0.1707461225686245,-2.178986916195262,0.08,0.05,0.02,0.03,t,0.1656,2026-05-11 23:54:59.999,2026-05-11 08:33:52.474,2026-05-11 23:55:09.71,2026-05-11 23:55:00
133,220,POLUSDT,BUY,SL_HIT,0.104691398,0.1032,0.1032,0.1032,"[0.1061, 0.10755, 0.109]",565.1664332985318,11.30332866597064,793.4577356909002,7579.015571946992,14.03936414022275,56.51664332985319,"[{""pnlR"": -1.020759046210332, ""price"": 0.10316904, ""pnlUsd"": -11.53797498807809, ""reason"": ""SL"", ""percent"": 100, ""closedAt"": ""2026-05-11T13:37:43.108Z""}]",-1.020759046210332,-11.53797498807809,0.7876887481968612,0.4726122530354589,-12.32566373627495,0.08,0.05,0.02,0.03,t,0.10322,2026-05-11 13:34:59.999,2026-05-11 09:18:53.096,2026-05-11 13:37:43.219,2026-05-11 23:55:00
134,225,MUSDT,SELL,SL_HIT,3.23532911,3.3036,3.3036,3.3036,"[3.1984, 3.1458, 3.0932]",564.3934082118384,11.28786816423677,534.9273821038145,165.3394025511718,9.477916898402821,56.43934082118384,"[{""pnlR"": -1.014516875347603, ""price"": 3.30459108, ""pnlUsd"": -11.45173273931717, ""reason"": ""SL"", ""percent"": 100, ""closedAt"": ""2026-05-12T18:37:50.359Z""}]",-1.014516875347603,-11.45173273931717,0.5406532484734731,0.3243909476233192,-11.99238598779064,0.08,0.05,0.02,0.03,t,3.2965,2026-05-12 18:34:59.999,2026-05-12 03:29:55.99,2026-05-12 18:37:50.604,2026-05-12 23:55:00
135,226,VVVUSDT,BUY,CLOSED,18.235469,16.936,16.936,18.235469,"[19.198, 20.329, 21.46]",564.1259445207864,11.28251889041573,158.3277657782453,8.682407114302643,2.806603158674815,56.41259445207865,"[{""pnlR"": 0.3703555067492965, ""price"": 19.198, ""pnlUsd"": 4.178543001068427, ""reason"": ""TP1"", ""percent"": 50, ""closedAt"": ""2026-05-12T05:00:01.112Z""}, {""pnlR"": -0.002104952369006294, ""price"": 18.2299983593, ""pnlUsd"": -0.02374916486673885, ""reason"": ""SL"", ""percent"": 50, ""closedAt"": ""2026-05-12T05:02:59.635Z""}]",0.3682505543802902,4.154793836201688,0.1354024349292888,0.07123324937484218,4.019391401272399,0.08,0.05,0.02,0.03,t,18.253,2026-05-12 04:59:59.999,2026-05-12 03:34:54.843,2026-05-12 05:02:59.726,2026-05-12 23:55:00
136,227,SIRENUSDT,BUY,CLOSED,1.161688402,1.13573,1.13573,1.18119,"[1.18119, 1.20392, 1.22665]",564.0467806378973,11.28093561275795,504.8435595168615,434.5774294102504,8.950384557570189,56.40467806378972,"[{""pnlR"": 0.3756317126146647, ""price"": 1.18119, ""pnlUsd"": 4.237477164116029, ""reason"": ""TP1"", ""percent"": 50, ""closedAt"": ""2026-05-12T04:20:18.483Z""}, {""pnlR"": 0.4880685413531995, ""price"": 1.20392, ""pnlUsd"": 5.505869789618132, ""reason"": ""TP2"", ""percent"": 30, ""closedAt"": ""2026-05-12T04:53:24.359Z""}, {""pnlR"": 0.1475224938730813, ""price"": 1.180835643, ""pnlUsd"": 1.664191754815709, ""reason"": ""SL"", ""percent"": 20, ""closedAt"": ""2026-05-12T06:23:14.628Z""}]",1.011222747840945,11.40753870854987,0.3864618705009694,0.1822067563920802,11.0210768380489,0.08,0.05,0.02,0.03,t,1.18211,2026-05-12 06:19:59.999,2026-05-12 03:59:52.652,2026-05-12 06:23:14.741,2026-05-12 23:55:00
137,228,KASUSDT,SELL,CLOSED,0.039118261,0.04076,0.04076,0.03880000000000001,"[0.03880000000000001, 0.03782000000000001, 0.03684000000000002]",563.7943588581389,11.27588717716278,268.6743127883347,6868.25809532624,4.765466496197032,56.37943588581388,"[{""pnlR"": 0.0969280135271179, ""price"": 0.03880000000000001, ""pnlUsd"": 1.092949344838289, ""reason"": ""TP1"", ""percent"": 50, ""closedAt"": ""2026-05-12T08:14:03.700Z""}, {""pnlR"": 0.2372352121744061, ""price"": 0.03782000000000001, ""pnlUsd"": 2.675037486928877, ""reason"": ""TP2"", ""percent"": 30, ""closedAt"": ""2026-05-12T14:33:29.056Z""}, {""pnlR"": 0.1019382496243318, ""price"": 0.038281481, ""pnlUsd"": 1.149444201801421, ""reason"": ""MANUAL"", ""percent"": 20, ""closedAt"": ""2026-05-12T20:34:39.925Z""}]",0.4361014753258557,4.917431033568587,0.2028641582518803,0.09639737601950128,4.714566875316707,0.08,0.05,0.02,0.03,t,0.038281481,2026-05-12 20:34:39.925,2026-05-12 04:04:52.687,2026-05-12 20:34:39.925,2026-05-12 23:55:00
138,229,AEROUSDT,SELL,CLOSED,0.50704784,0.5317,0.5317,0.4947,"[0.4947, 0.4762000000000001, 0.4577000000000001]",563.7943588581389,11.27588717716278,231.9234597400026,457.3995616271683,4.113617954775579,56.37943588581388,"[{""pnlR"": 0.2504413406370901, ""price"": 0.4947, ""pnlUsd"": 2.823948301521219, ""reason"": ""TP1"", ""percent"": 50, ""closedAt"": ""2026-05-12T10:28:52.799Z""}, {""pnlR"": 0.3753972065733794, ""price"": 0.4762000000000001, ""pnlUsd"": 4.232936547943495, ""reason"": ""TP2"", ""percent"": 30, ""closedAt"": ""2026-05-12T14:08:36.805Z""}, {""pnlR"": 0.2336867033152477, ""price"": 0.47824343, ""pnlUsd"": 2.635024901385844, ""reason"": ""MANUAL"", ""percent"": 20, ""closedAt"": ""2026-05-12T20:34:39.947Z""}]",0.8595252505257173,9.691909750850558,0.1735329399818161,0.08271888112200709,9.518376810868741,0.08,0.05,0.02,0.03,t,0.47824343,2026-05-12 20:34:39.947,2026-05-12 04:04:52.865,2026-05-12 20:34:39.947,2026-05-12 23:55:00
139,230,USELESSUSDT,BUY,CLOSED,0.074152239,0.06792,0.06792,0.07928,"[0.07928, 0.08496000000000001, 0.09064000000000001]",577.3032385708569,11.54606477141714,137.3770412911963,1852.6351077706,2.37963399670648,57.73032385708569,"[{""pnlR"": 0.4113899515085997, ""price"": 0.07928, ""pnlUsd"": 4.749935026428448, ""reason"": ""TP1"", ""percent"": 50, ""closedAt"": ""2026-05-12T09:08:55.020Z""}, {""pnlR"": 0.5202509563577397, ""price"": 0.08496000000000001, ""pnlUsd"": 6.006851239498173, ""reason"": ""TP2"", ""percent"": 30, ""closedAt"": ""2026-05-12T13:32:09.005Z""}, {""pnlR"": 0.163792723610247, ""price"": 0.079256216, ""pnlUsd"": 1.891161395890736, ""reason"": ""SL"", ""percent"": 20, ""closedAt"": ""2026-05-12T14:42:22.301Z""}]",1.095433631476586,12.64794766181735,0.1075034893324399,0.05001336684234085,12.54044417248491,0.08,0.05,0.02,0.03,t,0.0793,2026-05-12 14:39:59.999,2026-05-12 05:39:52.145,2026-05-12 14:42:22.42,2026-05-12 23:55:00
140,231,SHIB1000USDT,BUY,SL_HIT,0.0066279878,0.006506,0.006506,0.006506,"[0.006702, 0.0068, 0.006898]",578.8474253531979,11.57694850706396,629.0126837769694,94902.51080078473,10.86664043453527,57.88474253531979,"[{""pnlR"": -1.015999960651798, ""price"": 0.0065040482, ""pnlUsd"": -11.76217922764496, ""reason"": ""SL"", ""percent"": 100, ""closedAt"": ""2026-05-12T09:28:44.338Z""}]",-1.015999960651798,-11.76217922764496,0.623131594163147,0.3738779315506782,-12.3853108218081,0.08,0.05,0.02,0.03,t,0.006506,2026-05-12 09:24:59.999,2026-05-12 06:29:52.1,2026-05-12 09:28:44.427,2026-05-12 23:55:00
141,232,SEIUSDT,SELL,CLOSED,0.07259821400000001,0.07714,0.07714,0.07259821400000001,"[0.0689, 0.06478, 0.06066000000000001]",578.5329190113094,11.57065838022619,184.951279784771,2547.60096143372,3.196901571320187,57.85329190113094,"[{""pnlR"": 0.4071321281980274, ""price"": 0.0689, ""pnlUsd"": 4.710786770993828, ""reason"": ""TP1"", ""percent"": 50, ""closedAt"": ""2026-05-12T16:51:04.002Z""}, {""pnlR"": 0.2738115578320973, ""price"": 0.07011102699999999, ""pnlUsd"": 3.168179996232745, ""reason"": ""MANUAL"", ""percent"": 50, ""closedAt"": ""2026-05-12T20:34:39.891Z""}]",0.6809436860301248,7.878966767226572,0.1546823404647402,0.08228623725380887,7.724284426761832,0.08,0.05,0.02,0.03,t,0.07011102699999999,2026-05-12 20:34:39.891,2026-05-12 07:09:50.293,2026-05-12 20:34:39.891,2026-05-12 23:55:00
142,234,TRUMPUSDT,SELL,CLOSED,2.3802857,2.439,2.439,2.3802857,"[2.333, 2.28, 2.227]",578.5329190113094,11.57065838022619,469.0760629359033,197.0671264108772,8.108027175662471,57.85329190113095,"[{""pnlR"": 0.4026761793975205, ""price"": 2.333, ""pnlUsd"": 4.659228509663385, ""reason"": ""TP1"", ""percent"": 50, ""closedAt"": ""2026-05-12T11:24:10.438Z""}, {""pnlR"": 0.2944955487845375, ""price"": 2.3457035, ""pnlUsd"": 3.407507389483119, ""reason"": ""MANUAL"", ""percent"": 50, ""closedAt"": ""2026-05-12T20:34:39.905Z""}]",0.697171728182058,8.066735899146504,0.3960790540988437,0.210083410110258,7.67065684504766,0.08,0.05,0.02,0.03,t,2.3457035,2026-05-12 20:34:39.906,2026-05-12 07:09:50.65,2026-05-12 20:34:39.906,2026-05-12 23:55:00
143,235,FARTCOINUSDT,SELL,CLOSED,0.247485732,0.259,0.259,0.23926,"[0.23926, 0.22939, 0.2195199999999999]",578.5329190113094,11.57065838022619,248.6977773100482,1004.897435097585,4.298766226389731,57.85329190113094,"[{""pnlR"": 0.3571973485418273, ""price"": 0.23926, ""pnlUsd"": 4.13300849430007, ""reason"": ""TP1"", ""percent"": 50, ""closedAt"": ""2026-05-12T11:39:39.480Z""}, {""pnlR"": 0.4714776136876442, ""price"": 0.22939, ""pnlUsd"": 5.455306401903989, ""reason"": ""TP2"", ""percent"": 30, ""closedAt"": ""2026-05-12T16:00:10.878Z""}, {""pnlR"": 0.257870687046715, ""price"": 0.232639771, ""pnlUsd"": 2.983733626091759, ""reason"": ""MANUAL"", ""percent"": 20, ""closedAt"": ""2026-05-12T20:34:39.942Z""}]",1.086545649276186,12.57204852229582,0.1856007809633499,0.08865426249865377,12.38644774133247,0.08,0.05,0.02,0.03,t,0.232639771,2026-05-12 20:34:39.942,2026-05-12 07:09:50.83,2026-05-12 20:34:39.942,2026-05-12 23:55:00
144,236,ORDIUSDT,SELL,CLOSED,4.7715681,4.913,4.913,4.7715681,"[4.635, 4.496, 4.356999999999999]",578.0815564512941,11.56163112902588,390.0612964912912,81.74698302876389,6.747513255496078,57.80815564512941,"[{""pnlR"": 0.4828051521615678, ""price"": 4.635, ""pnlUsd"": 5.582015076485259, ""reason"": ""TP1"", ""percent"": 50, ""closedAt"": ""2026-05-12T14:28:49.148Z""}, {""pnlR"": 0.6971418753477778, ""price"": 4.5743719, ""pnlUsd"": 8.060097207368349, ""reason"": ""MANUAL"", ""percent"": 50, ""closedAt"": ""2026-05-12T20:34:39.911Z""}]",1.179947027509346,13.64211228385361,0.3264056503986162,0.1731278480074566,13.31570663345499,0.08,0.05,0.02,0.03,t,4.5743719,2026-05-12 20:34:39.911,2026-05-12 07:14:50.91,2026-05-12 20:34:39.911,2026-05-12 23:55:00
145,242,IPUSDT,SELL,CLOSED,0.5497350300000001,0.5692,0.5692,0.5692,"[0.5334, 0.5155, 0.4975999999999999]",571.6172691618514,11.43234538323703,322.875438915354,587.3292064276019,5.648454942391409,57.16172691618513,"[{""pnlR"": -0.3355669184180553, ""price"": 0.55626683, ""pnlUsd"": -3.836316910543731, ""reason"": ""MANUAL"", ""percent"": 100, ""closedAt"": ""2026-05-12T20:34:39.917Z""}]",-0.3355669184180553,-3.836316910543731,0.3247935973706259,0.1948758306926091,-4.161110507914357,0.08,0.05,0.02,0.03,t,0.55626683,2026-05-12 20:34:39.918,2026-05-12 09:28:44.784,2026-05-12 20:34:39.918,2026-05-12 23:55:00
146,253,POLUSDT,SELL,CLOSED,0.100449856,0.10323,0.10323,0.100449856,"[0.09863000000000001, 0.09633000000000001, 0.09403000000000002]",603.2767007259564,12.06553401451913,435.9418628393167,4339.89534877299,7.2262340367981,60.32767007259564,"[{""pnlR"": 0.3272952767914172, ""price"": 0.09863000000000001, ""pnlUsd"": 3.948992294918297, ""reason"": ""TP1"", ""percent"": 50, ""closedAt"": ""2026-05-12T16:00:06.280Z""}, {""pnlR"": 0.320174782313435, ""price"": 0.098669592, ""pnlUsd"": 3.863079726594007, ""reason"": ""MANUAL"", ""percent"": 50, ""closedAt"": ""2026-05-12T20:34:39.937Z""}]",0.6474700591048521,7.812072021512304,0.3678292450911385,0.1950348969738292,7.444242776421165,0.08,0.05,0.02,0.03,t,0.098669592,2026-05-12 20:34:39.937,2026-05-12 14:44:47.476,2026-05-12 20:34:39.937,2026-05-12 23:55:00
147,260,LDOUSDT,SELL,CLOSED,0.39618111,0.4114,0.4114,0.4114,"[0.3878, 0.3760000000000001, 0.3642000000000001]",605.3747048018065,12.10749409603613,315.1846455481343,795.5569753139777,5.206438971567576,60.53747048018065,"[{""pnlR"": -0.09449703624902855, ""price"": 0.39761925, ""pnlUsd"": -1.144122308478025, ""reason"": ""MANUAL"", ""percent"": 100, ""closedAt"": ""2026-05-12T20:34:39.932Z""}]",-0.09449703624902855,-1.144122308478025,0.3157567067023732,0.1894539381012247,-1.459879015180398,0.08,0.05,0.02,0.03,t,0.39761925,2026-05-12 20:34:39.932,2026-05-12 18:39:45.393,2026-05-12 20:34:39.932,2026-05-12 23:55:00
148,269,ENAUSDT,SELL,EXPIRED,0.121993391,0.12889,0.12889,0.12889,"[0.11925, 0.11443, 0.10961]",630.7634455118105,12.61526891023621,223.1501644846896,1829.198800488213,3.537778957745757,63.07634455118104,"[{""pnlR"": 0.05465251111089789, ""price"": 0.121616474, ""pnlUsd"": 0.6894561242836492, ""reason"": ""EXPIRED"", ""percent"": 100, ""closedAt"": ""2026-05-12T23:55:01.091Z""}]",0.05465251111089789,0.6894561242836492,0.2228054364225478,0.1336833359360575,0.4666506878611014,0.08,0.05,0.02,0.03,t,0.12158,2026-05-12 23:54:59.999,2026-05-12 21:18:57.508,2026-05-12 23:55:01.091,2026-05-12 23:55:00
149,270,ETHUSDT,SELL,EXPIRED,2286.203933,2339.66,2339.66,2339.66,"[2245.56, 2198.510000000001, 2151.460000000001]",630.6518704295681,12.61303740859136,539.4331709925023,0.235951466623823,8.553580767548786,63.06518704295681,"[{""pnlR"": 0.2129167302936827, ""price"": 2274.822242, ""pnlUsd"": 2.685526684109178, ""reason"": ""EXPIRED"", ""percent"": 100, ""closedAt"": ""2026-05-12T23:55:00.593Z""}]",0.2129167302936827,2.685526684109178,0.5380904076504478,0.3228545153445658,2.14743627645873,0.08,0.05,0.02,0.03,t,2274.14,2026-05-12 23:54:59.999,2026-05-12 22:08:57.049,2026-05-12 23:55:00.593,2026-05-12 23:55:00
150,271,ZECUSDT,BUY,EXPIRED,564.96944,546.77,546.77,546.77,"[578.6300000000001, 594.5600000000002, 610.4900000000002]",630.6518704295681,12.61303740859136,391.5494477539375,0.6930453579116377,6.208646419889849,63.06518704295681,"[{""pnlR"": 0.2719607306598495, ""price"": 569.918973, ""pnlUsd"": 3.430250869480523, ""reason"": ""EXPIRED"", ""percent"": 100, ""closedAt"": ""2026-05-12T23:55:00.127Z""}]",0.2719607306598495,3.430250869480523,0.3932645731886778,0.2359590738720944,3.036986296291845,0.08,0.05,0.02,0.03,t,570.09,2026-05-12 23:54:59.999,2026-05-12 22:08:57.229,2026-05-12 23:55:00.128,2026-05-12 23:55:00
151,272,DYDXUSDT,SELL,CLOSED,0.159342183,0.16638,0.16638,0.159342183,"[0.158, 0.15381, 0.14962]",630.1863791201949,12.6037275824039,285.3591485708635,1790.857531874429,4.52817068133485,63.01863791201949,"[{""pnlR"": 0.09535506535620324, ""price"": 0.158, ""pnlUsd"": 1.201829267351906, ""reason"": ""TP1"", ""percent"": 50, ""closedAt"": ""2026-05-12T23:36:56.285Z""}, {""pnlR"": -0.00339612801099979, ""price"": 0.1593899856549, ""pnlUsd"": -0.04280387228561255, ""reason"": ""SL"", ""percent"": 50, ""closedAt"": ""2026-05-13T01:31:18.655Z""}]",0.09195893734520344,1.159025395066293,0.2423363123679065,0.128437306887262,0.9166890826983869,0.08,0.05,0.02,0.03,t,0.15936,2026-05-13 01:29:59.999,2026-05-12 22:23:56.007,2026-05-13 01:31:18.823,2026-05-12 23:55:00
152,273,ORDIUSDT,BUY,SL_HIT,4.7464235,4.614,4.614,4.614,"[4.851999999999999, 4.970999999999999, 5.089999999999999]",637.3312078551205,12.74662415710241,456.8741684439594,96.25651154895037,7.16855165435139,63.73312078551206,"[{""pnlR"": -1.010452827481523, ""price"": 4.6126158, ""pnlUsd"": -12.87986242038842, ""reason"": ""SL"", ""percent"": 100, ""closedAt"": ""2026-05-13T12:32:13.561Z""}]",-1.010452827481523,-12.87986242038842,0.4504342372337652,0.2702594074758994,-13.33029665762218,0.08,0.05,0.02,0.03,t,4.621,2026-05-13 12:29:59.999,2026-05-13 03:18:56.673,2026-05-13 12:32:13.652,2026-05-13 23:55:00
153,274,1000BONKUSDT,BUY,SL_HIT,0.0072301684,0.007059,0.007059,0.007059,"[0.007378999999999999, 0.007538999999999999, 0.007698999999999998]",637.1027707708986,12.74205541541797,538.2255510690302,74441.63417674064,8.448017741592517,63.71027707708986,"[{""pnlR"": -1.012372026612389, ""price"": 0.0070568823, ""pnlUsd"": -12.89970046411406, ""reason"": ""SL"", ""percent"": 100, ""closedAt"": ""2026-05-13T12:21:35.489Z""}]",-1.012372026612389,-12.89970046411406,0.5317757008369732,0.3190642882449019,-13.43147616495104,0.08,0.05,0.02,0.03,t,0.007059,2026-05-13 12:19:59.999,2026-05-13 03:33:53.701,2026-05-13 12:21:35.577,2026-05-13 23:55:00
154,275,ENAUSDT,BUY,SL_HIT,0.124557356,0.12132,0.12132,0.12132,"[0.12656, 0.12918, 0.1318]",636.8336579953641,12.73667315990728,490.0438299137355,3934.282531765811,7.695005183242102,63.6833657995364,"[{""pnlR"": -1.011242507774861, ""price"": 0.121283604, ""pnlUsd"": -12.87986530693335, ""reason"": ""SL"", ""percent"": 100, ""closedAt"": ""2026-05-13T11:49:57.002Z""}]",-1.011242507774861,-12.87986530693335,0.4836038972602688,0.2901612052827779,-13.36346920419362,0.08,0.05,0.02,0.03,t,0.12132,2026-05-13 11:44:59.999,2026-05-13 03:43:51.973,2026-05-13 11:49:57.118,2026-05-13 23:55:00
155,276,DYDXUSDT,BUY,CLOSED,0.160208048,0.15655,0.15655,0.160208048,"[0.16277, 0.16588, 0.16899]",636.8336579953641,12.73667315990728,557.815956751453,3481.822316138906,8.75920972059416,63.6833657995364,"[{""pnlR"": 0.3501802053991648, ""price"": 0.16277, ""pnlUsd"": 4.460130823238362, ""reason"": ""TP1"", ""percent"": 50, ""closedAt"": ""2026-05-13T09:15:48.156Z""}, {""pnlR"": -0.006569407290445882, ""price"": 0.1601599855856, ""pnlUsd"": -0.0836723935127213, ""reason"": ""SL"", ""percent"": 50, ""closedAt"": ""2026-05-13T11:48:46.867Z""}]",0.3436107981087189,4.376458429725641,0.4749937532066264,0.250966992158546,3.901464676519015,0.08,0.05,0.02,0.03,t,0.1602,2026-05-13 11:44:59.999,2026-05-13 03:43:52.151,2026-05-13 11:48:46.957,2026-05-13 23:55:00
156,277,ETHUSDT,BUY,SL_HIT,2302.470534,2272.09,2272.09,2272.09,"[2326.97, 2354.41, 2381.85]",636.3097281020315,12.72619456204063,964.4889055949341,0.4188930504658237,15.15753827105217,63.63097281020314,"[{""pnlR"": -1.022436307406576, ""price"": 2271.408373, ""pnlUsd"": -13.01172337535047, ""reason"": ""SL"", ""percent"": 100, ""closedAt"": ""2026-05-13T12:38:22.621Z""}]",-1.022436307406576,-13.01172337535047,0.9579830439072589,0.5747887070201422,-13.96970641925773,0.08,0.05,0.02,0.03,t,2271.97,2026-05-13 12:34:59.999,2026-05-13 03:48:43.63,2026-05-13 12:38:22.71,2026-05-13 23:55:00
157,278,STXUSDT,BUY,CLOSED,0.28558565,0.2692,0.2692,0.28558565,"[0.2962, 0.3097, 0.3232]",635.8274836492341,12.71654967298468,221.6368654350986,776.078438938016,3.485801905935992,63.58274836492341,"[{""pnlR"": 0.3238916368895947, ""price"": 0.2962, ""pnlUsd"": 4.118784089170863, ""reason"": ""TP1"", ""percent"": 50, ""closedAt"": ""2026-05-13T09:23:02.075Z""}, {""pnlR"": -0.002614351429452268, ""price"": 0.285499974305, ""pnlUsd"": -0.03324552981526839, ""reason"": ""SL"", ""percent"": 50, ""closedAt"": ""2026-05-13T11:06:22.412Z""}]",0.3212772854601424,4.085538559355595,0.1891984696727603,0.09971664811030377,3.896340089682835,0.08,0.05,0.02,0.03,t,0.2855,2026-05-13 11:04:59.999,2026-05-13 04:08:48.981,2026-05-13 11:06:22.5,2026-05-13 23:55:00
158,279,KASUSDT,BUY,SL_HIT,0.038791634,0.03796,0.03796,0.03796,"[0.03958, 0.04039, 0.04119999999999999]",635.8274836492341,12.71654967298468,593.1644697754574,15291.0410985899,9.329015889201283,63.58274836492341,"[{""pnlR"": -1.013693523833803, ""price"": 0.037948612, ""pnlUsd"": -12.89068404901544, ""reason"": ""SL"", ""percent"": 100, ""closedAt"": ""2026-05-13T07:24:04.067Z""}]",-1.013693523833803,-12.89068404901544,0.5867191277509496,0.3520303481716991,-13.47740317676639,0.08,0.05,0.02,0.03,t,0.03796,2026-05-13 07:19:59.999,2026-05-13 04:08:49.163,2026-05-13 07:24:04.187,2026-05-13 23:55:00
159,280,FARTCOINUSDT,BUY,SL_HIT,0.238421505,0.23179,0.23179,0.23179,"[0.24465, 0.25108, 0.25751]",635.8274836492341,12.71654967298468,457.1962037938991,1917.596333409183,7.190570013895779,63.58274836492341,"[{""pnlR"": -1.010485855020841, ""price"": 0.231720463, ""pnlUsd"": -12.84989356922092, ""reason"": ""SL"", ""percent"": 100, ""closedAt"": ""2026-05-13T07:23:27.574Z""}]",-1.010485855020841,-12.84989356922092,0.4507712570092888,0.2704616220566598,-13.30066482623021,0.08,0.05,0.02,0.03,t,0.23168,2026-05-13 07:19:59.999,2026-05-13 04:08:49.342,2026-05-13 07:23:27.698,2026-05-13 23:55:00
160,281,ARUSDT,BUY,SL_HIT,2.4247272,2.3297,2.3297,2.3297,"[2.5139, 2.606000000000001, 2.698100000000001]",635.1914848797319,12.70382969759464,324.1526785165244,133.6862466493238,5.10322770743534,63.51914848797319,"[{""pnlR"": -1.007354841561154, ""price"": 2.32900109, ""pnlUsd"": -12.79726435224033, ""reason"": ""SL"", ""percent"": 100, ""closedAt"": ""2026-05-13T12:23:13.486Z""}]",-1.007354841561154,-12.79726435224033,0.3177540463404042,0.1906512932090869,-13.11501839858073,0.08,0.05,0.02,0.03,t,2.3293,2026-05-13 12:19:59.999,2026-05-13 04:13:48.975,2026-05-13 12:23:13.575,2026-05-13 23:55:00
161,289,ZECUSDT,SELL,CLOSED,560.6717480000001,592.12,592.12,546.62,"[546.62, 523.87, 501.12]",635.0294085404736,12.70058817080947,226.4310579283036,0.4038567285332586,3.633307796207977,62.32091268585225,"[{""pnlR"": 0.2234106366229851, ""price"": 546.62, ""pnlUsd"": 2.837446488726898, ""reason"": ""TP1"", ""percent"": 50, ""closedAt"": ""2026-05-13T11:57:55.044Z""}, {""pnlR"": 0.3510695729606866, ""price"": 523.87, ""pnlUsd"": 4.458790065475628, ""reason"": ""TP2"", ""percent"": 30, ""closedAt"": ""2026-05-13T21:03:05.207Z""}, {""pnlR"": 0.2324743518336099, ""price"": 524.117188, ""pnlUsd"": 2.952561002914545, ""reason"": ""MANUAL"", ""percent"": 20, ""closedAt"": ""2026-05-14T08:44:41.042Z""}]",0.8069545614172815,10.24879755711707,0.169152076213213,0.08064598857809173,10.07964548090386,0.08,0.05,0.02,0.03,t,524.117188,2026-05-14 08:44:41.042,2026-05-13 05:15:43.576,2026-05-14 08:44:41.042,2026-05-13 23:55:00
162,296,DOGEUSDT,BUY,CLOSED,0.111983585,0.10987,0.10987,0.111983585,"[0.11355, 0.11539, 0.11723]",608.6633053452975,12.17326610690595,644.9733414129646,5759.534680131598,10.59655372270336,60.86633053452976,"[{""pnlR"": 0.3705587899232822, ""price"": 0.11355, ""pnlUsd"": 4.510910757989173, ""reason"": ""TP1"", ""percent"": 50, ""closedAt"": ""2026-05-13T09:32:58.201Z""}, {""pnlR"": -0.007947415292025754, ""price"": 0.1119499899245, ""pnlUsd"": -0.09674600121192316, ""reason"": ""SL"", ""percent"": 50, ""closedAt"": ""2026-05-13T12:22:46.293Z""}]",0.3626113746312564,4.414164756777249,0.5490811493520118,0.2901799734441581,3.865083607425237,0.08,0.05,0.02,0.03,t,0.11199,2026-05-13 12:19:59.999,2026-05-13 07:28:43.828,2026-05-13 12:22:46.385,2026-05-13 23:55:00
163,304,AAVEUSDT,BUY,SL_HIT,99.279775,96.27,96.27,96.27,"[100.47, 102.57, 104.67]",612.7442758759897,12.25488551751979,404.2369535364344,4.071694899957564,6.597155933583065,61.27442758759898,"[{""pnlR"": -1.009595733900374, ""price"": 96.241119, ""pnlUsd"": -12.37248013792547, ""reason"": ""SL"", ""percent"": 100, ""closedAt"": ""2026-05-13T12:33:16.497Z""}]",-1.009595733900374,-12.37248013792547,0.3980507134674717,0.2388293360519074,-12.77053085139294,0.08,0.05,0.02,0.03,t,96.28,2026-05-13 12:29:59.999,2026-05-13 09:16:43.827,2026-05-13 12:33:16.614,2026-05-13 23:55:00
164,311,MUSDT,SELL,EXPIRED,3.22143328,3.323,3.323,3.323,"[3.175, 3.101, 3.027000000000001]",622.6970537358194,12.45394107471639,395.0067526572709,122.6183249268695,6.343481959444977,62.26970537358194,"[{""pnlR"": -0.5321533470806182, ""price"": 3.27548235, ""pnlUsd"": -6.627406427255119, ""reason"": ""EXPIRED"", ""percent"": 100, ""closedAt"": ""2026-05-13T23:55:08.042Z""}]",-0.5321533470806182,-6.627406427255119,0.3983204558708985,0.238991698565186,-7.025726883126017,0.08,0.05,0.02,0.03,t,3.2745,2026-05-13 23:54:59.999,2026-05-13 11:13:59.125,2026-05-13 23:55:08.042,2026-05-13 23:55:00
165,313,VVVUSDT,SELL,CLOSED,15.1834436,16.333,16.333,15.1834436,"[14.077, 12.949, 11.82100000000001]",622.4739691893157,12.44947938378631,164.4338355848244,10.82981172892982,2.641617862333684,62.24739691893156,"[{""pnlR"": 0.4812480709950387, ""price"": 14.077, ""pnlUsd"": 5.99128793833967, ""reason"": ""TP1"", ""percent"": 50, ""closedAt"": ""2026-05-13T14:56:43.540Z""}, {""pnlR"": -0.001981213396749849, ""price"": 15.18799863308, ""pnlUsd"": -0.02466507533771851, ""reason"": ""SL"", ""percent"": 50, ""closedAt"": ""2026-05-13T17:51:32.300Z""}]",0.4792668575982889,5.966622863001951,0.1385828351971017,0.0740100294994169,5.82804002780485,0.08,0.05,0.02,0.03,t,15.188,2026-05-13 17:49:59.999,2026-05-13 11:48:47.286,2026-05-13 17:51:32.518,2026-05-13 23:55:00
166,314,SIRENUSDT,BUY,SL_HIT,1.221636381,1.15941,1.15941,1.15941,"[1.24117, 1.28205, 1.32293]",609.110499985122,12.18220999970244,239.1627264426405,195.7724329123762,3.926425935006575,60.9110499985122,"[{""pnlR"": -1.00558963890251, ""price"": 1.159062177, ""pnlUsd"": -12.25030415463532, ""reason"": ""SL"", ""percent"": 100, ""closedAt"": ""2026-05-13T20:04:59.643Z""}]",-1.00558963890251,-12.25030415463532,0.2330375743653229,0.1398214546757282,-12.48334172900065,0.08,0.05,0.02,0.03,t,1.15743,2026-05-13 19:59:59.999,2026-05-13 11:49:57.405,2026-05-13 20:04:59.746,2026-05-13 23:55:00
167,315,SEIUSDT,SELL,CLOSED,0.068599414,0.07057,0.07057,0.06775,"[0.06775, 0.06634000000000001, 0.06493000000000002]",598.3811791634387,11.96762358326877,416.6131114220945,6073.129304312928,6.96233648265035,59.83811791634387,"[{""pnlR"": 0.2155231996979564, ""price"": 0.06775, ""pnlUsd"": 2.579300527446809, ""reason"": ""TP1"", ""percent"": 50, ""closedAt"": ""2026-05-13T12:37:53.118Z""}, {""pnlR"": 0.3439708797281608, ""price"": 0.06634000000000001, ""pnlUsd"": 4.116514012192444, ""reason"": ""TP2"", ""percent"": 30, ""closedAt"": ""2026-05-13T15:27:21.003Z""}, {""pnlR"": 0.2008980069887832, ""price"": 0.06661998000000001, ""pnlUsd"": 2.404271726270657, ""reason"": ""MANUAL"", ""percent"": 20, ""closedAt"": ""2026-05-14T08:44:30.770Z""}]",0.7603920864149003,9.100086265909908,0.3140846659097287,0.1492896645586419,8.78600160000018,0.08,0.05,0.02,0.03,t,0.06661998000000001,2026-05-14 08:44:30.77,2026-05-13 12:21:35.908,2026-05-14 08:44:30.77,2026-05-13 23:55:00
168,316,TRUMPUSDT,SELL,CLOSED,2.3882833,2.524,2.524,2.3882833,"[2.344, 2.254, 2.164000000000001]",598.1232381998741,11.96246476399748,210.5102380377182,88.14290919243888,3.519512779193713,59.81232381998741,"[{""pnlR"": 0.1631460977167879, ""price"": 2.344, ""pnlUsd"": 1.951629445320765, ""reason"": ""TP1"", ""percent"": 50, ""closedAt"": ""2026-05-13T12:37:53.271Z""}, {""pnlR"": -0.002639634584394833, ""price"": 2.38899978499, ""pnlUsd"": -0.03157653570565232, ""reason"": ""SL"", ""percent"": 50, ""closedAt"": ""2026-05-13T14:30:37.214Z""}]",0.1605064631323931,1.920052909615113,0.1785591647108492,0.09474855872386476,1.741493744904264,0.08,0.05,0.02,0.03,t,2.388,2026-05-13 14:29:59.999,2026-05-13 12:22:46.66,2026-05-13 14:30:37.471,2026-05-13 23:55:00
169,318,LDOUSDT,BUY,SL_HIT,0.40552162,0.3931,0.3931,0.3931,"[0.4147, 0.4254999999999999, 0.4362999999999999]",585.0082198012933,11.70016439602587,381.9686659342938,941.9193628549173,6.529287162222014,58.50082198012933,"[{""pnlR"": -1.009493930743332, ""price"": 0.39298207, ""pnlUsd"": -11.81124494648739, ""reason"": ""SL"", ""percent"": 100, ""closedAt"": ""2026-05-13T13:46:56.335Z""}]",-1.009493930743332,-11.81124494648739,0.3760630434610501,0.225636783371874,-12.18730798994844,0.08,0.05,0.02,0.03,t,0.393,2026-05-13 13:44:59.999,2026-05-13 12:29:03.123,2026-05-13 13:46:56.438,2026-05-13 23:55:00
170,319,IPUSDT,SELL,CLOSED,0.5500349400000001,0.5658,0.5658,0.5404000000000001,"[0.5404000000000001, 0.5277000000000002, 0.5150000000000002]",558.9073922922782,11.17814784584557,389.9999035652792,709.0456900161272,6.977898466609123,55.89073922922782,"[{""pnlR"": 0.3055789194586018, ""price"": 0.5404000000000001, ""pnlUsd"": 3.415806340281986, ""reason"": ""TP1"", ""percent"": 50, ""closedAt"": ""2026-05-13T13:47:50.084Z""}, {""pnlR"": 0.4250210275127416, ""price"": 0.5277000000000002, ""pnlUsd"": 4.750947883130621, ""reason"": ""TP2"", ""percent"": 30, ""closedAt"": ""2026-05-14T03:20:59.063Z""}, {""pnlR"": 0.2318476428253398, ""price"": 0.53175948, ""pnlUsd"": 2.591627229212444, ""reason"": ""MANUAL"", ""percent"": 20, ""closedAt"": ""2026-05-14T08:44:25.557Z""}]",0.9624475897966833,10.75838145262505,0.2934707622503234,0.1396508029227717,10.46491069037473,0.08,0.05,0.02,0.03,t,0.53175948,2026-05-14 08:44:25.557,2026-05-13 12:33:16.942,2026-05-14 08:44:25.557,2026-05-13 23:55:00
171,324,POLUSDT,SELL,CLOSED,0.09818053700000001,0.10009,0.10009,0.09673,"[0.09673, 0.09505, 0.09337]",549.0932480221068,10.98186496044213,564.6642009181118,5751.28450273308,10.28357574878389,54.90932480221068,"[{""pnlR"": 0.3798285172323386, ""price"": 0.09673, ""pnlUsd"": 4.171225484370512, ""reason"": ""TP1"", ""percent"": 50, ""closedAt"": ""2026-05-13T15:58:17.323Z""}, {""pnlR"": 0.4918456655091047, ""price"": 0.09505, ""pnlUsd"": 5.401382679999781, ""reason"": ""TP2"", ""percent"": 30, ""closedAt"": ""2026-05-14T03:20:24.566Z""}, {""pnlR"": 0.3793923212966203, ""price"": 0.094558359, ""pnlUsd"": 4.16643523950816, ""reason"": ""MANUAL"", ""percent"": 20, ""closedAt"": ""2026-05-14T08:44:20.715Z""}]",1.251066504038064,13.73904340387845,0.4251470534451368,0.202070230746579,13.31389635043332,0.08,0.05,0.02,0.03,t,0.094558359,2026-05-14 08:44:20.715,2026-05-13 13:44:03.677,2026-05-14 08:44:20.715,2026-05-13 23:55:00
172,327,ENAUSDT,SELL,CLOSED,0.116135149,0.11746,0.11746,0.116135149,"[0.11502, 0.1138, 0.11258]",538.6948788210035,10.77389757642007,944.4293738301756,8132.157938077607,17.53180531244643,53.86948788210034,"[{""pnlR"": 0.4208582700998053, ""price"": 0.11502, ""pnlUsd"": 4.534283896244635, ""reason"": ""TP1"", ""percent"": 50, ""closedAt"": ""2026-05-14T03:49:55.992Z""}, {""pnlR"": -0.01314885398433544, ""price"": 0.1161699895447, ""pnlUsd"": -0.141664406074533, ""reason"": ""SL"", ""percent"": 50, ""closedAt"": ""2026-05-14T04:17:00.920Z""}]",0.4077094161154698,4.392619490170103,0.8019289431794376,0.4250782423744953,3.590690546990665,0.08,0.05,0.02,0.03,t,0.11616,2026-05-14 04:14:59.999,2026-05-14 03:13:57.636,2026-05-14 04:17:01.027,2026-05-14 23:55:00
173,329,LDOUSDT,SELL,CLOSED,0.38408474,0.3913,0.3913,0.38408474,"[0.3805000000000001, 0.3751000000000001, 0.3697000000000001]",538.6948788210035,10.77389757642007,573.5191315941397,1493.209887990186,10.64645598356816,53.86948788210034,"[{""pnlR"": 0.2484137785748444, ""price"": 0.3805000000000001, ""pnlUsd"": 2.676384606936868, ""reason"": ""TP1"", ""percent"": 50, ""closedAt"": ""2026-05-14T03:23:04.736Z""}, {""pnlR"": -0.007984841987675224, ""price"": 0.384199965422, ""pnlUsd"": -0.08602786973911132, ""reason"": ""SL"", ""percent"": 50, ""closedAt"": ""2026-05-14T05:22:49.170Z""}]",0.2404289365871692,2.590356737197756,0.4869989988685009,0.258135241428869,2.103357738329255,0.08,0.05,0.02,0.03,t,0.3841,2026-05-14 05:19:59.999,2026-05-14 03:14:00.412,2026-05-14 05:22:49.262,2026-05-14 23:55:00
174,330,DYDXUSDT,SELL,CLOSED,0.14915524,0.15086,0.15086,0.14915524,"[0.14764, 0.14603, 0.14442]",538.6948788210035,10.77389757642007,942.6448759628067,6319.89111453816,17.49867899293743,53.86948788210035,"[{""pnlR"": 0.44441446303292, ""price"": 0.14764, ""pnlUsd"": 4.788075906196404, ""reason"": ""TP1"", ""percent"": 50, ""closedAt"": ""2026-05-14T03:20:45.629Z""}, {""pnlR"": -0.01312400924469935, ""price"": 0.149199986572, ""pnlUsd"": -0.141396731394381, ""reason"": ""SL"", ""percent"": 50, ""closedAt"": ""2026-05-14T06:14:42.519Z""}]",0.4312904537882206,4.646679174802023,0.8003612277528437,0.4242750576811394,3.84631794704918,0.08,0.05,0.02,0.03,t,0.1492,2026-05-14 06:09:59.999,2026-05-14 03:14:00.596,2026-05-14 06:14:42.607,2026-05-14 23:55:00
175,332,ARUSDT,SELL,SL_HIT,2.2863139,2.3296,2.3296,2.3296,"[2.25, 2.2102, 2.1704]",538.6948788210035,10.77389757642007,569.0628581957146,248.8997062895496,10.56373246839055,53.86948788210034,"[{""pnlR"": -1.016145598702582, ""price"": 2.33029888, ""pnlUsd"": -10.94784860315167, ""reason"": ""SL"", ""percent"": 100, ""closedAt"": ""2026-05-14T05:04:14.373Z""}]",-1.016145598702582,-10.94784860315167,0.5745367824972905,0.3447211152168126,-11.52238538564897,0.08,0.05,0.02,0.03,t,2.3305,2026-05-14 04:59:59.999,2026-05-14 03:14:00.781,2026-05-14 05:04:14.601,2026-05-14 23:55:00
176,337,TRUMPUSDT,SELL,SL_HIT,2.3402977,2.386,2.386,2.386,"[2.32, 2.287, 2.254]",555.3482150046792,11.10696430009359,568.759187294539,243.0285631159399,10.24148762753738,55.53482150046793,"[{""pnlR"": -1.015662231441307, ""price"": 2.3867158, ""pnlUsd"": -11.2809241455721, ""reason"": ""SL"", ""percent"": 100, ""closedAt"": ""2026-05-14T14:23:44.163Z""}]",-1.015662231441307,-11.2809241455721,0.574399649367325,0.3446388053547089,-11.85532379493942,0.08,0.05,0.02,0.03,t,2.386,2026-05-14 14:19:59.999,2026-05-14 03:24:00.533,2026-05-14 14:23:44.267,2026-05-14 23:55:00
177,338,KASUSDT,SELL,SL_HIT,0.036678993,0.03744,0.03744,0.03744,"[0.03638, 0.03584999999999999, 0.03531999999999999]",555.3482150046792,11.10696430009359,535.333138610265,14595.08821875958,9.639594116742671,55.53482150046792,"[{""pnlR"": -1.014759391175114, ""price"": 0.037451232, ""pnlUsd"": -11.27089633096669, ""reason"": ""SL"", ""percent"": 100, ""closedAt"": ""2026-05-14T14:24:59.429Z""}]",-1.014759391175114,-11.27089633096669,0.5409685867757483,0.3245801668969984,-11.81186491774244,0.08,0.05,0.02,0.03,t,0.03744,2026-05-14 14:19:59.999,2026-05-14 03:24:00.714,2026-05-14 14:24:59.715,2026-05-14 23:55:00
178,349,STXUSDT,BUY,CLOSED,0.26718013,0.2619,0.2619,0.2715,"[0.2715, 0.2762999999999999, 0.2810999999999999]",547.1870694994484,10.94374138998897,553.7648215600065,2072.627262963029,10.12021029785253,54.71870694994485,"[{""pnlR"": 0.4090685267218808, ""price"": 0.2715, ""pnlUsd"": 4.476740167228053, ""reason"": ""TP1"", ""percent"": 50, ""closedAt"": ""2026-05-14T13:22:54.503Z""}, {""pnlR"": 0.5181616740496847, ""price"": 0.2762999999999999, ""pnlUsd"": 5.670627359003507, ""reason"": ""TP2"", ""percent"": 30, ""closedAt"": ""2026-05-14T14:49:05.518Z""}, {""pnlR"": 0.1605422593761906, ""price"": 0.27141855, ""pnlUsd"": 1.756932968777561, ""reason"": ""SL"", ""percent"": 20, ""closedAt"": ""2026-05-14T20:06:09.466Z""}]",1.087772460147756,11.90430049500912,0.4237692043752401,0.1998427206949123,11.48053129063388,0.08,0.05,0.02,0.03,t,0.272,2026-05-14 20:04:59.999,2026-05-14 05:44:01.895,2026-05-14 20:06:09.593,2026-05-14 23:55:00
179,351,FARTCOINUSDT,SELL,CLOSED,0.216115146,0.22025,0.22025,0.216115146,"[0.21297, 0.20933, 0.20569]",546.8099408506977,10.93619881701395,571.5989498115293,2644.881492070571,10.453338666855,54.68099408506976,"[{""pnlR"": 0.3803212882486323, ""price"": 0.21297, ""pnlUsd"": 4.159269222629914, ""reason"": ""TP1"", ""percent"": 50, ""closedAt"": ""2026-05-14T09:02:33.930Z""}, {""pnlR"": 0.2250247529900735, ""price"": 0.214254257, ""pnlUsd"": 2.460915437448899, ""reason"": ""MANUAL"", ""percent"": 50, ""closedAt"": ""2026-05-14T09:02:51.212Z""}]",0.6053460412387058,6.620184660078813,0.4837967957765496,0.2565072193047215,6.136387864302264,0.08,0.05,0.02,0.03,t,0.214254257,2026-05-14 09:02:51.212,2026-05-14 06:39:04.187,2026-05-14 09:02:51.212,2026-05-14 23:55:00
180,352,MUSDT,BUY,EXPIRED,3.35970761,3.2485,3.2485,3.2485,"[3.4447, 3.5428, 3.6409]",546.8099408506977,10.93619881701395,330.3949288182245,98.34038171501018,6.042226085067395,54.68099408506977,"[{""pnlR"": -0.02081808969727827, ""price"": 3.35739248, ""pnlUsd"": -0.2276707679198659, ""reason"": ""EXPIRED"", ""percent"": 100, ""closedAt"": ""2026-05-14T23:55:10.761Z""}]",-0.02081808969727827,-0.2276707679198659,0.3302810934342646,0.1981686534053443,-0.5579518613541306,0.08,0.05,0.02,0.03,t,3.3584,2026-05-14 23:50:00,2026-05-14 07:29:03.496,2026-05-14 23:55:10.761,2026-05-14 23:55:00
181,354,1000BONKUSDT,SELL,SL_HIT,0.0067669693,0.006902,0.006902,0.006902,"[0.006692, 0.006587, 0.006482]",558.7711226688191,11.17542245337638,560.0484975381787,82762.08635055854,10.02286043099827,55.8771122668819,"[{""pnlR"": -1.015334290646498, ""price"": 0.0069040706, ""pnlUsd"": -11.34678962937385, ""reason"": ""SL"", ""percent"": 100, ""closedAt"": ""2026-05-14T14:20:49.814Z""}]",-1.015334290646498,-11.34678962937385,0.5657218923528656,0.3394321447495413,-11.91251152172672,0.08,0.05,0.02,0.03,t,0.006903,2026-05-14 14:19:59.999,2026-05-14 08:59:04.487,2026-05-14 14:20:49.987,2026-05-14 23:55:00
182,355,IPUSDT,SELL,SL_HIT,0.52874133,0.5404,0.5404,0.5404,"[0.524, 0.5158, 0.5076]",564.9075105331214,11.29815021066243,512.3911191349821,969.0771083376101,9.070354165612388,56.49075105331213,"[{""pnlR"": -1.013905531248413, ""price"": 0.5405621199999999, ""pnlUsd"": -11.45525699146605, ""reason"": ""SL"", ""percent"": 100, ""closedAt"": ""2026-05-14T14:53:26.051Z""}]",-1.013905531248413,-11.45525699146605,0.5181187476307152,0.3108702455835828,-11.97337573909677,0.08,0.05,0.02,0.03,t,0.5407,2026-05-14 14:49:59.999,2026-05-14 09:24:04.441,2026-05-14 14:53:26.308,2026-05-14 23:55:00
183,358,SHIB1000USDT,SELL,SL_HIT,0.0062571223,0.006339,0.006339,0.006339,"[0.006187000000000001, 0.006111000000000001, 0.006035000000000001]",564.9075105331214,11.29815021066243,863.4085670687575,137988.1238806468,15.28406953297419,56.49075105331213,"[{""pnlR"": -1.023226104299463, ""price"": 0.0063409017, ""pnlUsd"": -11.56056222584628, ""reason"": ""SL"", ""percent"": 100, ""closedAt"": ""2026-05-14T14:49:01.656Z""}]",-1.023226104299463,-11.56056222584628,0.8691888481816807,0.5215123153945023,-12.42975107402796,0.08,0.05,0.02,0.03,t,0.006339,2026-05-14 14:44:59.999,2026-05-14 10:39:05.019,2026-05-14 14:49:01.797,2026-05-14 23:55:00
184,359,ZECUSDT,SELL,SL_HIT,521.683448,533.45,533.45,533.45,"[513.77, 503.9299999999999, 494.0899999999999]",564.9075105331214,11.29815021066243,500.916322633876,0.9601920945628237,8.867227170712338,56.49075105331213,"[{""pnlR"": -1.013600840756068, ""price"": 533.610035, ""pnlUsd"": -11.45181455251578, ""reason"": ""SL"", ""percent"": 100, ""closedAt"": ""2026-05-14T14:18:23.823Z""}]",-1.013600840756068,-11.45181455251578,0.5066422299101339,0.3039843346413864,-11.95845678242592,0.08,0.05,0.02,0.03,t,533.01,2026-05-14 14:14:59.999,2026-05-14 10:49:06.783,2026-05-14 14:18:23.933,2026-05-14 23:55:00
185,360,ORDIUSDT,BUY,CLOSED,4.6653992,4.536,4.536,4.6653992,"[4.692, 4.77, 4.848000000000001]",564.9075105331214,11.29815021066243,407.3470388866727,87.31236522839734,7.210862509196351,56.49075105331213,"[{""pnlR"": 0.1027857977483616, ""price"": 4.692, ""pnlUsd"": 1.161289382483765, ""reason"": ""TP1"", ""percent"": 50, ""closedAt"": ""2026-05-14T18:29:05.787Z""}, {""pnlR"": -0.005408146881896897, ""price"": 4.66399958024, ""pnlUsd"": -0.0611020558329972, ""reason"": ""SL"", ""percent"": 50, ""closedAt"": ""2026-05-14T18:33:58.963Z""}]",0.0973776508664647,1.100187326650768,0.3464466899022521,0.1832695172605553,0.7537406367485157,0.08,0.05,0.02,0.03,t,4.665,2026-05-14 18:29:59.999,2026-05-14 10:54:04.574,2026-05-14 18:33:59.062,2026-05-14 23:55:00
186,361,SEIUSDT,SELL,SL_HIT,0.065740272,0.06713,0.06713,0.06713,"[0.06484999999999999, 0.06370999999999999, 0.06256999999999999]",564.9075105331214,11.29815021066243,534.452402157695,8129.756478003239,9.460883280757148,56.49075105331213,"[{""pnlR"": -1.014491324921137, ""price"": 0.067150139, ""pnlUsd"": -11.46187537637295, ""reason"": ""SL"", ""percent"": 100, ""closedAt"": ""2026-05-14T14:41:04.722Z""}]",-1.014491324921137,-11.46187537637295,0.5401833398458814,0.3241090015085469,-12.00205871621884,0.08,0.05,0.02,0.03,t,0.06714,2026-05-14 14:39:59.999,2026-05-14 11:26:57.624,2026-05-14 14:41:04.926,2026-05-14 23:55:00
187,364,AEROUSDT,SELL,SL_HIT,0.46576023,0.4731,0.4731,0.4731,"[0.4631, 0.4581, 0.4531]",557.092639676954,11.14185279353908,707.0292284015559,1518.011162957292,12.69141212871789,55.70926396769541,"[{""pnlR"": -1.019337118193071, ""price"": 0.47324193, ""pnlUsd"": -11.35730411789754, ""reason"": ""SL"", ""percent"": 100, ""closedAt"": ""2026-05-14T14:48:20.265Z""}]",-1.019337118193071,-11.35730411789754,0.7127078804605047,0.4276237446049786,-12.07001199835805,0.08,0.05,0.02,0.03,t,0.4733,2026-05-14 14:44:59.999,2026-05-14 14:18:24.237,2026-05-14 14:48:20.446,2026-05-14 23:55:00
188,365,AAVEUSDT,BUY,CLOSED,98.639583,96.26,96.26,98.639583,"[99.24, 100.73, 102.22]",485.0111176539405,9.70022235307881,402.0981356460245,4.076437910793119,8.290493166239642,48.50111176539405,"[{""pnlR"": 0.1261601297370157, ""price"": 99.24, ""pnlUsd"": 1.223781310542322, ""reason"": ""TP1"", ""percent"": 50, ""closedAt"": ""2026-05-14T14:57:16.749Z""}, {""pnlR"": -0.00621786987467813, ""price"": 98.60999112510001, ""pnlUsd"": -0.06031472034688812, ""reason"": ""SL"", ""percent"": 50, ""closedAt"": ""2026-05-14T15:07:24.954Z""}]",0.1199422598623376,1.163466590195434,0.3419980142010559,0.1809079830618906,0.8214685759943781,0.08,0.05,0.02,0.03,t,98.65,2026-05-14 15:04:59.999,2026-05-14 14:49:02.183,2026-05-14 15:07:25.063,2026-05-14 23:55:00
189,366,USELESSUSDT,BUY,EXPIRED,0.06923076299999999,0.06249,0.06249,0.06249,"[0.07391, 0.07962, 0.08532999999999999]",485.0111176539405,9.70022235307881,99.6257834273809,1439.039223464588,2.054092778517806,48.50111176539405,"[{""pnlR"": -0.2315865429477325, ""price"": 0.067669693, ""pnlUsd"": -2.246440960573841, ""reason"": ""EXPIRED"", ""percent"": 100, ""closedAt"": ""2026-05-14T23:55:00.389Z""}]",-0.2315865429477325,-2.246440960573841,0.09850256294709399,0.05910134090767664,-2.344943523520935,0.08,0.05,0.02,0.03,t,0.06769,2026-05-14 23:54:59.999,2026-05-14 14:49:03.868,2026-05-14 23:55:00.389,2026-05-14 23:55:00
190,373,VVVUSDT,BUY,EXPIRED,14.8984682,13.001,13.001,13.001,"[15.887, 17.33000000000001, 18.773]",479.4954778350763,9.589909556701526,75.29768486839134,5.054055481246813,1.570352346352892,47.94954778350763,"[{""pnlR"": -0.1179845332849314, ""price"": 14.6745963, ""pnlUsd"": -1.131461003292133, ""reason"": ""EXPIRED"", ""percent"": 100, ""closedAt"": ""2026-05-14T23:55:00.397Z""}]",-0.1179845332849314,-1.131461003292133,0.07473195436674528,0.04483907482406876,-1.206192957658878,0.08,0.05,0.02,0.03,t,14.679,2026-05-14 23:54:59.999,2026-05-14 15:09:04.574,2026-05-14 23:55:00.397,2026-05-14 23:55:00
191,374,DOGEUSDT,BUY,CLOSED,0.117055106,0.11231,0.11231,0.117055106,"[0.11849, 0.12158, 0.12467]",479.4954778350763,9.589909556701526,236.5696108137754,2021.010606865585,4.933719331032859,47.94954778350763,"[{""pnlR"": 0.1511972546029518, ""price"": 0.11849, ""pnlUsd"": 1.449967996863885, ""reason"": ""TP1"", ""percent"": 50, ""closedAt"": ""2026-05-14T18:28:27.181Z""}, {""pnlR"": -0.003700289498274068, ""price"": 0.1170199894682, ""pnlUsd"": -0.03548544162206088, ""reason"": ""SL"", ""percent"": 50, ""closedAt"": ""2026-05-14T18:53:48.685Z""}]",0.1474969651046777,1.414482555241824,0.2013564200702708,0.1064350399866701,1.213126135171553,0.08,0.05,0.02,0.03,t,0.11704,2026-05-14 18:49:59.999,2026-05-14 18:19:05.211,2026-05-14 18:53:48.781,2026-05-14 23:55:00
192,378,POLUSDT,SELL,CLOSED,0.094881527,0.09631,0.09631,0.094881527,"[0.09442999999999999, 0.09348999999999998, 0.09254999999999997]",483.1630226271335,9.66326045254267,641.8496587166511,6764.748407945112,13.28432907027281,48.31630226271335,"[{""pnlR"": 0.1580453393238804, ""price"": 0.09442999999999999, ""pnlUsd"": 1.52723327719714, ""reason"": ""TP1"", ""percent"": 50, ""closedAt"": ""2026-05-14T23:50:45.728Z""}, {""pnlR"": -0.009963246802702623, ""price"": 0.09490999145809999, ""pnlUsd"": -0.09627744880747846, ""reason"": ""SL"", ""percent"": 50, ""closedAt"": ""2026-05-15T00:21:15.135Z""}]",0.1480820925211778,1.430955828389662,0.5453149019781178,0.288890130226907,0.8856409264115437,0.08,0.05,0.02,0.03,t,0.09489,2026-05-15 00:19:59.999,2026-05-14 22:52:22.805,2026-05-15 00:21:15.42,2026-05-14 23:55:00
193,383,STXUSDT,SELL,CLOSED,0.26532038,0.2692,0.2692,0.2581000000000001,"[0.2618, 0.2581000000000001, 0.2544000000000001]",479.9395752110111,9.598791504220223,656.4444480233888,2474.157650548324,13.67764781086817,47.99395752110111,"[{""pnlR"": 0.4537016511926516, ""price"": 0.2618, ""pnlUsd"": 4.35498755491871, ""reason"": ""TP1"", ""percent"": 50, ""closedAt"": ""2026-05-15T04:57:46.584Z""}, {""pnlR"": 0.5583314860733757, ""price"": 0.2581000000000001, ""pnlUsd"": 5.359307525059769, ""reason"": ""TP2"", ""percent"": 30, ""closedAt"": ""2026-05-15T08:26:11.935Z""}, {""pnlR"": 0.5629613209541127, ""price"": 0.2544000000000001, ""pnlUsd"": 5.40374834477893, ""reason"": ""TP3"", ""percent"": 20, ""closedAt"": ""2026-05-15T13:00:56.297Z""}]",1.57499445822014,15.11804342475741,0.4564875049314207,0.1969924321366637,14.66155591982599,0.08,0.05,0.02,0.03,t,0.2544,2026-05-15 12:59:59.999,2026-05-15 04:07:21.903,2026-05-15 13:00:56.388,2026-05-15 23:55:00
194,384,KASUSDT,SELL,CLOSED,0.037428768,0.03809,0.03809,0.03647,"[0.03701, 0.03647, 0.03593]",479.9395752110111,9.598791504220223,543.3356829249507,14516.52597608745,11.32091852783898,47.99395752110111,"[{""pnlR"": 0.3166573910518558, ""price"": 0.03701, ""pnlUsd"": 3.039528274977094, ""reason"": ""TP1"", ""percent"": 50, ""closedAt"": ""2026-05-15T05:32:17.811Z""}, {""pnlR"": 0.4349916519466702, ""price"": 0.03647, ""pnlUsd"": 4.175394173112418, ""reason"": ""TP2"", ""percent"": 30, ""closedAt"": ""2026-05-15T08:30:52.201Z""}, {""pnlR"": 0.4533259128414868, ""price"": 0.03593, ""pnlUsd"": 4.35138092082574, ""reason"": ""TP3"", ""percent"": 20, ""closedAt"": ""2026-05-15T12:48:14.804Z""}]",1.204974955840013,11.56630336891525,0.3780217173736825,0.1630496197634129,11.18828165154157,0.08,0.05,0.02,0.03,t,0.03594,2026-05-15 12:44:59.999,2026-05-15 04:12:21.686,2026-05-15 12:48:14.977,2026-05-15 23:55:00
195,385,USELESSUSDT,SELL,CLOSED,0.067069873,0.0694,0.0694,0.06529999999999998,"[0.06529999999999998, 0.06324999999999997, 0.06119999999999996]",479.9395752110111,9.598791504220223,276.2895443645471,4119.428470731517,5.756756863467097,47.99395752110111,"[{""pnlR"": 0.3797803724861388, ""price"": 0.06529999999999998, ""pnlUsd"": 3.64543261288954, ""reason"": ""TP1"", ""percent"": 50, ""closedAt"": ""2026-05-15T05:39:34.666Z""}, {""pnlR"": 0.4918023352375249, ""price"": 0.06324999999999997, ""pnlUsd"": 4.720708077233621, ""reason"": ""TP2"", ""percent"": 30, ""closedAt"": ""2026-05-15T07:20:53.893Z""}, {""pnlR"": 0.1502306955801137, ""price"": 0.06531958999999998, ""pnlUsd"": 1.44203312440749, ""reason"": ""SL"", ""percent"": 20, ""closedAt"": ""2026-05-15T07:29:01.062Z""}]",1.021813403303777,9.808173814530651,0.2075858090168275,0.09905165757871777,9.600588005513824,0.08,0.05,0.02,0.03,t,0.06531,2026-05-15 07:24:59.999,2026-05-15 04:27:21.694,2026-05-15 07:29:01.349,2026-05-15 23:55:00
196,386,ORDIUSDT,SELL,EXPIRED,4.552633800000001,4.769,4.769,4.552633800000001,"[4.388999999999999, 4.198999999999999, 4.008999999999999]",479.9395752110111,9.598791504220223,201.9713922103634,44.36363676128825,4.208267095322663,47.99395752110111,"[{""pnlR"": 0.3781408556419664, ""price"": 4.388999999999999, ""pnlUsd"": 3.629695232534673, ""reason"": ""TP1"", ""percent"": 50, ""closedAt"": ""2026-05-15T13:38:03.966Z""}, {""pnlR"": 0.6293730259162503, ""price"": 4.2802837, ""pnlUsd"": 6.041220454150278, ""reason"": ""EXPIRED"", ""percent"": 50, ""closedAt"": ""2026-05-15T23:55:04.318Z""}]",1.007513881558217,9.670915686684951,0.1679291341052268,0.08908440079849182,9.502986552579724,0.08,0.05,0.02,0.03,t,4.279,2026-05-15 23:54:59.999,2026-05-15 04:32:19.621,2026-05-15 23:55:04.318,2026-05-15 23:55:00
197,387,POLUSDT,SELL,CLOSED,0.093631902,0.09492,0.09492,0.09138,"[0.09256, 0.09138, 0.0902]",479.9395752110111,9.598791504220223,697.7365894843247,7451.910882728032,14.53800906452769,47.99395752110111,"[{""pnlR"": 0.4160793666320414, ""price"": 0.09256, ""pnlUsd"": 3.99385908950897, ""reason"": ""TP1"", ""percent"": 50, ""closedAt"": ""2026-05-15T13:01:31.583Z""}, {""pnlR"": 0.5244714299688372, ""price"": 0.09138, ""pnlUsd"": 5.034291906191107, ""reason"": ""TP2"", ""percent"": 30, ""closedAt"": ""2026-05-15T13:36:27.711Z""}, {""pnlR"": 0.5328634933056331, ""price"": 0.0902, ""pnlUsd"": 5.114845572451221, ""reason"": ""TP3"", ""percent"": 20, ""closedAt"": ""2026-05-15T13:51:24.862Z""}]",1.473414289906512,14.1429965681513,0.485587013325397,0.20938379198282,13.6574095548259,0.08,0.05,0.02,0.03,t,0.0902,2026-05-15 13:49:59.999,2026-05-15 04:32:19.803,2026-05-15 13:51:24.986,2026-05-15 23:55:00
198,388,DOGEUSDT,SELL,CLOSED,0.114775557,0.11741,0.11741,0.114775557,"[0.11279, 0.11048, 0.10817]",479.9395752110111,9.598791504220223,418.1933871500518,3643.575322836828,8.713459125894925,47.99395752110111,"[{""pnlR"": 0.3768456937576555, ""price"": 0.11279, ""pnlUsd"": 3.61726324364296, ""reason"": ""TP1"", ""percent"": 50, ""closedAt"": ""2026-05-15T05:36:10.887Z""}, {""pnlR"": -0.00653509434442141, ""price"": 0.1148099896671, ""pnlUsd"": -0.06272900807250985, ""reason"": ""SL"", ""percent"": 50, ""closedAt"": ""2026-05-15T07:02:10.178Z""}]",0.3703105994132341,3.55453423557045,0.3547722909328517,0.1882246729169609,3.199761944637598,0.08,0.05,0.02,0.03,t,0.11481,2026-05-15 06:59:59.999,2026-05-15 04:42:19.61,2026-05-15 07:02:10.528,2026-05-15 23:55:00
199,389,MUSDT,BUY,SL_HIT,3.37341172,3.3358,3.3358,3.3358,"[3.4058, 3.4408, 3.4758]",479.9395752110111,9.598791504220223,860.9198345136356,255.2074593828813,17.93808802149983,47.9939575211011,"[{""pnlR"": -1.026607132032245, ""price"": 3.33479926, ""pnlUsd"": -9.854187817123119, ""reason"": ""SL"", ""percent"": 100, ""closedAt"": ""2026-05-15T06:04:27.589Z""}]",-1.026607132032245,-9.854187817123119,0.8559927406050741,0.5135948037095585,-10.71018055772819,0.08,0.05,0.02,0.03,t,3.3379,2026-05-15 05:59:59.999,2026-05-15 04:57:14.84,2026-05-15 06:04:27.709,2026-05-15 23:55:00
200,390,SHIB1000USDT,SELL,EXPIRED,0.0062851139,0.006389,0.006389,0.006199000000000001,"[0.006199000000000001, 0.006104000000000001, 0.006009000000000001]",479.9395752110111,9.598791504220223,580.7273341320602,92397.26492976685,12.10000933714909,47.99395752110111,"[{""pnlR"": 0.4144630513610527, ""price"": 0.006199000000000001, ""pnlUsd"": 3.978344416217662, ""reason"": ""TP1"", ""percent"": 50, ""closedAt"": ""2026-05-15T13:30:24.084Z""}, {""pnlR"": 0.5230167462249511, ""price"": 0.006104000000000001, ""pnlUsd"": 5.020328700228966, ""reason"": ""TP2"", ""percent"": 30, ""closedAt"": ""2026-05-15T13:45:46.729Z""}, {""pnlR"": 0.3124144616074745, ""price"": 0.006122836299999999, ""pnlUsd"": 2.998801279873362, ""reason"": ""EXPIRED"", ""percent"": 20, ""closedAt"": ""2026-05-15T23:55:04.585Z""}]",1.249894259193479,11.99747439631999,0.4380536386771398,0.2082043009021326,11.55942075764285,0.08,0.05,0.02,0.03,t,0.006121,2026-05-15 23:50:00,2026-05-15 04:57:15.022,2026-05-15 23:55:04.585,2026-05-15 23:55:00
201,391,LDOUSDT,SELL,CLOSED,0.38198537,0.3923,0.3923,0.38198537,"[0.3741, 0.365, 0.3559]",483.9015670946268,9.678031341892536,358.4099849441444,938.2819686108512,7.406671300861015,48.39015670946268,"[{""pnlR"": 0.3822420193453381, ""price"": 0.3741, ""pnlUsd"": 3.699350243412475, ""reason"": ""TP1"", ""percent"": 50, ""closedAt"": ""2026-05-15T05:36:26.275Z""}, {""pnlR"": -0.005555003475644209, ""price"": 0.382099965611, ""pnlUsd"": -0.05376149774160662, ""reason"": ""SL"", ""percent"": 50, ""closedAt"": ""2026-05-15T07:26:09.076Z""}]",0.3766870158696939,3.645588745670868,0.3039354979027111,0.1613167598034727,3.341653247768157,0.08,0.05,0.02,0.03,t,0.382,2026-05-15 07:24:59.999,2026-05-15 05:02:13.6,2026-05-15 07:26:09.167,2026-05-15 23:55:00
202,392,DYDXUSDT,SELL,EXPIRED,0.153074064,0.15764,0.15764,0.14928,"[0.14928, 0.1451, 0.14092]",483.9015670946268,9.678031341892536,324.4582466821406,2119.616074752811,6.705046413265549,48.39015670946268,"[{""pnlR"": 0.4154749431441899, ""price"": 0.14928, ""pnlUsd"": 4.02097952152049, ""reason"": ""TP1"", ""percent"": 50, ""closedAt"": ""2026-05-15T12:37:09.246Z""}, {""pnlR"": 0.5239274488297699, ""price"": 0.1451, ""pnlUsd"": 5.070586270652311, ""reason"": ""TP2"", ""percent"": 30, ""closedAt"": ""2026-05-15T13:38:36.928Z""}, {""pnlR"": 0.217683559296496, ""price"": 0.148104418, ""pnlUsd"": 2.106748309486211, ""reason"": ""EXPIRED"", ""percent"": 20, ""closedAt"": ""2026-05-15T23:55:03.800Z""}]",1.157085951270456,11.19831410165901,0.2437165801652492,0.1161965053715076,10.95459752149376,0.08,0.05,0.02,0.03,t,0.14806,2026-05-15 23:54:59.999,2026-05-15 05:02:13.781,2026-05-15 23:55:03.8,2026-05-15 23:55:00
203,398,ETHUSDT,SELL,EXPIRED,2246.645804,2299.45,2299.45,2246.645804,"[2218.21, 2177.59, 2136.97]",486.2380240670654,9.724760481341308,413.7567463447534,0.184166434071667,8.509345749720412,48.62380240670653,"[{""pnlR"": 0.2692570491935944, ""price"": 2218.21, ""pnlUsd"": 2.61846031132044, ""reason"": ""TP1"", ""percent"": 50, ""closedAt"": ""2026-05-15T13:51:17.222Z""}, {""pnlR"": 0.2104821272158036, ""price"": 2224.417125, ""pnlUsd"": 2.046888272776901, ""reason"": ""EXPIRED"", ""percent"": 50, ""closedAt"": ""2026-05-15T23:55:00.531Z""}]",0.479739176409398,4.665348584097341,0.3501460981943879,0.1855952893503953,4.315202485902953,0.08,0.05,0.02,0.03,t,2223.75,2026-05-15 23:54:59.999,2026-05-15 06:04:28.363,2026-05-15 23:55:00.531,2026-05-15 23:55:00
204,406,1000BONKUSDT,SELL,CLOSED,0.006788962700000001,0.006945,0.006945,0.006594,"[0.006711, 0.006594, 0.006477]",486.0707153477014,9.721414306954028,422.9650161926514,62301.86184299574,8.701717730311966,48.60707153477014,"[{""pnlR"": 0.249820715944204, ""price"": 0.006711, ""pnlUsd"": 2.428610682153483, ""reason"": ""TP1"", ""percent"": 50, ""closedAt"": ""2026-05-15T13:01:16.910Z""}, {""pnlR"": 0.3748386443497836, ""price"": 0.006594, ""pnlUsd"": 3.643961759981238, ""reason"": ""TP2"", ""percent"": 30, ""closedAt"": ""2026-05-15T13:31:28.692Z""}, {""pnlR"": 0.3998565727553632, ""price"": 0.006477, ""pnlUsd"": 3.887171407113592, ""reason"": ""TP3"", ""percent"": 20, ""closedAt"": ""2026-05-15T13:51:04.873Z""}]",1.024515933049351,9.959743849248312,0.2940835625650062,0.1269275831327066,9.665660286683305,0.08,0.05,0.02,0.03,t,0.006481,2026-05-15 13:49:59.999,2026-05-15 07:02:11.031,2026-05-15 13:51:05.029,2026-05-15 23:55:00
206,407,AAVEUSDT,SELL,EXPIRED,97.21082799999999,99.07,99.07,95.57,"[95.57, 93.82, 92.07]",492.0475245056953,9.840950490113906,514.5553748932202,5.293189920090181,10.45743244842327,49.20475245056953,"[{""pnlR"": 0.4412792361330738, ""price"": 95.57, ""pnlUsd"": 4.342607115100863, ""reason"": ""TP1"", ""percent"": 50, ""closedAt"": ""2026-05-15T12:48:07.739Z""}, {""pnlR"": 0.5471513125197665, ""price"": 93.82, ""pnlUsd"": 5.384488977107862, ""reason"": ""TP2"", ""percent"": 30, ""closedAt"": ""2026-05-15T13:43:58.629Z""}, {""pnlR"": 0.4618142915233222, ""price"": 92.917867, ""pnlUsd"": 4.544691578508044, ""reason"": ""EXPIRED"", ""percent"": 20, ""closedAt"": ""2026-05-15T23:55:02.056Z""}]",1.450244840176162,14.27178767071677,0.3868443199111516,0.1839140010495159,13.88494335080562,0.08,0.05,0.02,0.03,t,92.89,2026-05-15 23:54:59.999,2026-05-15 07:29:01.675,2026-05-15 23:55:02.056,2026-05-15 23:55:00
207,417,SEIUSDT,SELL,CLOSED,0.06584024200000001,0.06753,0.06753,0.06449999999999997,"[0.06550999999999998, 0.06449999999999997, 0.06348999999999996]",513.7045152870465,10.27409030574093,400.3227634133628,6080.214034045664,7.792860516121248,51.37045152870465,"[{""pnlR"": 0.09771872658689065, ""price"": 0.06550999999999998, ""pnlUsd"": 1.003971021515722, ""reason"": ""TP1"", ""percent"": 50, ""closedAt"": ""2026-05-15T13:01:16.564Z""}, {""pnlR"": 0.2379468539282016, ""price"": 0.06449999999999997, ""pnlUsd"": 2.444687465225289, ""reason"": ""TP2"", ""percent"": 30, ""closedAt"": ""2026-05-15T13:31:38.155Z""}, {""pnlR"": 0.2781749812695125, ""price"": 0.06348999999999996, ""pnlUsd"": 2.857994878360764, ""reason"": ""TP3"", ""percent"": 20, ""closedAt"": ""2026-05-15T13:51:20.884Z""}]",0.6138405617846048,6.306653365101775,0.2789646037163336,0.1201328688846422,6.027688761385441,0.08,0.05,0.02,0.03,t,0.06348,2026-05-15 13:49:59.999,2026-05-15 12:49:22.202,2026-05-15 13:51:21.007,2026-05-15 23:55:00
208,419,VVVUSDT,SELL,EXPIRED,13.925821,14.793,14.793,14.793,"[13.115, 12.276, 11.437]",519.0830866035735,10.38166173207147,166.7166328559358,11.97176330615881,3.211752360239357,51.90830866035735,"[{""pnlR"": 0.1218620377107835, ""price"": 13.8201448, ""pnlUsd"": 1.265130453494294, ""reason"": ""EXPIRED"", ""percent"": 100, ""closedAt"": ""2026-05-15T23:55:04.610Z""}]",0.1218620377107835,1.265130453494294,0.1660840676291886,0.0996505634077767,1.099046385865106,0.08,0.05,0.02,0.03,t,13.816,2026-05-15 23:50:00,2026-05-15 13:00:56.879,2026-05-15 23:55:04.61,2026-05-15 23:55:00
209,424,ZECUSDT,SELL,CLOSED,525.192395,564.44,564.44,525.192395,"[518.5999999999999, 495.6799999999998, 472.7599999999998]",548.8243772349167,10.97648754469833,146.8820271272039,0.279672799007693,2.676302897973009,54.88243772349168,"[{""pnlR"": 0.08398467881033914, ""price"": 518.5999999999999, ""pnlUsd"": 0.9218567809071775, ""reason"": ""TP1"", ""percent"": 50, ""closedAt"": ""2026-05-15T15:16:01.411Z""}, {""pnlR"": -0.002007227173479956, ""price"": 525.3499527185, ""pnlUsd"": -0.02203230406908277, ""reason"": ""SL"", ""percent"": 50, ""closedAt"": ""2026-05-15T18:08:05.733Z""}]",0.08197745163685918,0.8998244768380947,0.1246763678539765,0.06611013555668731,0.7751481089841183,0.08,0.05,0.02,0.03,t,524.52,2026-05-15 18:04:59.999,2026-05-15 13:39:22.533,2026-05-15 18:08:05.831,2026-05-15 23:55:00
210,426,SIRENUSDT,SELL,CLOSED,0.494871494,0.56939,0.56939,0.494871494,"[0.4894500000000001, 0.4494800000000001, 0.4095100000000002]",573.3378317543569,11.46675663508714,76.14982226482091,153.8779727425983,1.328184153343065,57.33378317543569,"[{""pnlR"": 0.03637682966966568, ""price"": 0.4894500000000001, ""pnlUsd"": 0.4171242529780737, ""reason"": ""TP1"", ""percent"": 50, ""closedAt"": ""2026-05-15T13:58:46.218Z""}, {""pnlR"": -0.000996138115007069, ""price"": 0.4950199554482, ""pnlUsd"": -0.0114224733397205, ""reason"": ""SL"", ""percent"": 50, ""closedAt"": ""2026-05-15T14:11:57.829Z""}]",0.03538069155465862,0.4057017796383532,0.06464963531117202,0.03427427555983168,0.3410521443271812,0.08,0.05,0.02,0.03,t,0.49492,2026-05-15 14:09:59.999,2026-05-15 13:54:22.403,2026-05-15 14:11:57.935,2026-05-15 23:55:00
211,428,AAVEUSDT,SELL,CLOSED,92.092364,93.36,93.36,90.21000000000001,"[91.26, 90.21000000000001, 89.16000000000001]",593.004391333066,11.86008782666132,861.6223625747981,9.356067377907664,14.52978047325893,59.3004391333066,"[{""pnlR"": 0.3283134906234917, ""price"": 91.26, ""pnlUsd"": 3.893826833472359, ""reason"": ""TP1"", ""percent"": 50, ""closedAt"": ""2026-05-16T04:33:10.079Z""}, {""pnlR"": 0.4454821415611425, ""price"": 90.21000000000001, ""pnlUsd"": 5.283457324124321, ""reason"": ""TP2"", ""percent"": 30, ""closedAt"": ""2026-05-16T06:20:16.649Z""}, {""pnlR"": 0.4626507924987934, ""price"": 89.16000000000001, ""pnlUsd"": 5.487079032110152, ""reason"": ""TP3"", ""percent"": 20, ""closedAt"": ""2026-05-16T07:11:49.828Z""}]",1.236446424683427,14.66436318970683,0.6002027811644173,0.2585642780558665,14.06416040854242,0.08,0.05,0.02,0.03,t,89.2,2026-05-16 07:09:59.999,2026-05-16 03:31:15.871,2026-05-16 07:11:49.92,2026-05-16 23:55:00
212,429,STXUSDT,SELL,TP2_HIT,0.24682593,0.2506,0.2506,0.2444,"[0.2444, 0.2413, 0.2382]",593.004391333066,11.86008782666132,775.6552495574774,3142.519303208854,13.08009284406503,59.3004391333066,"[{""pnlR"": 0.3213944097486267, ""price"": 0.2444, ""pnlUsd"": 3.811765926616717, ""reason"": ""TP1"", ""percent"": 50, ""closedAt"": ""2026-05-16T06:13:11.264Z""}, {""pnlR"": 0.4392549687737662, ""price"": 0.2413, ""pnlUsd"": 5.209602507954282, ""reason"": ""TP2"", ""percent"": 30, ""closedAt"": ""2026-05-16T07:13:03.107Z""}]",0.7606493785223929,9.021368434570999,0.5101281910210209,0.2327664047886221,8.511240243549977,0.08,0.05,0.02,0.03,t,0.24,2026-05-16 08:34:59.999,2026-05-16 03:31:16.052,,2026-05-16 23:55:00
213,430,KASUSDT,SELL,CLOSED,0.034829548,0.03523,0.03523,0.03426999999999999,"[0.03459, 0.03426999999999999, 0.03394999999999999]",593.004391333066,11.86008782666132,1031.538107545775,29616.75263617475,17.39511751720575,59.30043913330659,"[{""pnlR"": 0.2990970203669875, ""price"": 0.03459, ""pnlUsd"": 3.547316930245182, ""reason"": ""TP1"", ""percent"": 50, ""closedAt"": ""2026-05-16T06:22:16.609Z""}, {""pnlR"": 0.4191873183303018, ""price"": 0.03426999999999999, ""pnlUsd"": 4.971598411220016, ""reason"": ""TP2"", ""percent"": 30, ""closedAt"": ""2026-05-16T07:12:22.349Z""}, {""pnlR"": 0.4392776162936005, ""price"": 0.03394999999999999, ""pnlUsd"": 5.209871109528533, ""reason"": ""TP3"", ""percent"": 20, ""closedAt"": ""2026-05-16T07:13:23.401Z""}]",1.15756195499089,13.72878645099373,0.7193309179918439,0.3095542985533302,13.00945553300189,0.08,0.05,0.02,0.03,t,0.03394,2026-05-16 07:09:59.999,2026-05-16 03:46:12.589,2026-05-16 07:13:23.632,2026-05-16 23:55:00
214,431,ZECUSDT,SELL,TP1_HIT,505.1983950000001,519.45,519.45,505.1983950000001,"[493.9299999999999, 481.1699999999999, 468.4099999999999]",593.004391333066,11.86008782666132,420.4226355269,0.8321931338022163,7.089705264775451,59.3004391333066,"[{""pnlR"": 0.3953377531864055, ""price"": 493.9299999999999, ""pnlUsd"": 4.688740473985706, ""reason"": ""TP1"", ""percent"": 50, ""closedAt"": ""2026-05-16T07:05:42.166Z""}]",0.3953377531864055,4.688740473985706,0.2513158332213429,0.1261646400500525,4.437424640764363,0.08,0.05,0.02,0.03,t,495.32,2026-05-16 08:34:59.999,2026-05-16 03:51:11.975,,2026-05-16 23:55:00
215,432,VVVUSDT,SELL,OPEN,13.2140346,13.843,13.843,13.843,"[12.853, 12.358, 11.863]",593.004391333066,11.86008782666132,249.1704804438232,18.85650280072849,4.201831960867799,59.3004391333066,[],0,0,0.1245852402219116,0.0747735762060131,-0.1245852402219116,0.08,0.05,0.02,0.03,t,13.195,2026-05-16 08:34:59.999,2026-05-16 03:56:11.423,,2026-05-16 23:55:00
216,433,ENAUSDT,BUY,SL_HIT,0.111663489,0.11021,0.11021,0.11021,"[0.11273, 0.11399, 0.11525]",593.004391333066,11.86008782666132,911.1446915466445,8159.736899736713,15.36488944876788,59.3004391333066,"[{""pnlR"": -1.022747334173151, ""price"": 0.110176937, ""pnlUsd"": -12.12987320777743, ""reason"": ""SL"", ""percent"": 100, ""closedAt"": ""2026-05-16T04:34:45.877Z""}]",-1.022747334173151,-12.12987320777743,0.9050797549427558,0.5430468101512573,-13.03495296272018,0.08,0.05,0.02,0.03,t,0.11021,2026-05-16 04:29:59.999,2026-05-16 04:01:11.906,2026-05-16 04:34:45.969,2026-05-16 23:55:00
217,434,LDOUSDT,SELL,CLOSED,0.359892,0.3643,0.3643,0.3546999999999999,"[0.3578999999999999, 0.3546999999999999, 0.3514999999999999]",593.004391333066,11.86008782666132,968.3191306970903,2690.582537808816,16.3290381125226,59.3004391333066,"[{""pnlR"": 0.2259528130671613, ""price"": 0.3578999999999999, ""pnlUsd"": 2.679820207657722, ""reason"": ""TP1"", ""percent"": 50, ""closedAt"": ""2026-05-16T04:28:31.234Z""}, {""pnlR"": 0.3533575317604395, ""price"": 0.3546999999999999, ""pnlUsd"": 4.190851360891081, ""reason"": ""TP2"", ""percent"": 30, ""closedAt"": ""2026-05-16T06:21:14.270Z""}, {""pnlR"": 0.3807622504537216, ""price"": 0.3514999999999999, ""pnlUsd"": 4.515873731458353, ""reason"": ""TP3"", ""percent"": 20, ""closedAt"": ""2026-05-16T06:50:09.639Z""}]",0.9600725952813224,11.38654530000715,0.6755460824279619,0.290582914083344,10.71099921757919,0.08,0.05,0.02,0.03,t,0.3516,2026-05-16 06:49:59.999,2026-05-16 04:06:10.197,2026-05-16 06:50:09.858,2026-05-16 23:55:00
218,435,1000BONKUSDT,SELL,CLOSED,0.0065100464,0.00655,0.00655,0.006477999999999999,"[0.006477999999999999, 0.006441999999999999, 0.006405999999999999]",593.004391333066,11.86008782666132,1932.484733782201,296846.537650208,32.5880341195788,59.3004391333066,"[{""pnlR"": 0.4010452124464513, ""price"": 0.006477999999999999, ""pnlUsd"": 4.756431442076959, ""reason"": ""TP1"", ""percent"": 50, ""closedAt"": ""2026-05-16T04:33:00.756Z""}, {""pnlR"": 0.5109406912018061, ""price"": 0.006441999999999999, ""pnlUsd"": 6.059801471868461, ""reason"": ""TP2"", ""percent"": 30, ""closedAt"": ""2026-05-16T04:33:28.839Z""}, {""pnlR"": 0.1506898001682002, ""price"": 0.006479943399999999, ""pnlUsd"": 1.787194264576898, ""reason"": ""SL"", ""percent"": 20, ""closedAt"": ""2026-05-16T05:26:22.841Z""}]",1.062675703816458,12.60342717852232,1.465631553959395,0.6952977082073485,11.13779562456292,0.08,0.05,0.02,0.03,t,0.006478,2026-05-16 05:24:59.999,2026-05-16 04:06:10.38,2026-05-16 05:26:22.932,2026-05-16 23:55:00
219,436,USELESSUSDT,SELL,TP2_HIT,0.059712081,0.06148,0.06148,0.05878000000000001,"[0.05878000000000001, 0.05743000000000001, 0.05608000000000001]",593.004391333066,11.86008782666132,400.5786039816953,6708.501818613478,6.755069774124268,59.3004391333066,"[{""pnlR"": 0.2636096450120134, ""price"": 0.05878000000000001, ""pnlUsd"": 3.126433541797492, ""reason"": ""TP1"", ""percent"": 50, ""closedAt"": ""2026-05-16T06:00:55.319Z""}, {""pnlR"": 0.3872486805108138, ""price"": 0.05743000000000001, ""pnlUsd"": 4.592803361616961, ""reason"": ""TP2"", ""percent"": 30, ""closedAt"": ""2026-05-16T07:01:42.422Z""}]",0.6508583255228273,7.719236903414453,0.262838031247236,0.1202096440877228,7.456398872167217,0.08,0.05,0.02,0.03,t,0.05756,2026-05-16 08:34:59.999,2026-05-16 04:11:10.822,,2026-05-16 23:55:00
220,437,DOGEUSDT,SELL,CLOSED,0.111656493,0.11342,0.11342,0.111656493,"[0.11088, 0.10961, 0.10834]",595.103756026347,11.90207512052694,753.5802054545753,6749.094344693195,12.66300536374387,59.5103756026347,"[{""pnlR"": 0.220155916591197, ""price"": 0.11088, ""pnlUsd"": 2.62031225749689, ""reason"": ""TP1"", ""percent"": 50, ""closedAt"": ""2026-05-16T04:34:46.300Z""}, {""pnlR"": -0.009497254022808599, ""price"": 0.1116899899479, ""pnlUsd"": -0.1130370308181946, ""reason"": ""SL"", ""percent"": 50, ""closedAt"": ""2026-05-16T04:57:45.064Z""}]",0.2106586625683884,2.507275226678695,0.6400756307002987,0.3391789350258434,1.867199595978397,0.08,0.05,0.02,0.03,t,0.11167,2026-05-16 04:54:59.999,2026-05-16 04:29:04.794,2026-05-16 04:57:45.231,2026-05-16 23:55:00
221,444,DYDXUSDT,SELL,CLOSED,0.146176134,0.14949,0.14949,0.14313,"[0.14525, 0.14313, 0.14101]",597.1580796778286,11.94316159355657,526.8182809695277,3603.996538651978,8.822090814776386,59.71580796778286,"[{""pnlR"": 0.1397361872809618, ""price"": 0.14525, ""pnlUsd"": 1.668891865163997, ""reason"": ""TP1"", ""percent"": 50, ""closedAt"": ""2026-05-16T06:13:52.904Z""}, {""pnlR"": 0.2757625685528631, ""price"": 0.14313, ""pnlUsd"": 3.293476917681037, ""reason"": ""TP2"", ""percent"": 30, ""closedAt"": ""2026-05-16T07:13:05.552Z""}, {""pnlR"": 0.3117889498247677, ""price"": 0.14101, ""pnlUsd"": 3.723745810842472, ""reason"": ""TP3"", ""percent"": 20, ""closedAt"": ""2026-05-16T07:15:34.222Z""}]",0.7272877056585927,8.686114593687506,0.367035573759932,0.1580929121645203,8.319079019927575,0.08,0.05,0.02,0.03,t,0.14108,2026-05-16 07:14:59.999,2026-05-16 04:36:06.935,2026-05-16 07:15:34.314,2026-05-16 23:55:00
222,447,TRUMPUSDT,SELL,CLOSED,2.2273316,2.258,2.258,2.195,"[2.216, 2.195, 2.174]",596.8565910771314,11.93713182154263,866.9493980607959,389.232298442134,14.52525465951939,59.68565910771314,"[{""pnlR"": 0.1847439057792322, ""price"": 2.216, ""pnlUsd"": 2.205312356513377, ""reason"": ""TP1"", ""percent"": 50, ""closedAt"": ""2026-05-16T06:07:43.599Z""}, {""pnlR"": 0.3162695152013132, ""price"": 2.195, ""pnlUsd"": 3.775350894093511, ""reason"": ""TP2"", ""percent"": 30, ""closedAt"": ""2026-05-16T06:21:19.475Z""}, {""pnlR"": 0.3477951246233886, ""price"": 2.174, ""pnlUsd"": 4.151676249519297, ""reason"": ""TP3"", ""percent"": 20, ""closedAt"": ""2026-05-16T07:12:24.000Z""}]",0.848808545603934,10.13233950012619,0.6048381107425319,0.2601628682786843,9.527501389383653,0.08,0.05,0.02,0.03,t,2.174,2026-05-16 07:09:59.999,2026-05-16 04:57:45.999,2026-05-16 07:12:24.175,2026-05-16 23:55:00
223,453,ARUSDT,SELL,TP2_HIT,2.1853442,2.2348,2.2348,2.1468,"[2.1468, 2.1028, 2.0588]",598.4514304654623,11.96902860930925,528.8853329839574,242.0146597428256,8.837564855891515,59.84514304654623,"[{""pnlR"": 0.3896833131806582, ""price"": 2.1468, ""pnlUsd"": 4.664130724029713, ""reason"": ""TP1"", ""percent"": 50, ""closedAt"": ""2026-05-16T06:49:59.960Z""}, {""pnlR"": 0.5007149818625923, ""price"": 2.1028, ""pnlUsd"": 5.993071943023128, ""reason"": ""TP2"", ""percent"": 30, ""closedAt"": ""2026-05-16T07:15:29.326Z""}]",0.8903982950432505,10.65720266705284,0.3469328792360012,0.1587132138593681,10.31026978781684,0.08,0.05,0.02,0.03,t,2.1293,2026-05-16 08:34:59.999,2026-05-16 05:36:06.104,,2026-05-16 23:55:00
224,459,MUSDT,SELL,OPEN,3.18184516,3.2714,3.2714,3.2714,"[3.1292, 3.0581, 2.987]",632.5693717947597,12.6513874358952,449.498384232365,141.2697229529438,7.105914454204827,63.25693717947597,[],0,0,0.2247491921161825,0.1348899822643749,-0.2247491921161825,0.08,0.05,0.02,0.03,t,3.1784,2026-05-16 08:34:59.999,2026-05-16 06:50:10.202,,2026-05-16 23:55:00
225,462,ORDIUSDT,SELL,CLOSED,4.188743000000001,4.33,4.33,4.188743000000001,"[4.141999999999999, 4.047999999999999, 3.953999999999999]",647.030195194988,12.94060390389976,383.7322328679852,91.6103549126755,5.930669630531606,64.7030195194988,"[{""pnlR"": 0.1654537474249181, ""price"": 4.141999999999999, ""pnlUsd"": 2.141071409841727, ""reason"": ""TP1"", ""percent"": 50, ""closedAt"": ""2026-05-16T07:13:14.551Z""}, {""pnlR"": -0.004448002222897763, ""price"": 4.189999622900001, ""pnlUsd"": -0.05755983493018524, ""reason"": ""SL"", ""percent"": 50, ""closedAt"": ""2026-05-16T08:19:51.466Z""}]",0.1610057452020204,2.083511574911542,0.3257729635732842,0.1727140510554038,1.757738611338257,0.08,0.05,0.02,0.03,t,4.189,2026-05-16 08:14:59.999,2026-05-16 07:11:50.444,2026-05-16 08:19:51.556,2026-05-16 23:55:00
226,464,SIRENUSDT,SELL,CLOSED,0.5012295860000001,0.5508,0.5508,0.5012295860000001,"[0.4942200000000001, 0.4659300000000002, 0.4376400000000003]",656.0587242482843,13.12117448496569,132.6743176874241,264.6976982069532,2.022293321980332,65.60587242482843,"[{""pnlR"": 0.07070332315562297, ""price"": 0.4942200000000001, ""pnlUsd"": 0.9277106397918436, ""reason"": ""TP1"", ""percent"": 50, ""closedAt"": ""2026-05-16T07:13:25.915Z""}, {""pnlR"": -0.001516719991485248, ""price"": 0.5013799548758001, ""pnlUsd"": -0.0199011476531136, ""reason"": ""SL"", ""percent"": 50, ""closedAt"": ""2026-05-16T07:17:40.675Z""}]",0.06918660316413773,0.9078094921387301,0.1125975784801787,0.05971538723119629,0.7952119136585514,0.08,0.05,0.02,0.03,t,0.50088,2026-05-16 07:14:59.999,2026-05-16 07:12:24.62,2026-05-16 07:17:40.803,2026-05-16 23:55:00
