id,signalId,symbol,side,status,entryPrice,stopLoss,initialStop,currentStop,tpLadder,depositAtEntryUsd,riskUsd,positionSizeUsd,positionUnits,leverage,marginUsd,closes,realizedR,realizedPnlUsd,feesPaidUsd,slipPaidUsd,netPnlUsd,feesRoundTripPct,feeTakerPct,feeMakerPct,slipTakerPct,autoTrailingSL,lastPriceCheck,lastPriceCheckAt,openedAt,closedAt,expiresAt
1,134,AAVEUSDT,SELL,EXPIRED,95.31,99.5,99.5,99.5,"[91.68, 87.77000000000001, 83.86000000000001]",320,6.4,145.5809069212411,1.527446300715991,9.098806682577571,16,"[{""pnlR"": -0.08591885441527437, ""price"": 95.67, ""pnlUsd"": -0.549880668257756, ""reason"": ""EXPIRED"", ""percent"": 100, ""closedAt"": ""2026-05-09T23:55:01.360Z""}]",-0.08591885441527437,-0.549880668257756,0.1169046300715991,0,-0.6667852983293551,0.08,,,,f,95.67,2026-05-09 23:55:01.352,2026-05-09 17:57:18.947,2026-05-09 23:55:01.36,2026-05-09 23:55:00
2,135,USELESSUSDT,SELL,EXPIRED,0.05051,0.05353,0.05353,0.05353,"[0.05035, 0.04876, 0.04717]",320,6.4,107.0410596026489,2119.205298013244,6.690066225165559,16,"[{""pnlR"": -0.1754966887417226, ""price"": 0.05104, ""pnlUsd"": -1.123178807947025, ""reason"": ""EXPIRED"", ""percent"": 100, ""closedAt"": ""2026-05-09T23:55:01.463Z""}]",-0.1754966887417226,-1.123178807947025,0.08653139072847678,0,-1.209710198675502,0.08,,,,f,0.05104,2026-05-09 23:55:01.352,2026-05-09 17:57:19.119,2026-05-09 23:55:01.463,2026-05-09 23:55:00
3,136,DOGEUSDT,SELL,EXPIRED,0.10927,0.11109,0.11109,0.11109,"[0.10753, 0.10575, 0.10397]",320,6.4,384.2461538461564,3516.483516483539,24.01538461538478,16,"[{""pnlR"": 0.302197802197809, ""price"": 0.10872, ""pnlUsd"": 1.934065934065977, ""reason"": ""EXPIRED"", ""percent"": 100, ""closedAt"": ""2026-05-09T23:55:01.689Z""}]",0.302197802197809,1.934065934065977,0.3058496703296723,0,1.628216263736305,0.08,,,,f,0.10872,2026-05-09 23:55:01.352,2026-05-09 17:57:19.293,2026-05-09 23:55:01.689,2026-05-09 23:55:00
4,137,FARTCOINUSDT,BUY,CLOSED,0.25807,0.25077,0.25077,0.2581,"[0.26237, 0.2681700000000001, 0.2739700000000001]",320,6.4,226.2531506849306,876.7123287671199,14.14082191780816,16,"[{""pnlR"": 0.2945205479452023, ""price"": 0.26237, ""pnlUsd"": 1.884931506849295, ""reason"": ""TP1"", ""percent"": 50, ""closedAt"": ""2026-05-09T19:44:27.956Z""}, {""pnlR"": 0.00205479452054619, ""price"": 0.2581, ""pnlUsd"": 0.01315068493149562, ""reason"": ""SL"", ""percent"": 50, ""closedAt"": ""2026-05-09T20:17:19.527Z""}]",0.2965753424657485,1.89808219178079,0.1825209863013691,0,1.715561205479421,0.08,,,,f,0.25803,2026-05-09 20:17:19.527,2026-05-09 18:32:19.949,2026-05-09 20:17:19.541,2026-05-09 23:55:00
5,138,MUSDT,SELL,EXPIRED,3.4273,3.6242,3.6242,3.6242,"[3.349, 3.2114, 3.0738]",320,6.4,111.4003047232096,32.50380904012184,6.962519045200599,16,"[{""pnlR"": 0.1538852209243268, ""price"": 3.397, ""pnlUsd"": 0.9848654139156915, ""reason"": ""EXPIRED"", ""percent"": 100, ""closedAt"": ""2026-05-09T23:55:01.919Z""}]",0.1538852209243268,0.9848654139156915,0.0883323514474351,0,0.8965330624682564,0.08,,,,f,3.397,2026-05-09 23:55:01.352,2026-05-09 18:37:18.531,2026-05-09 23:55:01.919,2026-05-09 23:55:00
6,139,LDOUSDT,SELL,CLOSED,0.3995,0.4114,0.4114,0.3995,"[0.3982, 0.3916, 0.385]",320,6.4,214.8571428571435,537.8151260504218,13.42857142857147,16,"[{""pnlR"": 0.05462184873949694, ""price"": 0.3982, ""pnlUsd"": 0.3495798319327804, ""reason"": ""TP1"", ""percent"": 50, ""closedAt"": ""2026-05-09T23:34:36.971Z""}, {""pnlR"": 0.1991596638655472, ""price"": 0.3916, ""pnlUsd"": 1.274621848739502, ""reason"": ""TP2"", ""percent"": 30, ""closedAt"": ""2026-05-10T01:24:08.699Z""}, {""pnlR"": 0, ""price"": 0.3995, ""pnlUsd"": 0, ""reason"": ""SL"", ""percent"": 20, ""closedAt"": ""2026-05-10T07:46:56.927Z""}]",0.2537815126050442,1.624201680672283,0.170586352941177,0,1.453615327731106,0.08,,,,f,0.3995,2026-05-10 07:46:56.927,2026-05-09 19:22:18.85,2026-05-10 07:46:56.947,2026-05-09 23:55:00
7,140,POLUSDT,SELL,EXPIRED,0.10083,0.10398,0.10398,0.10398,"[0.09806, 0.09509999999999999, 0.09213999999999999]",321.7155612054795,6.43431122410959,205.9592383260222,2042.638483844314,12.80380952380952,16.08577806027397,"[{""pnlR"": -0.0285714285714263, ""price"": 0.10092, ""pnlUsd"": -0.1838374635459737, ""reason"": ""EXPIRED"", ""percent"": 100, ""closedAt"": ""2026-05-09T23:55:01.748Z""}]",-0.0285714285714263,-0.1838374635459737,0.1649144606316545,0,-0.3487519241776282,0.08,,,,t,0.10092,2026-05-09 23:55:01.352,2026-05-09 20:46:43.483,2026-05-09 23:55:01.748,2026-05-09 23:55:00
8,141,USELESSUSDT,SELL,EXPIRED,0.05123,0.05353,0.05353,0.05353,"[0.05035, 0.04876, 0.04717]",321.7155612054795,6.43431122410959,143.317288700493,2797.526619178078,8.909565217391291,16.08577806027397,"[{""pnlR"": 0.08260869565217194, ""price"": 0.05104, ""pnlUsd"": 0.5315300576438229, ""reason"": ""EXPIRED"", ""percent"": 100, ""closedAt"": ""2026-05-09T23:55:01.970Z""}]",0.08260869565217194,0.5315300576438229,0.1142286069142793,0,0.4173014507295436,0.08,,,,t,0.05104,2026-05-09 23:55:01.352,2026-05-09 21:16:43.348,2026-05-09 23:55:01.97,2026-05-09 23:55:00
9,142,ENAUSDT,SELL,EXPIRED,0.13021,0.13511,0.13511,0.13511,"[0.12565, 0.12092, 0.11619]",321.7155612054795,6.43431122410959,170.9819723451647,1313.124739614198,10.62938775510201,16.08577806027397,"[{""pnlR"": 0.06326530612244974, ""price"": 0.1299, ""pnlUsd"": 0.4070686692804076, ""reason"": ""EXPIRED"", ""percent"": 100, ""closedAt"": ""2026-05-09T23:55:01.618Z""}]",0.06326530612244974,0.4070686692804076,0.1364599229407075,0,0.2706087463397001,0.08,,,,t,0.1299,2026-05-09 23:55:01.352,2026-05-09 22:21:43.708,2026-05-09 23:55:01.618,2026-05-09 23:55:00
10,143,DOGEUSDT,SELL,EXPIRED,0.1091,0.11109,0.11109,0.11109,"[0.10753, 0.10575, 0.10397]",321.7155612054795,6.43431122410959,352.7554545479192,3233.322223170661,21.92964824120612,16.08577806027397,"[{""pnlR"": 0.1909547738693502, ""price"": 0.10872, ""pnlUsd"": 1.228662444804868, ""reason"": ""EXPIRED"", ""percent"": 100, ""closedAt"": ""2026-05-09T23:55:01.805Z""}]",0.1909547738693502,1.228662444804868,0.2812214336824914,0,0.947441011122377,0.08,,,,t,0.10872,2026-05-09 23:55:01.352,2026-05-09 22:36:44.06,2026-05-09 23:55:01.805,2026-05-09 23:55:00
11,144,MUSDT,SELL,EXPIRED,3.4228,3.6242,3.6242,3.6242,"[3.349, 3.2114, 3.0738]",321.7155612054795,6.43431122410959,109.3513428891872,31.94792067581722,6.798013902681231,16.08577806027397,"[{""pnlR"": 0.1281032770605773, ""price"": 3.397, ""pnlUsd"": 0.8242563534360928, ""reason"": ""EXPIRED"", ""percent"": 100, ""closedAt"": ""2026-05-09T23:55:01.870Z""}]",0.1281032770605773,0.8242563534360928,0.08682166922860086,0,0.7374346842074919,0.08,,,,t,3.397,2026-05-09 23:55:01.352,2026-05-09 23:01:44.324,2026-05-09 23:55:01.87,2026-05-09 23:55:00
12,145,TRUMPUSDT,SELL,EXPIRED,2.454,2.514,2.514,2.514,"[2.396, 2.337000000000001, 2.278000000000001]",321.979477844135,6.4395895568827,263.3792128765041,107.3264926147124,16.36000000000011,16.09897389220675,"[{""pnlR"": -0.09999999999999704, ""price"": 2.46, ""pnlUsd"": -0.6439589556882511, ""reason"": ""EXPIRED"", ""percent"": 100, ""closedAt"": ""2026-05-09T23:55:01.545Z""}]",-0.09999999999999704,-0.6439589556882511,0.211218537465754,0,-0.8551774931540052,0.08,,,,t,2.46,2026-05-09 23:55:01.352,2026-05-09 23:45:13.284,2026-05-09 23:55:01.545,2026-05-09 23:55:00
13,146,POLUSDT,BUY,CLOSED,0.10169,0.10018,0.10018,0.10306,"[0.10306, 0.1045, 0.10594]",325.020663980335,6.5004132796067,437.76624265113,4304.909456693185,26.9377483443709,16.25103319901675,"[{""pnlR"": 0.4536423841059598, ""price"": 0.10306, ""pnlUsd"": 2.948862977834824, ""reason"": ""TP1"", ""percent"": 50, ""closedAt"": ""2026-05-10T14:05:00.000Z""}, {""pnlR"": 0.5582781456953638, ""price"": 0.1045, ""pnlUsd"": 3.629038671992346, ""reason"": ""TP2"", ""percent"": 30, ""closedAt"": ""2026-05-10T23:48:15.749Z""}, {""pnlR"": 0.1773618543046368, ""price"": 0.103029082, ""pnlUsd"": 1.152925353017529, ""reason"": ""SL"", ""percent"": 20, ""closedAt"": ""2026-05-11T03:14:04.822Z""}]",1.189282384105961,7.730827002844701,0.115711266095768,0.02661983811640014,7.615115736748933,0.08,,,,t,0.10304,2026-05-11 03:09:59.999,2026-05-10 03:05:14.151,2026-05-11 03:14:05.022,2026-05-10 23:55:00
14,148,STXUSDT,BUY,CLOSED,0.2646,0.2609,0.2609,0.2646,"[0.2676999999999999, 0.2710999999999999, 0.2744999999999999]",325.020663980335,6.5004132796067,464.8673929145788,1756.868453947766,25,18.59469571658315,"[{""pnlR"": 0.4189189189189049, ""price"": 0.2676999999999999, ""pnlUsd"": 2.723146103618932, ""reason"": ""TP1"", ""percent"": 50, ""closedAt"": ""2026-05-10T14:01:01.330Z""}, {""pnlR"": -0.01072702702702948, ""price"": 0.26452062, ""pnlUsd"": -0.06973010893720244, ""reason"": ""SL"", ""percent"": 50, ""closedAt"": ""2026-05-10T14:21:26.292Z""}]",0.4081918918918754,2.65341599468173,0.1632133516863578,0.06973010893720244,2.490202642995372,0.08,,,,t,0.2646,2026-05-10 14:19:59.999,2026-05-10 04:05:14.245,2026-05-10 14:21:26.803,2026-05-10 23:55:00
15,149,KASUSDT,SELL,SL_HIT,0.03688,0.03766,0.03766,0.03766,"[0.03641999999999999, 0.03579999999999999, 0.03517999999999999]",325.020663980335,6.5004132796067,307.3528740408927,8333.86317898299,18.91282051282061,16.25103319901675,"[{""pnlR"": -1.014484615384615, ""price"": 0.037671298, ""pnlUsd"": -6.594569265802848, ""reason"": ""SL"", ""percent"": 100, ""closedAt"": ""2026-05-10T15:02:02.729Z""}]",-1.014484615384615,-6.594569265802848,0.1569737216533478,0.09415598619614869,-6.751542987456196,0.08,,,,t,0.03767,2026-05-10 14:59:59.999,2026-05-10 04:15:14.272,2026-05-10 15:02:03.374,2026-05-10 23:55:00
16,150,MUSDT,SELL,SL_HIT,3.3684,3.419,3.419,3.419,"[3.3308, 3.286699999999999, 3.242599999999999]",325.020663980335,6.5004132796067,432.7271164234609,128.466665604875,25,17.30908465693843,"[{""pnlR"": -1.020270750988143, ""price"": 3.4200257, ""pnlUsd"": -6.632181538517623, ""reason"": ""SL"", ""percent"": 100, ""closedAt"": ""2026-05-10T11:33:20.076Z""}]",-1.020270750988143,-6.632181538517623,0.2196796489809893,0.1317682589109226,-6.851861187498613,0.08,,,,t,3.4197,2026-05-10 11:29:59.999,2026-05-10 05:00:13.861,2026-05-10 11:33:20.076,2026-05-10 23:55:00
17,151,AAVEUSDT,BUY,CLOSED,96.44,94.79,94.79,96.44,"[97.86999999999999, 99.40999999999998, 100.95]",325.020663980335,6.5004132796067,379.9393070819838,3.939644411882869,23.37939393939406,16.25103319901675,"[{""pnlR"": 0.4333333333333333, ""price"": 97.86999999999999, ""pnlUsd"": 2.816845754496237, ""reason"": ""TP1"", ""percent"": 50, ""closedAt"": ""2026-05-10T08:05:30.896Z""}, {""pnlR"": 0, ""price"": 96.44, ""pnlUsd"": 0, ""reason"": ""SL"", ""percent"": 50, ""closedAt"": ""2026-05-10T08:34:19.310Z""}]",0.4333333333333333,2.816845754496237,0.3062049222691841,0,2.510640832227053,0.08,,,,t,96.41,2026-05-10 08:34:19.31,2026-05-10 05:45:14.054,2026-05-10 08:34:19.35,2026-05-10 23:55:00
18,152,SHIB1000USDT,BUY,CLOSED,0.006416,0.006304,0.006304,0.006568000000000001,"[0.006480000000000001, 0.006568000000000001, 0.006656000000000001]",325.020663980335,6.5004132796067,372.3808178746119,58039.40428220261,22.91428571428569,16.25103319901675,"[{""pnlR"": 0.2857142857142924, ""price"": 0.006480000000000001, ""pnlUsd"": 1.857260937030529, ""reason"": ""TP1"", ""percent"": 50, ""closedAt"": ""2026-05-10T12:46:06.876Z""}, {""pnlR"": 0.4071428571428596, ""price"": 0.006568000000000001, ""pnlUsd"": 2.646596835268458, ""reason"": ""TP2"", ""percent"": 30, ""closedAt"": ""2026-05-10T14:56:02.942Z""}, {""pnlR"": 0.4285714285714308, ""price"": 0.006656000000000001, ""pnlUsd"": 2.785891405545743, ""reason"": ""TP3"", ""percent"": 20, ""closedAt"": ""2026-05-10T18:21:14.609Z""}]",1.121428571428583,7.28974917784473,0.07593411341049133,0,7.213815064434239,0.08,,,,t,0.006657,2026-05-10 18:19:59.999,2026-05-10 05:55:12.86,2026-05-10 18:21:14.879,2026-05-10 23:55:00
19,153,SIRENUSDT,SELL,CLOSED,1.19694,1.31182,1.31182,1.19694,"[1.09964, 0.9935499999999999, 0.8874599999999999]",325.020663980335,6.5004132796067,67.728104725735,56.58437743390228,4.16761838440111,16.25103319901675,"[{""pnlR"": 0.4234853760445677, ""price"": 1.09964, ""pnlUsd"": 2.752829962159344, ""reason"": ""TP1"", ""percent"": 50, ""closedAt"": ""2026-05-10T20:49:44.165Z""}, {""pnlR"": -0.001562856894149979, ""price"": 1.197299082, ""pnlUsd"": -0.01015921570885741, ""reason"": ""SL"", ""percent"": 50, ""closedAt"": ""2026-05-11T07:27:24.596Z""}]",0.4219225191504177,2.742670746450487,0.0231593502694298,0.01015921570885741,2.719511396181057,0.08,,,,t,1.19652,2026-05-11 07:24:59.999,2026-05-10 06:10:14.244,2026-05-11 07:27:25.603,2026-05-10 23:55:00
20,154,ORDIUSDT,SELL,CLOSED,5.389,5.626,5.626,5.022999999999999,"[5.223999999999999, 5.022999999999999, 4.821999999999998]",325.020663980335,6.5004132796067,147.8089753746856,27.42790413336159,9.095358649789025,16.25103319901675,"[{""pnlR"": 0.3481012658227866, ""price"": 5.223999999999999, ""pnlUsd"": 2.262802091002344, ""reason"": ""TP1"", ""percent"": 50, ""closedAt"": ""2026-05-10T20:44:28.444Z""}, {""pnlR"": 0.4632911392405079, ""price"": 5.022999999999999, ""pnlUsd"": 3.011583873843114, ""reason"": ""TP2"", ""percent"": 30, ""closedAt"": ""2026-05-11T14:23:07.857Z""}, {""pnlR"": 0.4784810126582293, ""price"": 4.821999999999998, ""pnlUsd"": 3.110324328723215, ""reason"": ""TP3"", ""percent"": 20, ""closedAt"": ""2026-05-11T23:03:18.713Z""}]",1.289873417721524,8.384710293568673,0.02788485301622339,0,8.35682544055245,0.08,,,,t,4.823,2026-05-11 22:59:59.999,2026-05-10 06:15:14.588,2026-05-11 23:03:19.062,2026-05-10 23:55:00
21,155,ZECUSDT,BUY,CLOSED,611.8,592.61,592.61,592.61,"[630.2499999999999, 649.0699999999998, 667.8899999999998]",325.020663980335,6.5004132796067,207.2408986171647,0.3387396185308348,12.75247524752479,16.25103319901675,"[{""pnlR"": -1, ""price"": 592.61, ""pnlUsd"": -6.5004132796067, ""reason"": ""MANUAL"", ""percent"": 100, ""closedAt"": ""2026-05-10T11:36:11.150Z""}]",-1,-6.5004132796067,0.100370242668779,0,-6.600783522275479,0.08,,,,t,592.61,2026-05-10 11:36:11.152,2026-05-10 06:25:10.234,2026-05-10 11:36:11.152,2026-05-10 23:55:00
22,156,DYDXUSDT,BUY,SL_HIT,0.17257,0.16827,0.16827,0.16827,"[0.17633, 0.18036, 0.18439]",325.020663980335,6.5004132796067,260.8782138748206,1511.724018513187,16.05302325581396,16.25103319901675,"[{""pnlR"": -1.011739767441858, ""price"": 0.168219519, ""pnlUsd"": -6.576726619785252, ""reason"": ""SL"", ""percent"": 100, ""closedAt"": ""2026-05-10T20:45:29.941Z""}]",-1.011739767441858,-6.576726619785252,0.1271507436275177,0.07631334017855076,-6.70387736341277,0.08,,,,t,0.16792,2026-05-10 20:44:59.999,2026-05-10 06:35:10.041,2026-05-10 20:45:30.184,2026-05-10 23:55:00
23,157,IPUSDT,SELL,SL_HIT,0.5685,0.5905,0.5905,0.5905,"[0.5509, 0.5310999999999999, 0.5112999999999999]",325.020663980335,6.5004132796067,167.9765886116548,295.4733308912134,10.33636363636363,16.25103319901675,"[{""pnlR"": -1.008052272727271, ""price"": 0.59067715, ""pnlUsd"": -6.552756380174067, ""reason"": ""SL"", ""percent"": 100, ""closedAt"": ""2026-05-10T18:54:05.885Z""}]",-1.008052272727271,-6.552756380174067,0.08726467249591444,0.05234310056736642,-6.640021052669981,0.08,,,,t,0.5904,2026-05-10 18:49:59.999,2026-05-10 06:35:10.212,2026-05-10 18:54:06.313,2026-05-10 23:55:00
24,158,SEIUSDT,SELL,SL_HIT,0.06815,0.07047,0.07047,0.07047,"[0.06584999999999999, 0.06353999999999999, 0.06122999999999998]",325.020663980335,6.5004132796067,190.9496400884466,2801.90227569254,11.74999999999999,16.25103319901675,"[{""pnlR"": -1.009112500000001, ""price"": 0.07049114100000001, ""pnlUsd"": -6.559648295617123, ""reason"": ""SL"", ""percent"": 100, ""closedAt"": ""2026-05-10T15:47:03.995Z""}]",-1.009112500000001,-6.559648295617123,0.09875464419203188,0.05923501601042243,-6.658402939809155,0.08,,,,t,0.07047,2026-05-10 15:44:59.999,2026-05-10 06:45:09.981,2026-05-10 15:47:04.249,2026-05-10 23:55:00
25,159,AEROUSDT,BUY,CLOSED,0.5093,0.4919,0.4919,0.5093,"[0.5205, 0.5347999999999999, 0.5490999999999999]",325.020663980335,6.5004132796067,190.2678438680286,373.5869700923397,11.70804597701151,16.25103319901675,"[{""pnlR"": 0.3218390804597703, ""price"": 0.5205, ""pnlUsd"": 2.0920870325171, ""reason"": ""TP1"", ""percent"": 50, ""closedAt"": ""2026-05-10T08:57:03.666Z""}, {""pnlR"": 0, ""price"": 0.5093, ""pnlUsd"": 0, ""reason"": ""SL"", ""percent"": 50, ""closedAt"": ""2026-05-10T10:04:27.301Z""}]",0.3218390804597703,2.0920870325171,0.1538879447204365,0,1.938199087796663,0.08,,,,t,0.5089,2026-05-10 10:04:27.301,2026-05-10 07:25:13.996,2026-05-10 10:04:27.317,2026-05-10 23:55:00
26,160,USELESSUSDT,BUY,CLOSED,0.05103,0.04966,0.04966,0.05365,"[0.05232, 0.05365, 0.05497999999999999]",327.6489033925376,6.552978067850752,244.0864750382663,4783.195669964066,14.89927007299274,16.38244516962688,"[{""pnlR"": 0.4708029197080303, ""price"": 0.05232, ""pnlUsd"": 3.085161207126821, ""reason"": ""TP1"", ""percent"": 50, ""closedAt"": ""2026-05-10T13:27:03.738Z""}, {""pnlR"": 0.5737226277372287, ""price"": 0.05365, ""pnlUsd"": 3.759591796591762, ""reason"": ""TP2"", ""percent"": 30, ""closedAt"": ""2026-05-10T15:01:21.839Z""}, {""pnlR"": 0.5766423357664232, ""price"": 0.05497999999999999, ""pnlUsd"": 3.778724579271601, ""reason"": ""TP3"", ""percent"": 20, ""closedAt"": ""2026-05-10T17:31:08.201Z""}]",1.621167883211682,10.62347758299018,0.05094199052425129,0,10.57253559246593,0.08,,,,t,0.05498,2026-05-10 17:29:59.999,2026-05-10 08:15:08.882,2026-05-10 17:31:08.507,2026-05-10 23:55:00
27,161,1000BONKUSDT,BUY,CLOSED,0.007273,0.007128,0.007128,0.007551000000000001,"[0.007410000000000001, 0.007551000000000001, 0.007692000000000002]",327.6489033925376,6.552978067850752,328.6883412929549,45192.9521920741,20.06344827586205,16.38244516962688,"[{""pnlR"": 0.4724137931034506, ""price"": 0.007410000000000001, ""pnlUsd"": 3.095717225157095, ""reason"": ""TP1"", ""percent"": 50, ""closedAt"": ""2026-05-10T16:23:02.638Z""}, {""pnlR"": 0.5751724137931056, ""price"": 0.007551000000000001, ""pnlUsd"": 3.769092212818998, ""reason"": ""TP2"", ""percent"": 30, ""closedAt"": ""2026-05-10T17:00:07.514Z""}, {""pnlR"": 0.5779310344827605, ""price"": 0.007692000000000002, ""pnlUsd"": 3.787169393695827, ""reason"": ""TP3"", ""percent"": 20, ""closedAt"": ""2026-05-10T17:26:45.823Z""}]",1.625517241379316,10.65197883167192,0.06786806402492537,0,10.584110767647,0.08,,,,t,0.007697,2026-05-10 17:24:59.999,2026-05-10 08:30:16.644,2026-05-10 17:26:46.17,2026-05-10 23:55:00
28,162,LDOUSDT,BUY,CLOSED,0.4017,0.3906,0.3906,0.4154999999999999,"[0.4072, 0.4154999999999999, 0.4237999999999999]",327.4969276697048,6.549938553394096,237.0369654863431,590.0845543598285,14.47567567567568,16.37484638348524,"[{""pnlR"": 0.247747747747748, ""price"": 0.4072, ""pnlUsd"": 1.62273252448953, ""reason"": ""TP1"", ""percent"": 50, ""closedAt"": ""2026-05-10T13:20:26.094Z""}, {""pnlR"": 0.3729729729729709, ""price"": 0.4154999999999999, ""pnlUsd"": 2.442950055049677, ""reason"": ""TP2"", ""percent"": 30, ""closedAt"": ""2026-05-10T15:43:01.300Z""}, {""pnlR"": 0.3981981981981964, ""price"": 0.4237999999999999, ""pnlUsd"": 2.60817373027043, ""reason"": ""TP3"", ""percent"": 20, ""closedAt"": ""2026-05-10T19:47:22.574Z""}]",1.018918918918915,6.673856309809636,0.04874216435923056,0,6.625114145450405,0.08,,,,t,0.4239,2026-05-10 19:44:59.999,2026-05-10 08:35:13.897,2026-05-10 19:47:22.997,2026-05-10 23:55:00
29,163,AEROUSDT,BUY,CLOSED,0.5169,0.4919,0.4919,0.5169,"[0.5205, 0.5347999999999999, 0.5490999999999999]",327.4969276697048,6.549938553394096,135.4265295299762,261.9975421357636,8.270399999999993,16.37484638348524,"[{""pnlR"": 0.07199999999999866, ""price"": 0.5205, ""pnlUsd"": 0.4715955758443661, ""reason"": ""TP1"", ""percent"": 50, ""closedAt"": ""2026-05-10T08:57:03.666Z""}, {""pnlR"": 0, ""price"": 0.5169, ""pnlUsd"": 0, ""reason"": ""SL"", ""percent"": 50, ""closedAt"": ""2026-05-10T09:14:43.805Z""}]",0.07199999999999866,0.4715955758443661,0.1087185000846565,0,0.3628770757597096,0.08,,,,t,0.5169,2026-05-10 09:14:43.805,2026-05-10 08:40:13.622,2026-05-10 09:14:43.837,2026-05-10 23:55:00
30,164,FARTCOINUSDT,BUY,CLOSED,0.25545,0.24854,0.24854,0.25545,"[0.26226, 0.26912, 0.27598]",327.4969276697048,6.549938553394096,242.1391900816964,947.8926994781616,14.78726483357453,16.37484638348524,"[{""pnlR"": 0.492764109985527, ""price"": 0.26226, ""pnlUsd"": 3.227574641723132, ""reason"": ""TP1"", ""percent"": 50, ""closedAt"": ""2026-05-10T17:27:02.279Z""}, {""pnlR"": -0.005545224312589839, ""price"": 0.255373365, ""pnlUsd"": -0.03632087851225047, ""reason"": ""SL"", ""percent"": 50, ""closedAt"": ""2026-05-10T20:45:21.522Z""}]",0.4872188856729371,3.191253763210882,0.08537607101768224,0.03632087851225047,3.1058776921932,0.08,,,,t,0.25511,2026-05-10 20:44:59.999,2026-05-10 08:45:14.147,2026-05-10 20:45:21.636,2026-05-10 23:55:00
31,165,DOGEUSDT,BUY,CLOSED,0.10899,0.10773,0.10773,0.11007,"[0.11007, 0.11124, 0.11241]",329.9282815826204,6.598565631652408,570.7759271379346,5236.956850517796,34.60000000000007,16.49641407913102,"[{""pnlR"": 0.4285714285714285, ""price"": 0.11007, ""pnlUsd"": 2.827956699279603, ""reason"": ""TP1"", ""percent"": 50, ""closedAt"": ""2026-05-10T17:16:20.970Z""}, {""pnlR"": 0.5357142857142874, ""price"": 0.11124, ""pnlUsd"": 3.534945874099515, ""reason"": ""TP2"", ""percent"": 30, ""closedAt"": ""2026-05-10T18:21:00.111Z""}, {""pnlR"": 0.1661871428571438, ""price"": 0.110036979, ""pnlUsd"": 1.096596769279658, ""reason"": ""SL"", ""percent"": 20, ""closedAt"": ""2026-05-10T20:16:14.053Z""}]",1.13047285714286,7.459499342658775,0.1502226199551787,0.03458591043218355,7.309276722703596,0.08,,,,t,0.11008,2026-05-10 20:14:59.999,2026-05-10 09:05:07.067,2026-05-10 20:16:14.314,2026-05-10 23:55:00
32,166,ETHUSDT,BUY,CLOSED,2331.21,2316.83,2316.83,2352.65,"[2340.71, 2352.65, 2364.59]",329.9282815826204,6.598565631652408,1069.724769552455,0.4588710453165757,64.84589707927628,16.49641407913102,"[{""pnlR"": 0.3303198887343508, ""price"": 2340.71, ""pnlUsd"": 2.179637465253735, ""reason"": ""TP1"", ""percent"": 50, ""closedAt"": ""2026-05-10T15:36:25.721Z""}, {""pnlR"": 0.4472878998609157, ""price"": 2352.65, ""pnlUsd"": 2.951458563476222, ""reason"": ""TP2"", ""percent"": 30, ""closedAt"": ""2026-05-10T17:05:33.201Z""}, {""pnlR"": 0.4642559109874806, ""price"": 2364.59, ""pnlUsd"": 3.06342309853347, ""reason"": ""TP3"", ""percent"": 20, ""closedAt"": ""2026-05-10T17:52:32.366Z""}]",1.241863699582747,8.194519127263426,0.2155838577359436,0,7.978935269527483,0.08,,,,t,2365.01,2026-05-10 17:49:59.999,2026-05-10 09:05:16.629,2026-05-10 17:52:32.723,2026-05-10 23:55:00
36,172,ARUSDT,SELL,SL_HIT,2.46276095,2.5481,2.5481,2.5481,"[2.3925, 2.3147, 2.2369]",316.3453591234871,6.326907182469743,182.5853456683782,74.13847684582551,11.54341863425947,15.81726795617435,"[{""pnlR"": -1.008957563975692, ""price"": 2.54886443, ""pnlUsd"": -6.383580858324984, ""reason"": ""SL"", ""percent"": 100, ""closedAt"": ""2026-05-10T17:53:07.682Z""}]",-1.008957563975692,-6.383580858324984,0.1857771360975407,0.1114657171681454,-6.569357994422525,0.08,0.05,0.02,0.03,t,2.549,2026-05-10 17:49:59.999,2026-05-10 12:06:34.62,2026-05-10 17:53:07.783,2026-05-10 23:55:00
37,173,VVVUSDT,SELL,EXPIRED,14.9625099,16.226,16.226,16.226,"[13.774, 12.548, 11.322]",318.0737178537086,6.361474357074172,75.33388907939884,5.034843056605018,4.736882354677736,15.90368589268543,"[{""pnlR"": 0.09185453847244351, ""price"": 14.8464526, ""pnlUsd"": 0.5843302910733325, ""reason"": ""EXPIRED"", ""percent"": 100, ""closedAt"": ""2026-05-10T23:55:00.560Z""}]",0.09185453847244351,0.5843302910733325,0.07504172393386219,0.04502509100229484,0.5092885671394702,0.08,0.05,0.02,0.03,t,14.842,2026-05-10 23:54:59.999,2026-05-10 12:46:33.23,2026-05-10 23:55:00.56,2026-05-10 23:55:00
38,181,ENAUSDT,BUY,CLOSED,0.131199348,0.12649,0.12649,0.13497,"[0.13497, 0.1392100000000001, 0.1434500000000001]",332.521306328459,6.65042612656918,185.2765121048692,1412.175555208317,11.1437377743161,16.62606531642295,"[{""pnlR"": 0.4003369468554895, ""price"": 0.13497, ""pnlUsd"": 2.662411290798685, ""reason"": ""TP1"", ""percent"": 50, ""closedAt"": ""2026-05-10T17:28:36.125Z""}, {""pnlR"": 0.5103032521699468, ""price"": 0.1392100000000001, ""pnlUsd"": 3.393734080704234, ""reason"": ""TP2"", ""percent"": 30, ""closedAt"": ""2026-05-10T19:25:09.904Z""}, {""pnlR"": 0.1584151776424256, ""price"": 0.134929509, ""pnlUsd"": 1.053528436238285, ""reason"": ""SL"", ""percent"": 20, ""closedAt"": ""2026-05-10T20:16:02.740Z""}]",1.069055376667862,7.109673807741204,0.1425481424921203,0.06700236382751826,6.967125665249084,0.08,0.05,0.02,0.03,t,0.13492,2026-05-10 20:14:59.999,2026-05-10 15:45:11.565,2026-05-10 20:16:02.851,2026-05-10 23:55:00
39,182,TRUMPUSDT,BUY,CLOSED,2.4847452,2.437,2.437,2.4847452,"[2.523, 2.566, 2.609]",325.7702651325973,6.515405302651946,339.073290127991,136.4619962352643,20.81671204644654,16.28851325662986,"[{""pnlR"": 0.4006140931444441, ""price"": 2.523, ""pnlUsd"": 2.610163186790412, ""reason"": ""TP1"", ""percent"": 50, ""closedAt"": ""2026-05-10T17:28:57.185Z""}, {""pnlR"": -0.007806267017414686, ""price"": 2.48399977644, ""pnlUsd"": -0.05086099351918065, ""reason"": ""SL"", ""percent"": 50, ""closedAt"": ""2026-05-10T20:44:20.953Z""}]",0.3928078261270294,2.559302193271231,0.2887088987493909,0.1525524731136846,2.270593294521841,0.08,0.05,0.02,0.03,t,2.484,2026-05-10 20:39:59.999,2026-05-10 15:50:11.557,2026-05-10 20:44:21.101,2026-05-10 23:55:00
40,195,ETHUSDT,SELL,CLOSED,2337.018684,2374.09,2374.09,2337.018684,"[2308.67, 2275.96, 2243.25]",361.5000028825743,7.230000057651486,455.7875749555905,0.1950294955175423,25.21646314363342,18.07500014412872,"[{""pnlR"": 0.3823533537358106, ""price"": 2308.67, ""pnlUsd"": 2.764414769553116, ""reason"": ""TP1"", ""percent"": 50, ""closedAt"": ""2026-05-11T14:31:40.036Z""}, {""pnlR"": -0.009456173678858605, ""price"": 2337.7197896052, ""pnlUsd"": -0.06836813624330937, ""reason"": ""SL"", ""percent"": 50, ""closedAt"": ""2026-05-11T16:10:09.424Z""}]",0.372897180056952,2.696046633309806,0.3869007398264629,0.2051454419217161,2.309145893483343,0.08,0.05,0.02,0.03,t,2337.24,2026-05-11 16:09:59.999,2026-05-11 03:10:35.013,2026-05-11 16:10:09.678,2026-05-11 23:55:00
41,196,LDOUSDT,SELL,SL_HIT,0.4038788,0.415,0.415,0.415,"[0.3934, 0.3826000000000001, 0.3718000000000001]",361.5000028825743,7.230000057651486,262.5655277563778,650.1097055759741,14.5264467863181,18.07500014412872,"[{""pnlR"": -1.011194835089736, ""price"": 0.4151245, ""pnlUsd"": -7.310938715995712, ""reason"": ""SL"", ""percent"": 100, ""closedAt"": ""2026-05-11T05:17:41.191Z""}]",-1.011194835089736,-7.310938715995712,0.2662209971143756,0.1597319546599907,-7.577159713110087,0.08,0.05,0.02,0.03,t,0.4156,2026-05-11 05:14:59.999,2026-05-11 03:10:35.187,2026-05-11 05:17:41.788,2026-05-11 23:55:00
42,197,AEROUSDT,SELL,SL_HIT,0.51574523,0.5322,0.5322,0.5322,"[0.5002, 0.4842, 0.4681999999999999]",361.5000028825743,7.230000057651486,226.6113742479226,439.3862726523377,12.53728201609628,18.07500014412872,"[{""pnlR"": -1.009702961512073, ""price"": 0.53235966, ""pnlUsd"": -7.300152469943161, ""reason"": ""SL"", ""percent"": 100, ""closedAt"": ""2026-05-11T05:35:00.517Z""}]",-1.009702961512073,-7.300152469943161,0.2302614504828942,0.1381562257100643,-7.530413920426055,0.08,0.05,0.02,0.03,t,0.5323,2026-05-11 05:34:59.999,2026-05-11 03:10:35.36,2026-05-11 05:35:01.024,2026-05-11 23:55:00
43,198,IPUSDT,SELL,EXPIRED,0.5739277700000001,0.6068,0.6068,0.6068,"[0.5518000000000001, 0.5243000000000001, 0.4968000000000001]",362.1360929101703,7.242721858203407,126.4532161282926,220.329495692973,6.983740013987504,18.10680464550851,"[{""pnlR"": 0.1660149007231946, ""price"": 0.56847049, ""pnlUsd"": 1.20239975025535, ""reason"": ""EXPIRED"", ""percent"": 100, ""closedAt"": ""2026-05-11T23:55:07.229Z""}]",0.1660149007231946,1.20239975025535,0.1258520162531649,0.0755113247638998,1.076547734002185,0.08,0.05,0.02,0.03,t,0.5683,2026-05-11 23:54:59.999,2026-05-11 03:15:34.235,2026-05-11 23:55:07.229,2026-05-11 23:55:00
44,199,ARUSDT,SELL,CLOSED,2.4302707,2.5307,2.5307,2.4302707,"[2.3401, 2.2448, 2.1495]",362.1360929101703,7.242721858203407,175.2653331272981,72.11761764946519,9.67952858378983,18.10680464550851,"[{""pnlR"": 0.4489262595676748, ""price"": 2.3401, ""pnlUsd"": 3.251448032892309, ""reason"": ""TP1"", ""percent"": 50, ""closedAt"": ""2026-05-11T22:35:12.727Z""}, {""pnlR"": 0.5470255692312881, ""price"": 2.32039591, ""pnlUsd"": 3.961954047267628, ""reason"": ""MANUAL"", ""percent"": 50, ""closedAt"": ""2026-05-12T20:34:19.222Z""}]",0.9959518287989628,7.213402080159938,0.1463442665279911,0.07768906420095856,7.067057813631947,0.08,0.05,0.02,0.03,t,2.32039591,2026-05-12 20:34:19.222,2026-05-11 03:15:34.409,2026-05-12 20:34:19.222,2026-05-11 23:55:00
45,200,DOGEUSDT,SELL,EXPIRED,0.109047276,0.11271,0.11271,0.11271,"[0.10603, 0.10269, 0.09934999999999997]",362.1360929101703,7.242721858203407,215.6316144658288,1977.414038896568,11.90887175774094,18.10680464550851,"[{""pnlR"": -0.6050395825620453, ""price"": 0.111263369, ""pnlUsd"": -4.382133409700389, ""reason"": ""EXPIRED"", ""percent"": 100, ""closedAt"": ""2026-05-11T23:55:03.231Z""}]",-0.6050395825620453,-4.382133409700389,0.217822681170679,0.1306932260727697,-4.599956090871068,0.08,0.05,0.02,0.03,t,0.11123,2026-05-11 23:54:59.999,2026-05-11 03:15:34.58,2026-05-11 23:55:03.231,2026-05-11 23:55:00
46,201,TRUMPUSDT,SELL,CLOSED,2.4352692,2.492,2.492,2.4352692,"[2.404, 2.36, 2.316]",362.1360929101703,7.242721858203407,310.9065527975902,127.668248256739,17.17070233453434,18.10680464550851,"[{""pnlR"": 0.2755927996784826, ""price"": 2.404, ""pnlUsd"": 1.996041994194819, ""reason"": ""TP1"", ""percent"": 50, ""closedAt"": ""2026-05-11T13:36:19.976Z""}, {""pnlR"": -0.006439013375450271, ""price"": 2.43599978076, ""pnlUsd"": -0.04663598291963777, ""reason"": ""SL"", ""percent"": 50, ""closedAt"": ""2026-05-11T17:35:06.328Z""}]",0.2691537863030323,1.949406011275181,0.2638946794705725,0.1399359387456525,1.685511331804609,0.08,0.05,0.02,0.03,t,2.436,2026-05-11 17:34:59.999,2026-05-11 03:15:34.755,2026-05-11 17:35:06.583,2026-05-11 23:55:00
47,202,SHIB1000USDT,SELL,SL_HIT,0.0064760566,0.006617,0.006617,0.006617,"[0.006367000000000001, 0.006242000000000002, 0.006117000000000003]",362.1360929101703,7.242721858203407,332.7880318750834,51387.44955920913,18.37916951059795,18.10680464550851,"[{""pnlR"": -1.014084377132948, ""price"": 0.0066189851, ""pnlUsd"": -7.34473108432339, ""reason"": ""SL"", ""percent"": 100, ""closedAt"": ""2026-05-11T17:25:00.157Z""}]",-1.014084377132948,-7.34473108432339,0.3364603974172451,0.2018755955933532,-7.681191481740635,0.08,0.05,0.02,0.03,t,0.006615,2026-05-11 17:24:59.999,2026-05-11 03:15:34.937,2026-05-11 17:25:00.49,2026-05-11 23:55:00
48,203,USELESSUSDT,SELL,SL_HIT,0.054473653,0.05768,0.05768,0.05768,"[0.05174, 0.04877, 0.0458]",362.1360929101703,7.242721858203407,123.048914318783,2258.870252721678,6.79572772379283,18.10680464550851,"[{""pnlR"": -1.005396795792843, ""price"": 0.057697304, ""pnlUsd"": -7.281809349056492, ""reason"": ""SL"", ""percent"": 100, ""closedAt"": ""2026-05-11T15:25:01.316Z""}]",-1.005396795792843,-7.281809349056492,0.1266898189933112,0.07601324287432737,-7.408499168049803,0.08,0.05,0.02,0.03,t,0.05769,2026-05-11 15:24:59.999,2026-05-11 03:15:35.111,2026-05-11 15:25:01.408,2026-05-11 23:55:00
49,204,1000BONKUSDT,SELL,EXPIRED,0.0073967803,0.007743,0.007743,0.007743,"[0.007079, 0.006747, 0.006415000000000001]",362.1360929101703,7.242721858203407,154.7364935014916,20919.43889444595,8.545764784615091,18.10680464550851,"[{""pnlR"": -0.4115329081505179, ""price"": 0.0075392611, ""pnlUsd"": -2.98061838923177, ""reason"": ""EXPIRED"", ""percent"": 100, ""closedAt"": ""2026-05-11T23:55:00.615Z""}]",-0.4115329081505179,-2.98061838923177,0.1562268026961075,0.0937358217982269,-3.136845191927878,0.08,0.05,0.02,0.03,t,0.007537,2026-05-11 23:54:59.999,2026-05-11 03:15:35.285,2026-05-11 23:55:00.615,2026-05-11 23:55:00
50,205,STXUSDT,SELL,SL_HIT,0.26152152,0.2691,0.2691,0.2691,"[0.2549, 0.2478, 0.2407]",361.4166778320631,7.228333556641262,249.4385125776976,953.7972728886615,13.80337587484562,18.07083389160316,"[{""pnlR"": -1.010652531906131, ""price"": 0.26918073, ""pnlUsd"": -7.305333610481538, ""reason"": ""SL"", ""percent"": 100, ""closedAt"": ""2026-05-11T20:06:33.901Z""}]",-1.010652531906131,-7.305333610481538,0.2530911793829383,0.1518540638165706,-7.558424789864477,0.08,0.05,0.02,0.03,t,0.2692,2026-05-11 20:04:59.999,2026-05-11 03:20:29.944,2026-05-11 20:06:33.995,2026-05-11 23:55:00
51,206,FARTCOINUSDT,SELL,EXPIRED,0.252604196,0.2663,0.2663,0.2663,"[0.24004, 0.2269100000000001, 0.2137800000000001]",361.4166778320631,7.228333556641262,133.3187439375731,527.7772343004671,7.377564573792101,18.07083389160316,"[{""pnlR"": -0.3820974657639655, ""price"": 0.257837328, ""pnlUsd"": -2.761927933689258, ""reason"": ""EXPIRED"", ""percent"": 100, ""closedAt"": ""2026-05-11T23:55:02.180Z""}]",-0.3820974657639655,-2.761927933689258,0.1346997079044177,0.08081958344289927,-2.896627641593676,0.08,0.05,0.02,0.03,t,0.25776,2026-05-11 23:54:59.999,2026-05-11 03:20:30.125,2026-05-11 23:55:02.18,2026-05-11 23:55:00
52,207,ENAUSDT,SELL,EXPIRED,0.12736178,0.13356,0.13356,0.13356,"[0.12264, 0.11718, 0.1117199999999999]",361.2252992038055,7.22450598407611,148.4500294846883,1165.57753420758,8.21924875206107,18.06126496019028,"[{""pnlR"": -0.2382716328236164, ""price"": 0.12883864, ""pnlUsd"": -1.721394837169802, ""reason"": ""EXPIRED"", ""percent"": 100, ""closedAt"": ""2026-05-11T23:55:00.380Z""}]",-0.2382716328236164,-1.721394837169802,0.1493107269032732,0.08958628927920848,-1.870705564073076,0.08,0.05,0.02,0.03,t,0.1288,2026-05-11 23:54:59.999,2026-05-11 03:25:30.247,2026-05-11 23:55:00.38,2026-05-11 23:55:00
53,208,DYDXUSDT,SELL,EXPIRED,0.166480041,0.17111,0.17111,0.17111,"[0.16237, 0.158, 0.15363]",361.1510741890631,7.223021483781261,259.7191276993572,1560.061651470624,14.3828522887568,18.05755370945316,"[{""pnlR"": 0.1793452166639054, ""price"": 0.16564968, ""pnlUsd"": 1.295414352976801, ""reason"": ""EXPIRED"", ""percent"": 100, ""closedAt"": ""2026-05-11T23:55:09.733Z""}]",0.1793452166639054,1.295414352976801,0.2590714205228688,0.1554429828908577,1.036342932453933,0.08,0.05,0.02,0.03,t,0.1656,2026-05-11 23:54:59.999,2026-05-11 03:30:30.93,2026-05-11 23:55:09.733,2026-05-11 23:55:00
54,209,AAVEUSDT,SELL,SL_HIT,99.210228,102.48,102.48,102.48,"[97.11999999999999, 94.43999999999998, 91.75999999999998]",361.0212146252134,7.220424292504268,219.079477197825,2.208234792060199,12.13665393183377,18.05106073126067,"[{""pnlR"": -1.009402490448875, ""price"": 102.510744, ""pnlUsd"": -7.288314262951363, ""reason"": ""SL"", ""percent"": 100, ""closedAt"": ""2026-05-11T16:10:38.201Z""}]",-1.009402490448875,-7.288314262951363,0.2227236343293006,0.1336335366762988,-7.511037897280663,0.08,0.05,0.02,0.03,t,102.5,2026-05-11 16:09:59.999,2026-05-11 03:40:30.425,2026-05-11 16:10:38.33,2026-05-11 23:55:00
55,210,MUSDT,SELL,SL_HIT,3.30170919,3.34,3.34,3.34,"[3.2686, 3.2329, 3.1972]",360.9116748866145,7.21823349773229,622.4080366810963,188.5108593349786,25,24.89632146724385,"[{""pnlR"": -1.026168158887204, ""price"": 3.341002, ""pnlUsd"": -7.407121378785969, ""reason"": ""SL"", ""percent"": 100, ""closedAt"": ""2026-05-11T05:57:45.833Z""}]",-1.026168158887204,-7.407121378785969,0.6261115973704893,0.3756663255912467,-8.033232976156459,0.08,0.05,0.02,0.03,t,3.3426,2026-05-11 05:54:59.999,2026-05-11 04:30:31.417,2026-05-11 05:57:46.024,2026-05-11 23:55:00
56,211,ZECUSDT,SELL,CLOSED,573.797809,594.6,594.6,564.2199999999999,"[564.2199999999999, 549.0299999999999, 533.8399999999998]",360.6004708682739,7.212009417365477,198.9326606111673,0.3466947023688745,11.03341102867482,18.03002354341369,"[{""pnlR"": 0.2302115435821188, ""price"": 564.2199999999999, ""pnlUsd"": 1.660287820300484, ""reason"": ""TP1"", ""percent"": 50, ""closedAt"": ""2026-05-11T13:13:12.173Z""}, {""pnlR"": 0.3571903892239069, ""price"": 549.0299999999999, ""pnlUsd"": 2.576060450875257, ""reason"": ""TP2"", ""percent"": 30, ""closedAt"": ""2026-05-11T14:51:43.574Z""}, {""pnlR"": 0.09045723116377623, ""price"": 564.3892659999999, ""pnlUsd"": 0.6523784030219602, ""reason"": ""SL"", ""percent"": 20, ""closedAt"": ""2026-05-11T17:17:34.814Z""}]",0.677859163969802,4.888726674197701,0.1500153632087411,0.07143443259383168,4.73871131098896,0.08,0.05,0.02,0.03,t,564.28,2026-05-11 17:14:59.999,2026-05-11 05:10:30.512,2026-05-11 17:17:35.143,2026-05-11 23:55:00
57,212,VVVUSDT,BUY,CLOSED,16.084824,14.897,14.897,17.156,"[16.403, 17.156, 17.909]",353.0551275887364,7.061102551774728,95.61735727788597,5.944569693637058,5.416568111100646,17.65275637943682,"[{""pnlR"": 0.1339322997346397, ""price"": 16.403, ""pnlUsd"": 0.945709703421325, ""reason"": ""TP1"", ""percent"": 50, ""closedAt"": ""2026-05-11T06:13:19.086Z""}, {""pnlR"": 0.2705390697611759, ""price"": 17.156, ""pnlUsd"": 1.910304115845407, ""reason"": ""TP2"", ""percent"": 30, ""closedAt"": ""2026-05-11T06:26:55.192Z""}, {""pnlR"": 0.307145839787712, ""price"": 17.909, ""pnlUsd"": 2.168788273092012, ""reason"": ""TP3"", ""percent"": 20, ""closedAt"": ""2026-05-11T08:16:37.184Z""}]",0.7116172092835276,5.024802092358744,0.06793711051299194,0.02867660420210084,4.956864981845752,0.08,0.05,0.02,0.03,t,17.924,2026-05-11 08:14:59.999,2026-05-11 05:30:30.999,2026-05-11 08:16:37.404,2026-05-11 23:55:00
58,215,SEIUSDT,BUY,EXPIRED,0.076753019,0.07312,0.07312,0.07312,"[0.07903999999999999, 0.08199999999999998, 0.08495999999999997]",338.8041405447323,6.776082810894646,143.1549938852976,1865.138280558027,8.450604744979312,16.94020702723661,"[{""pnlR"": -0.2080432279599973, ""price"": 0.075997194, ""pnlUsd"": -1.409718140902774, ""reason"": ""EXPIRED"", ""percent"": 100, ""closedAt"": ""2026-05-11T23:55:00.402Z""}]",-0.2080432279599973,-1.409718140902774,0.1424501348148462,0.08546996170657037,-1.55216827571762,0.08,0.05,0.02,0.03,t,0.07602,2026-05-11 23:54:59.999,2026-05-11 06:15:30.681,2026-05-11 23:55:00.402,2026-05-11 23:55:00
59,217,KASUSDT,BUY,CLOSED,0.038891664,0.03842,0.03842,0.038891664,"[0.03924, 0.03965, 0.04006000000000001]",340.6367480613753,6.812734961227505,561.7528559167438,14444.04271097127,25,22.47011423666975,"[{""pnlR"": 0.3692628650904035, ""price"": 0.03924, ""pnlUsd"": 2.515690030884427, ""reason"": ""TP1"", ""percent"": 50, ""closedAt"": ""2026-05-11T07:51:38.400Z""}, {""pnlR"": -0.01236844363784473, ""price"": 0.0388799965008, ""pnlUsd"": -0.08426292838751667, ""reason"": ""SL"", ""percent"": 50, ""closedAt"": ""2026-05-11T08:27:26.180Z""}]",0.3568944214525588,2.431427102496911,0.4779509340712154,0.2527382425683073,1.953476168425695,0.08,0.05,0.02,0.03,t,0.03887,2026-05-11 08:24:59.999,2026-05-11 07:15:29.747,2026-05-11 08:27:26.453,2026-05-11 23:55:00
60,218,SIRENUSDT,BUY,SL_HIT,1.180624081,1.14946,1.14946,1.14946,"[1.20822, 1.2376, 1.266980000000001]",340.3287753119187,6.806575506238374,257.8611880712859,218.4109169219003,15.15365180831098,17.01643876559594,"[{""pnlR"": -1.011065238856232, ""price"": 1.149115162, ""pnlUsd"": -6.881891890007879, ""reason"": ""SL"", ""percent"": 100, ""closedAt"": ""2026-05-11T07:56:22.197Z""}]",-1.011065238856232,-6.881891890007879,0.2544202421262819,0.1526515396441299,-7.136312132134162,0.08,0.05,0.02,0.03,t,1.15118,2026-05-11 07:54:59.999,2026-05-11 07:45:30.34,2026-05-11 07:56:22.396,2026-05-11 23:55:00
61,220,POLUSDT,BUY,SL_HIT,0.104691398,0.1032,0.1032,0.1032,"[0.1061, 0.10755, 0.109]",337.591345597315,6.7518269119463,473.9567831428491,4527.17980843898,28.07872828044551,16.87956727986575,"[{""pnlR"": -1.020759046210332, ""price"": 0.10316904, ""pnlUsd"": -6.891988398815555, ""reason"": ""SL"", ""percent"": 100, ""closedAt"": ""2026-05-11T13:37:43.108Z""}]",-1.020759046210332,-6.891988398815555,0.4705107889434412,0.282305878494631,-7.362499187758996,0.08,0.05,0.02,0.03,t,0.10322,2026-05-11 13:34:59.999,2026-05-11 09:18:53.402,2026-05-11 13:37:43.354,2026-05-11 23:55:00
62,225,MUSDT,SELL,SL_HIT,3.23532911,3.3036,3.3036,3.3036,"[3.1984, 3.1458, 3.0932]",307.7382959587437,6.154765919174874,291.6717995553066,90.15212661172099,18.95583379680564,15.38691479793719,"[{""pnlR"": -1.014516875347603, ""price"": 3.30459108, ""pnlUsd"": -6.244113888817211, ""reason"": ""SL"", ""percent"": 100, ""closedAt"": ""2026-05-12T18:37:50.359Z""}]",-1.014516875347603,-6.244113888817211,0.2947938564997152,0.1768757678483964,-6.538907745316926,0.08,0.05,0.02,0.03,t,3.2965,2026-05-12 18:34:59.999,2026-05-12 03:29:56.226,2026-05-12 18:37:50.772,2026-05-12 23:55:00
63,226,VVVUSDT,BUY,CLOSED,18.235469,16.936,16.936,18.235469,"[19.198, 20.329, 21.46]",307.5924600589661,6.151849201179322,86.32899699860512,4.734125401359577,5.613206317349631,15.3796230029483,"[{""pnlR"": 0.3703555067492965, ""price"": 19.198, ""pnlUsd"": 2.278371228348023, ""reason"": ""TP1"", ""percent"": 50, ""closedAt"": ""2026-05-12T05:00:01.112Z""}, {""pnlR"": -0.002104952369006294, ""price"": 18.2299983593, ""pnlUsd"": -0.01294934954979189, ""reason"": ""SL"", ""percent"": 50, ""closedAt"": ""2026-05-12T05:02:59.635Z""}]",0.3682505543802902,2.265421878798231,0.07382884701970907,0.0388402813698177,2.191593031778522,0.08,0.05,0.02,0.03,t,18.253,2026-05-12 04:59:59.999,2026-05-12 03:34:55.06,2026-05-12 05:02:59.893,2026-05-12 23:55:00
64,227,SIRENUSDT,BUY,CLOSED,1.161688402,1.13573,1.13573,1.18119,"[1.18119, 1.20392, 1.22665]",307.5492955604668,6.150985911209336,275.2684465675991,236.9554917598283,17.90076911514037,15.37746477802334,"[{""pnlR"": 0.3756317126146647, ""price"": 1.18119, ""pnlUsd"": 2.310505372096237, ""reason"": ""TP1"", ""percent"": 50, ""closedAt"": ""2026-05-12T04:20:18.483Z""}, {""pnlR"": 0.4880685413531995, ""price"": 1.20392, ""pnlUsd"": 3.002102721568021, ""reason"": ""TP2"", ""percent"": 30, ""closedAt"": ""2026-05-12T04:53:24.359Z""}, {""pnlR"": 0.1475224938730813, ""price"": 1.180835643, ""pnlUsd"": 0.9074087813997885, ""reason"": ""SL"", ""percent"": 20, ""closedAt"": ""2026-05-12T06:23:14.628Z""}]",1.011222747840945,6.220016875064046,0.2107202454008082,0.09934913467880674,6.009296629663238,0.08,0.05,0.02,0.03,t,1.18211,2026-05-12 06:19:59.999,2026-05-12 03:59:52.886,2026-05-12 06:23:14.856,2026-05-12 23:55:00
65,228,KASUSDT,SELL,CLOSED,0.039118261,0.04076,0.04076,0.03880000000000001,"[0.03880000000000001, 0.03782000000000001, 0.03684000000000002]",307.411661337183,6.14823322674366,146.4959972642614,3744.951680348505,9.530932992394062,15.37058306685915,"[{""pnlR"": 0.0969280135271179, ""price"": 0.03880000000000001, ""pnlUsd"": 0.5959360333696853, ""reason"": ""TP1"", ""percent"": 50, ""closedAt"": ""2026-05-12T08:14:03.700Z""}, {""pnlR"": 0.2372352121744061, ""price"": 0.03782000000000001, ""pnlUsd"": 1.458577414044266, ""reason"": ""TP2"", ""percent"": 30, ""closedAt"": ""2026-05-12T14:33:29.056Z""}, {""pnlR"": 0.09706390601673041, ""price"": 0.038321493, ""pnlUsd"": 0.5967715320895858, ""reason"": ""MANUAL"", ""percent"": 20, ""closedAt"": ""2026-05-12T20:34:19.241Z""}]",0.4312271317182544,2.651284979503536,0.1106276694653111,0.05257013370804888,2.540657310038225,0.08,0.05,0.02,0.03,t,0.038321493,2026-05-12 20:34:19.241,2026-05-12 04:04:53.141,2026-05-12 20:34:19.241,2026-05-12 23:55:00
66,229,AEROUSDT,SELL,CLOSED,0.50704784,0.5317,0.5317,0.4947,"[0.4947, 0.4762000000000001, 0.4577000000000001]",307.411661337183,6.14823322674366,126.4574129584025,249.3993721744334,8.227235909551156,15.37058306685915,"[{""pnlR"": 0.2504413406370901, ""price"": 0.4947, ""pnlUsd"": 1.539771771855185, ""reason"": ""TP1"", ""percent"": 50, ""closedAt"": ""2026-05-12T10:28:52.799Z""}, {""pnlR"": 0.3753972065733794, ""price"": 0.4762000000000001, ""pnlUsd"": 2.308029578681205, ""reason"": ""TP2"", ""percent"": 30, ""closedAt"": ""2026-05-12T14:08:36.805Z""}, {""pnlR"": 0.2336867033152477, ""price"": 0.47824343, ""pnlUsd"": 1.436760353970994, ""reason"": ""MANUAL"", ""percent"": 20, ""closedAt"": ""2026-05-12T20:34:19.239Z""}]",0.8595252505257173,5.284561704507384,0.09461969340129317,0.04510287886024679,5.189942011106091,0.08,0.05,0.02,0.03,t,0.47824343,2026-05-12 20:34:19.239,2026-05-12 04:04:53.324,2026-05-12 20:34:19.239,2026-05-12 23:55:00
67,230,USELESSUSDT,BUY,CLOSED,0.074152239,0.06792,0.06792,0.07928,"[0.07928, 0.08496000000000001, 0.09064000000000001]",314.7774447829442,6.295548895658884,74.9055109001891,1010.158451185663,4.759267993412961,15.73887223914721,"[{""pnlR"": 0.4113899515085997, ""price"": 0.07928, ""pnlUsd"": 2.589925554905128, ""reason"": ""TP1"", ""percent"": 50, ""closedAt"": ""2026-05-12T09:08:55.020Z""}, {""pnlR"": 0.5202509563577397, ""price"": 0.08496000000000001, ""pnlUsd"": 3.275265333763447, ""reason"": ""TP2"", ""percent"": 30, ""closedAt"": ""2026-05-12T13:32:09.005Z""}, {""pnlR"": 0.163792723610247, ""price"": 0.079256216, ""pnlUsd"": 1.031165100241451, ""reason"": ""SL"", ""percent"": 20, ""closedAt"": ""2026-05-12T14:42:22.301Z""}]",1.095433631476586,6.896355988910027,0.05861680901199816,0.02727003551651098,6.837739179898028,0.08,0.05,0.02,0.03,t,0.0793,2026-05-12 14:39:59.999,2026-05-12 05:39:52.418,2026-05-12 14:42:22.647,2026-05-12 23:55:00
68,231,SHIB1000USDT,BUY,SL_HIT,0.0066279878,0.006506,0.006506,0.006506,"[0.006702, 0.0068, 0.006898]",315.6194202598464,6.312388405196928,342.9722754120226,51746.06317350533,21.73328086907054,15.78097101299232,"[{""pnlR"": -1.015999960651798, ""price"": 0.0065040482, ""pnlUsd"": -6.413386371298992, ""reason"": ""SL"", ""percent"": 100, ""closedAt"": ""2026-05-12T09:28:44.338Z""}]",-1.015999960651798,-6.413386371298992,0.3397655822263731,0.2038587904782907,-6.753151953525364,0.08,0.05,0.02,0.03,t,0.006506,2026-05-12 09:24:59.999,2026-05-12 06:29:52.371,2026-05-12 09:28:44.855,2026-05-12 23:55:00
69,232,SEIUSDT,SELL,CLOSED,0.07259821400000001,0.07714,0.07714,0.07259821400000001,"[0.0689, 0.06478, 0.06066000000000001]",315.4479341221404,6.308958682442808,100.8455996264777,1389.09201852373,6.393803142640374,15.77239670610702,"[{""pnlR"": 0.4071321281980274, ""price"": 0.0689, ""pnlUsd"": 2.568579775096362, ""reason"": ""TP1"", ""percent"": 50, ""closedAt"": ""2026-05-12T16:51:04.002Z""}, {""pnlR"": 0.274912776603743, ""price"": 0.070101024, ""pnlUsd"": 1.734413348868644, ""reason"": ""MANUAL"", ""percent"": 50, ""closedAt"": ""2026-05-12T20:34:19.252Z""}]",0.6820449048017704,4.302993123965006,0.0843378370530525,0.04486489401426987,4.218655286911954,0.08,0.05,0.02,0.03,t,0.070101024,2026-05-12 20:34:19.252,2026-05-12 07:09:51.142,2026-05-12 20:34:19.252,2026-05-12 23:55:00
70,234,TRUMPUSDT,SELL,CLOSED,2.3802857,2.439,2.439,2.3802857,"[2.333, 2.28, 2.227]",315.4479341221404,6.308958682442808,255.7660422368899,107.4518248951754,16.21605435132494,15.77239670610702,"[{""pnlR"": 0.4026761793975205, ""price"": 2.333, ""pnlUsd"": 2.540467378222885, ""reason"": ""TP1"", ""percent"": 50, ""closedAt"": ""2026-05-12T11:24:10.438Z""}, {""pnlR"": 0.285977181027447, ""price"": 2.3467038, ""pnlUsd"": 1.80421821922363, ""reason"": ""MANUAL"", ""percent"": 50, ""closedAt"": ""2026-05-12T20:34:19.214Z""}]",0.6886533604249674,4.344685597446516,0.2159909333161001,0.1145651357032259,4.128694664130416,0.08,0.05,0.02,0.03,t,2.3467038,2026-05-12 20:34:19.214,2026-05-12 07:09:51.335,2026-05-12 20:34:19.214,2026-05-12 23:55:00
71,235,FARTCOINUSDT,SELL,CLOSED,0.247485732,0.259,0.259,0.23926,"[0.23926, 0.22939, 0.2195199999999999]",315.4479341221404,6.308958682442808,135.603692538867,547.9252942907713,8.59753245277946,15.77239670610702,"[{""pnlR"": 0.3571973485418273, ""price"": 0.23926, ""pnlUsd"": 2.253543313428511, ""reason"": ""TP1"", ""percent"": 50, ""closedAt"": ""2026-05-12T11:39:39.480Z""}, {""pnlR"": 0.4714776136876442, ""price"": 0.22939, ""pnlUsd"": 2.974532784452078, ""reason"": ""TP2"", ""percent"": 30, ""closedAt"": ""2026-05-12T16:00:10.878Z""}, {""pnlR"": 0.2592606842223932, ""price"": 0.232559747, ""pnlUsd"": 1.63566494474093, ""reason"": ""MANUAL"", ""percent"": 20, ""closedAt"": ""2026-05-12T20:34:19.229Z""}]",1.087935646451865,6.86374104262152,0.1011953586375923,0.04833654485655828,6.762545683983928,0.08,0.05,0.02,0.03,t,0.232559747,2026-05-12 20:34:19.229,2026-05-12 07:09:51.508,2026-05-12 20:34:19.229,2026-05-12 23:55:00
72,236,ORDIUSDT,SELL,CLOSED,4.7715681,4.913,4.913,4.7715681,"[4.635, 4.496, 4.356999999999999]",315.2018264549393,6.304036529098786,212.6828502161277,44.57294662023744,13.49502651099216,15.76009132274696,"[{""pnlR"": 0.4828051521615678, ""price"": 4.635, ""pnlUsd"": 3.043621315663621, ""reason"": ""TP1"", ""percent"": 50, ""closedAt"": ""2026-05-12T14:28:49.148Z""}, {""pnlR"": 0.6900692135225471, ""price"": 4.5763725, ""pnlUsd"": 4.350221529652607, ""reason"": ""MANUAL"", ""percent"": 50, ""closedAt"": ""2026-05-12T20:34:19.234Z""}]",1.172874365684115,7.393842845316229,0.1779965876557496,0.09441218688364784,7.21584625766048,0.08,0.05,0.02,0.03,t,4.5763725,2026-05-12 20:34:19.234,2026-05-12 07:14:51.208,2026-05-12 20:34:19.234,2026-05-12 23:55:00
73,237,ETHUSDT,SELL,CLOSED,2289.143051,2339.66,2339.66,2339.66,"[2245.56, 2198.510000000001, 2151.460000000001]",315.0954850298313,6.301909700596626,285.5669846401512,0.1247484225659916,18.12574271656831,15.75477425149156,"[{""pnlR"": 0.1379458605071372, ""price"": 2282.174447, ""pnlUsd"": 0.8693223564870769, ""reason"": ""MANUAL"", ""percent"": 100, ""closedAt"": ""2026-05-12T20:34:19.248Z""}]",0.1379458605071372,0.8693223564870769,0.2851323234619076,0.1710794877133112,0.5841900330251693,0.08,0.05,0.02,0.03,t,2282.174447,2026-05-12 20:34:19.248,2026-05-12 08:05:51.043,2026-05-12 20:34:19.248,2026-05-12 23:55:00
74,238,LDOUSDT,SELL,CLOSED,0.39828048,0.4114,0.4114,0.39828048,"[0.3878, 0.3760000000000001, 0.3642000000000001]",315.5341071583611,6.310682143167222,191.5787706492365,481.0147126699166,12.14314182226179,15.77670535791806,"[{""pnlR"": 0.3994231496274261, ""price"": 0.3878, ""pnlUsd"": 2.520632537921407, ""reason"": ""TP1"", ""percent"": 50, ""closedAt"": ""2026-05-12T14:50:51.757Z""}, {""pnlR"": -0.004553678183347473, ""price"": 0.398399964144, ""pnlUsd"": -0.02873681559738105, ""reason"": ""SL"", ""percent"": 50, ""closedAt"": ""2026-05-12T19:05:03.178Z""}]",0.3948694714440786,2.491895722324026,0.1623521969520654,0.08622769405568181,2.32954352537196,0.08,0.05,0.02,0.03,t,0.3983,2026-05-12 19:04:59.999,2026-05-12 08:15:50.997,2026-05-12 19:05:03.279,2026-05-12 23:55:00
75,240,STXUSDT,SELL,CLOSED,0.26362089,0.2719,0.2719,0.2719,"[0.2563, 0.2485000000000001, 0.2407000000000001]",315.4383177730365,6.30876635546073,200.8818099323017,762.0102106942347,12.73667773468407,15.77191588865183,"[{""pnlR"": -0.417823896529941, ""price"": 0.2670801, ""pnlUsd"": -2.635953340935596, ""reason"": ""MANUAL"", ""percent"": 100, ""closedAt"": ""2026-05-12T20:34:19.232Z""}]",-0.417823896529941,-2.635953340935596,0.2021997866027694,0.1213196456446026,-2.838153127538366,0.08,0.05,0.02,0.03,t,0.2670801,2026-05-12 20:34:19.232,2026-05-12 08:20:50.53,2026-05-12 20:34:19.232,2026-05-12 23:55:00
76,241,1000BONKUSDT,SELL,CLOSED,0.007320803099999999,0.007551,0.007551,0.007320803099999999,"[0.007148999999999999, 0.006947999999999998, 0.006746999999999998]",315.4383177730365,6.30876635546073,200.6336153624676,27405.95705442038,12.72094124638511,15.77191588865182,"[{""pnlR"": 0.3731655378504188, ""price"": 0.007148999999999999, ""pnlUsd"": 2.354214190208138, ""reason"": ""TP1"", ""percent"": 50, ""closedAt"": ""2026-05-12T11:16:49.326Z""}, {""pnlR"": 0.4749696889923299, ""price"": 0.00710213, ""pnlUsd"": 2.996472793778469, ""reason"": ""MANUAL"", ""percent"": 50, ""closedAt"": ""2026-05-12T20:34:19.237Z""}]",0.8481352268427487,5.350686983986607,0.1685694938231665,0.08939549131581209,5.18211749016344,0.08,0.05,0.02,0.03,t,0.00710213,2026-05-12 20:34:19.237,2026-05-12 08:20:50.705,2026-05-12 20:34:19.237,2026-05-12 23:55:00
77,242,IPUSDT,SELL,CLOSED,0.5500349400000001,0.5692,0.5692,0.5692,"[0.5334, 0.5155, 0.4975999999999999]",317.8194770790932,6.356389541581864,182.4276229826892,331.6655174354726,11.4799523716597,15.89097385395466,"[{""pnlR"": -0.3199499505871624, ""price"": 0.5561668000000001, ""pnlUsd"": -2.033726519741874, ""reason"": ""MANUAL"", ""percent"": 100, ""closedAt"": ""2026-05-12T20:34:19.227Z""}]",-0.3199499505871624,-2.033726519741874,0.1834444862425601,0.1100665186161232,-2.217171005984434,0.08,0.05,0.02,0.03,t,0.5561668000000001,2026-05-12 20:34:19.227,2026-05-12 09:21:10.743,2026-05-12 20:34:19.227,2026-05-12 23:55:00
78,243,AAVEUSDT,SELL,CLOSED,98.060573,101.3,101.3,98.060573,"[96.58, 94.22, 91.86]",312.6740314366961,6.253480628733922,189.2988771464985,1.930428013575838,12.10838497055192,15.6337015718348,"[{""pnlR"": 0.2285239025296774, ""price"": 96.58, ""pnlUsd"": 1.429069797672016, ""reason"": ""TP1"", ""percent"": 50, ""closedAt"": ""2026-05-12T13:57:10.799Z""}, {""pnlR"": 0.2225078694472831, ""price"": 96.618977, ""pnlUsd"": 1.391448651329441, ""reason"": ""MANUAL"", ""percent"": 50, ""closedAt"": ""2026-05-12T20:34:19.250Z""}]",0.4510317719769604,2.820518449001457,0.1599225072893246,0.08477571143018416,2.660595941712132,0.08,0.05,0.02,0.03,t,96.618977,2026-05-12 20:34:19.25,2026-05-12 10:35:10.476,2026-05-12 20:34:19.25,2026-05-12 23:55:00
79,244,ENAUSDT,SELL,CLOSED,0.123193031,0.12889,0.12889,0.12889,"[0.11925, 0.11443, 0.10961]",312.6740314366961,6.253480628733922,135.2272116898509,1097.685563803125,8.649724511402473,15.63370157183481,"[{""pnlR"": 0.2556659514910472, ""price"": 0.12173651, ""pnlUsd"": 1.598802075076094, ""reason"": ""MANUAL"", ""percent"": 100, ""closedAt"": ""2026-05-12T20:34:19.246Z""}]",0.2556659514910472,1.598802075076094,0.1344278106523128,0.08065683754267602,1.464374264423781,0.08,0.05,0.02,0.03,t,0.12173651,2026-05-12 20:34:19.246,2026-05-12 10:35:10.663,2026-05-12 20:34:19.246,2026-05-12 23:55:00
80,245,DOGEUSDT,SELL,CLOSED,0.108907318,0.11154,0.11154,0.108907318,"[0.10772, 0.10581, 0.1039]",312.6740314366961,6.253480628733922,258.6904926004606,2375.326996854891,16.54697650532804,15.63370157183481,"[{""pnlR"": 0.2254959011380805, ""price"": 0.10772, ""pnlUsd"": 1.410134249625886, ""reason"": ""TP1"", ""percent"": 50, ""closedAt"": ""2026-05-12T16:47:25.306Z""}, {""pnlR"": -0.006205116189497867, ""price"": 0.1089399901954, ""pnlUsd"": -0.03880357389006817, ""reason"": ""SL"", ""percent"": 50, ""closedAt"": ""2026-05-12T17:39:14.792Z""}]",0.2192907849485826,1.371330675735818,0.2196242936474114,0.1164340108012612,1.151706382088407,0.08,0.05,0.02,0.03,t,0.10892,2026-05-12 17:34:59.999,2026-05-12 10:35:10.853,2026-05-12 17:39:14.971,2026-05-12 23:55:00
81,247,ZECUSDT,SELL,CLOSED,542.9270730000001,562.7,562.7,562.7,"[530.8399999999999, 514.9099999999999, 498.9799999999998]",312.3824231459777,6.247648462919554,171.5485771583472,0.3159698340523667,10.98324133801739,15.61912115729889,"[{""pnlR"": -0.4323244606122242, ""price"": 551.4753929999999, ""pnlUsd"": -2.701011251826488, ""reason"": ""MANUAL"", ""percent"": 100, ""closedAt"": ""2026-05-12T20:34:19.225Z""}]",-0.4323244606122242,-2.701011251826488,0.1728990827842605,0.1037392159160612,-2.873910334610749,0.08,0.05,0.02,0.03,t,551.4753929999999,2026-05-12 20:34:19.225,2026-05-12 10:50:09.162,2026-05-12 20:34:19.225,2026-05-12 23:55:00
82,250,POLUSDT,SELL,CLOSED,0.100839739,0.10323,0.10323,0.100839739,"[0.09863000000000001, 0.09633000000000001, 0.09403000000000002]",314.6312705289085,6.29262541057817,265.4717221372365,2632.610167081417,16.87510091994145,15.73156352644543,"[{""pnlR"": 0.4622380150117464, ""price"": 0.09863000000000001, ""pnlUsd"": 2.908690678998146, ""reason"": ""TP1"", ""percent"": 50, ""closedAt"": ""2026-05-12T16:00:06.280Z""}, {""pnlR"": 0.4518636249346826, ""price"": 0.098679595, ""pnlUsd"": 2.843408528379963, ""reason"": ""MANUAL"", ""percent"": 50, ""closedAt"": ""2026-05-12T20:34:19.243Z""}]",0.914101639946429,5.75209920737811,0.2236475214166614,0.1186214652134024,5.528451685961448,0.08,0.05,0.02,0.03,t,0.098679595,2026-05-12 20:34:19.244,2026-05-12 11:20:09.449,2026-05-12 20:34:19.244,2026-05-12 23:55:00
83,251,DYDXUSDT,SELL,CLOSED,0.16175146,0.16638,0.16638,0.16175146,"[0.158, 0.15381, 0.14962]",319.2543671881521,6.385087343763042,223.1367126742336,1379.503546207457,13.97861615109736,15.96271835940761,"[{""pnlR"": 0.4052530603602889, ""price"": 0.158, ""pnlUsd"": 2.587576186727722, ""reason"": ""TP1"", ""percent"": 50, ""closedAt"": ""2026-05-12T14:51:14.262Z""}, {""pnlR"": 0.3558289439002401, ""price"": 0.158457523, ""pnlUsd"": 2.271998886241993, ""reason"": ""MANUAL"", ""percent"": 50, ""closedAt"": ""2026-05-12T20:34:19.219Z""}]",0.761082004260529,4.859575072969715,0.188012691092632,0.09974017564609455,4.671562381877084,0.08,0.05,0.02,0.03,t,0.158457523,2026-05-12 20:34:19.219,2026-05-12 12:50:45.102,2026-05-12 20:34:19.219,2026-05-12 23:55:00
84,273,ORDIUSDT,BUY,SL_HIT,4.7464235,4.614,4.614,4.614,"[4.851999999999999, 4.970999999999999, 5.089999999999999]",357.7552865122767,7.155105730245534,256.4587250980537,54.03199379449678,14.33710330870279,17.88776432561383,"[{""pnlR"": -1.010452827481523, ""price"": 4.6126158, ""pnlUsd"": -7.229896816055849, ""reason"": ""SL"", ""percent"": 100, ""closedAt"": ""2026-05-13T12:32:13.561Z""}]",-1.010452827481523,-7.229896816055849,0.2528437766900258,0.1517056289767589,-7.482740592745874,0.08,0.05,0.02,0.03,t,4.621,2026-05-13 12:29:59.999,2026-05-13 03:18:56.908,2026-05-13 12:32:14.317,2026-05-13 23:55:00
85,274,1000BONKUSDT,BUY,SL_HIT,0.0072301684,0.007059,0.007059,0.007059,"[0.007378999999999999, 0.007538999999999999, 0.007698999999999998]",357.6270571497277,7.152541142994554,302.123972367442,41786.57475909442,16.89603548318503,17.88135285748639,"[{""pnlR"": -1.012372026612389, ""price"": 0.0070568823, ""pnlUsd"": -7.241032572361893, ""reason"": ""SL"", ""percent"": 100, ""closedAt"": ""2026-05-13T12:21:35.489Z""}]",-1.012372026612389,-7.241032572361893,0.2985034560812611,0.1791014380749398,-7.539536028443154,0.08,0.05,0.02,0.03,t,0.007059,2026-05-13 12:19:59.999,2026-05-13 03:33:53.935,2026-05-13 12:21:36.018,2026-05-13 23:55:00
86,275,ENAUSDT,BUY,SL_HIT,0.124557356,0.12132,0.12132,0.12132,"[0.12656, 0.12918, 0.1318]",357.475995163544,7.14951990327088,275.07796356681,2208.444144935205,15.3900103664842,17.8737997581772,"[{""pnlR"": -1.011242507774861, ""price"": 0.121283604, ""pnlUsd"": -7.229898436369896, ""reason"": ""SL"", ""percent"": 100, ""closedAt"": ""2026-05-13T11:49:57.002Z""}]",-1.011242507774861,-7.229898436369896,0.271463014348625,0.1628771725772533,-7.501361450718521,0.08,0.05,0.02,0.03,t,0.12132,2026-05-13 11:44:59.999,2026-05-13 03:43:52.408,2026-05-13 11:49:57.49,2026-05-13 23:55:00
87,276,DYDXUSDT,BUY,CLOSED,0.160208048,0.15655,0.15655,0.160208048,"[0.16277, 0.16588, 0.16899]",357.475995163544,7.14951990327088,313.1207211715585,1954.463118928698,17.51841944118832,17.8737997581772,"[{""pnlR"": 0.3501802053991648, ""price"": 0.16277, ""pnlUsd"": 2.503620348232814, ""reason"": ""TP1"", ""percent"": 50, ""closedAt"": ""2026-05-13T09:15:48.156Z""}, {""pnlR"": -0.006569407290445882, ""price"": 0.1601599855856, ""pnlUsd"": -0.04696810817573566, ""reason"": ""SL"", ""percent"": 50, ""closedAt"": ""2026-05-13T11:48:46.867Z""}]",0.3436107981087189,2.456652240057078,0.2666298530113834,0.1408761521140119,2.190022387045695,0.08,0.05,0.02,0.03,t,0.1602,2026-05-13 11:44:59.999,2026-05-13 03:43:52.594,2026-05-13 11:48:47.393,2026-05-13 23:55:00
88,277,ETHUSDT,BUY,SL_HIT,2302.470534,2272.09,2272.09,2272.09,"[2326.97, 2354.41, 2381.85]",357.1818958211748,7.143637916423496,541.3998255636425,0.2351386554437628,30.31507654210433,17.85909479105874,"[{""pnlR"": -1.022436307406576, ""price"": 2271.408373, ""pnlUsd"": -7.303914772717647, ""reason"": ""SL"", ""percent"": 100, ""closedAt"": ""2026-05-13T12:38:22.621Z""}]",-1.022436307406576,-7.303914772717647,0.5377478681772838,0.3226480925923169,-7.841662640894931,0.08,0.05,0.02,0.03,t,2271.97,2026-05-13 12:34:59.999,2026-05-13 03:48:43.649,2026-05-13 12:38:22.792,2026-05-13 23:55:00
89,278,STXUSDT,BUY,CLOSED,0.28558565,0.2692,0.2692,0.28558565,"[0.2962, 0.3097, 0.3232]",356.911195908393,7.13822391816786,124.4121726947371,435.6387398832437,6.971603811871984,17.84555979541965,"[{""pnlR"": 0.3238916368895947, ""price"": 0.2962, ""pnlUsd"": 2.312011029339853, ""reason"": ""TP1"", ""percent"": 50, ""closedAt"": ""2026-05-13T09:23:02.075Z""}, {""pnlR"": -0.002614351429452268, ""price"": 0.285499974305, ""pnlUsd"": -0.01866182590421258, ""reason"": ""SL"", ""percent"": 50, ""closedAt"": ""2026-05-13T11:06:22.412Z""}]",0.3212772854601424,2.29334920343564,0.1062034180834424,0.05597428397520921,2.187145785352198,0.08,0.05,0.02,0.03,t,0.2855,2026-05-13 11:04:59.999,2026-05-13 04:08:49.634,2026-05-13 11:06:22.691,2026-05-13 23:55:00
90,279,KASUSDT,BUY,SL_HIT,0.038791634,0.03796,0.03796,0.03796,"[0.03958, 0.04039, 0.04119999999999999]",356.911195908393,7.13822391816786,332.963021766323,8583.371913808092,18.65803177840257,17.84555979541965,"[{""pnlR"": -1.013693523833803, ""price"": 0.037948612, ""pnlUsd"": -7.235971357522316, ""reason"": ""SL"", ""percent"": 100, ""closedAt"": ""2026-05-13T07:24:04.067Z""}]",-1.013693523833803,-7.235971357522316,0.3293450360875618,0.1976063881996688,-7.565316393609878,0.08,0.05,0.02,0.03,t,0.03796,2026-05-13 07:19:59.999,2026-05-13 04:08:49.809,2026-05-13 07:24:04.324,2026-05-13 23:55:00
91,280,FARTCOINUSDT,BUY,SL_HIT,0.238481523,0.23179,0.23179,0.23179,"[0.24465, 0.25108, 0.25751]",356.911195908393,7.13822391816786,254.4016528852546,1066.756240420582,14.25573956780839,17.84555979541965,"[{""pnlR"": -1.010391804675853, ""price"": 0.231720463, ""pnlUsd"": -7.212402946857964, ""reason"": ""SL"", ""percent"": 100, ""closedAt"": ""2026-05-13T07:23:27.574Z""}]",-1.010391804675853,-7.212402946857964,0.2507954514118256,0.150476635273696,-7.463198398269789,0.08,0.05,0.02,0.03,t,0.23168,2026-05-13 07:19:59.999,2026-05-13 04:08:49.984,2026-05-13 07:23:27.893,2026-05-13 23:55:00
92,281,ARUSDT,BUY,SL_HIT,2.4247272,2.3297,2.3297,2.3297,"[2.5139, 2.606000000000001, 2.698100000000001]",356.5553074847198,7.131106149694395,181.9582924389149,75.04278932447119,10.20645541487068,17.82776537423599,"[{""pnlR"": -1.007354841561154, ""price"": 2.32900109, ""pnlUsd"": -7.183554305581169, ""reason"": ""SL"", ""percent"": 100, ""closedAt"": ""2026-05-13T12:23:13.486Z""}]",-1.007354841561154,-7.183554305581169,0.1783665152861243,0.1070192722835326,-7.361920820867294,0.08,0.05,0.02,0.03,t,2.3293,2026-05-13 12:19:59.999,2026-05-13 04:13:49.263,2026-05-13 12:23:13.953,2026-05-13 23:55:00
93,282,MUSDT,BUY,SL_HIT,3.33880134,3.249,3.249,3.249,"[3.397, 3.471, 3.544999999999999]",356.4643283385003,7.129286566770006,265.0658836758535,79.38953435182624,14.87194440528397,17.82321641692501,"[{""pnlR"": -1.010853958303963, ""price"": 3.2480253, ""pnlUsd"": -7.206667545902731, ""reason"": ""SL"", ""percent"": 100, ""closedAt"": ""2026-05-13T11:03:26.837Z""}]",-1.010853958303963,-7.206667545902731,0.2614625499029021,0.1568768954605617,-7.468130095805633,0.08,0.05,0.02,0.03,t,3.2491,2026-05-13 10:59:59.999,2026-05-13 04:18:43.631,2026-05-13 11:03:27.119,2026-05-13 23:55:00
94,284,AAVEUSDT,BUY,SL_HIT,98.679595,96.27,96.27,96.27,"[100.47, 102.57, 104.67]",356.3317953966624,7.126635907933248,291.8554965076319,2.957607360545327,16.38110885854255,17.81658976983312,"[{""pnlR"": -1.011985831643906, ""price"": 96.241119, ""pnlUsd"": -7.212054566113151, ""reason"": ""SL"", ""percent"": 100, ""closedAt"": ""2026-05-13T12:33:16.497Z""}]",-1.011985831643906,-7.212054566113151,0.2882494692245753,0.1729490480152452,-7.500304035337726,0.08,0.05,0.02,0.03,t,96.28,2026-05-13 12:29:59.999,2026-05-13 04:33:48.036,2026-05-13 12:33:17.225,2026-05-13 23:55:00
95,285,LDOUSDT,BUY,CLOSED,0.4051215,0.3931,0.3931,0.4051215,"[0.4147, 0.4254999999999999, 0.4362999999999999]",356.1858676484086,7.123717352968172,240.0674674217436,592.5814043978007,13.47989851516032,17.80929338242043,"[{""pnlR"": 0.3983903838955195, ""price"": 0.4147, ""pnlUsd"": 2.838020491012164, ""reason"": ""TP1"", ""percent"": 50, ""closedAt"": ""2026-05-13T09:16:06.437Z""}, {""pnlR"": -0.00505496194318343, ""price"": 0.4049999635500001, ""pnlUsd"": -0.03601012011324951, ""reason"": ""SL"", ""percent"": 50, ""closedAt"": ""2026-05-13T12:22:45.010Z""}]",0.3933354219523361,2.802010370898914,0.2046069463466279,0.1080087607475803,2.597403424552287,0.08,0.05,0.02,0.03,t,0.405,2026-05-13 12:19:59.999,2026-05-13 04:38:43.653,2026-05-13 12:22:45.262,2026-05-13 23:55:00
96,286,DOGEUSDT,BUY,CLOSED,0.112063609,0.10987,0.10987,0.112063609,"[0.11355, 0.11539, 0.11723]",356.0658339146977,7.121316678293954,363.8025043667822,3246.392897865552,20.43456404491412,17.80329169573488,"[{""pnlR"": 0.338800351384409, ""price"": 0.11355, ""pnlUsd"": 2.412704592925644, ""reason"": ""TP1"", ""percent"": 50, ""closedAt"": ""2026-05-13T09:32:58.515Z""}, {""pnlR"": -0.007662961516842396, ""price"": 0.1120299899173, ""pnlUsd"": -0.05457037565501448, ""reason"": ""SL"", ""percent"": 50, ""closedAt"": ""2026-05-13T12:22:20.122Z""}]",0.3311373898675666,2.358134217270629,0.3096873844425224,0.1636783945593454,2.048446832828107,0.08,0.05,0.02,0.03,t,0.11201,2026-05-13 12:19:59.999,2026-05-13 04:38:48.23,2026-05-13 12:22:20.283,2026-05-13 23:55:00
97,287,SHIB1000USDT,BUY,SL_HIT,0.006515954199999999,0.006406,0.006406,0.006406,"[0.006584, 0.006672999999999999, 0.006761999999999999]",356.0658339146977,7.121316678293954,422.0136504058959,64766.20882416515,23.70424849619227,17.80329169573488,"[{""pnlR"": -1.017478186372141, ""price"": 0.006404078200000001, ""pnlUsd"": -7.24578437841221, ""reason"": ""SL"", ""percent"": 100, ""closedAt"": ""2026-05-13T11:52:13.019Z""}]",-1.017478186372141,-7.24578437841221,0.4183907582166899,0.2510338254024002,-7.664175136628899,0.08,0.05,0.02,0.03,t,0.006406,2026-05-13 11:49:59.999,2026-05-13 04:38:48.405,2026-05-13 11:52:13.123,2026-05-13 23:55:00
98,288,USELESSUSDT,SELL,CLOSED,0.07707687,0.08228,0.08228,0.06706999999999999,"[0.07214, 0.06706999999999999, 0.06199999999999999]",356.0658339146977,7.121316678293954,105.4920403375843,1368.660148467164,5.925423350944528,17.80329169573488,"[{""pnlR"": 0.4744134780411031, ""price"": 0.07214, ""pnlUsd"": 3.378448613581551, ""reason"": ""TP1"", ""percent"": 50, ""closedAt"": ""2026-05-13T06:04:39.652Z""}, {""pnlR"": 0.5769721302369928, ""price"": 0.06706999999999999, ""pnlUsd"": 4.108801253967489, ""reason"": ""TP2"", ""percent"": 30, ""closedAt"": ""2026-05-13T11:12:46.740Z""}, {""pnlR"": 0.5795307824328823, ""price"": 0.06199999999999999, ""pnlUsd"": 4.12702222652403, ""reason"": ""TP3"", ""percent"": 20, ""closedAt"": ""2026-05-13T15:50:09.306Z""}]",1.630916390710978,11.61427209407307,0.07152157381749438,0.03165710923404031,11.54275052025558,0.08,0.05,0.02,0.03,t,0.06191,2026-05-13 15:49:59.999,2026-05-13 04:38:48.579,2026-05-13 15:50:09.488,2026-05-13 23:55:00
99,289,ZECUSDT,SELL,CLOSED,564.500599,592.12,592.12,546.62,"[546.62, 523.87, 501.12]",355.6201798171426,7.112403596342853,145.3672398784205,0.2575147663898592,8.175421313445561,17.78100899085713,"[{""pnlR"": 0.3236963574988454, ""price"": 546.62, ""pnlUsd"": 2.30225913719787, ""reason"": ""TP1"", ""percent"": 50, ""closedAt"": ""2026-05-13T11:57:55.044Z""}, {""pnlR"": 0.4413267217489609, ""price"": 523.87, ""pnlUsd"": 3.138893762929511, ""reason"": ""TP2"", ""percent"": 30, ""closedAt"": ""2026-05-13T21:03:05.207Z""}, {""pnlR"": 0.2924278553325602, ""price"": 524.117188, ""pnlUsd"": 2.079864929938129, ""reason"": ""MANUAL"", ""percent"": 20, ""closedAt"": ""2026-05-14T08:43:54.256Z""}]",1.057450934580367,7.52101783006551,0.1083509392626051,0.05171890516106567,7.412666890802905,0.08,0.05,0.02,0.03,t,524.117188,2026-05-14 08:43:54.256,2026-05-13 05:03:47.342,2026-05-14 08:43:54.256,2026-05-13 23:55:00
100,291,SIRENUSDT,BUY,SL_HIT,1.203240864,1.15941,1.15941,1.15941,"[1.24117, 1.28205, 1.32293]",355.5474961972034,7.110949923944068,195.209146010611,162.2361339704392,10.9807633634601,17.77737480986017,"[{""pnlR"": -1.007935572522596, ""price"": 1.159062177, ""pnlUsd"": -7.167379382770108, ""reason"": ""SL"", ""percent"": 100, ""closedAt"": ""2026-05-13T20:04:59.643Z""}]",-1.007935572522596,-7.167379382770108,0.191625456319226,0.1149746390750973,-7.359004839089335,0.08,0.05,0.02,0.03,t,1.15743,2026-05-13 19:59:59.999,2026-05-13 05:28:45.629,2026-05-13 20:04:59.893,2026-05-13 23:55:00
101,292,VVVUSDT,SELL,CLOSED,15.0104955,16.333,16.333,15.0104955,"[14.077, 12.949, 11.82100000000001]",355.4498916241981,7.108997832483961,80.68749858621311,5.375405401254949,4.540020998038202,17.7724945812099,"[{""pnlR"": 0.3529271545011756, ""price"": 14.077, ""pnlUsd"": 2.508958376373593, ""reason"": ""TP1"", ""percent"": 50, ""closedAt"": ""2026-05-13T14:56:43.540Z""}, {""pnlR"": -0.001702507874263823, ""price"": 15.01499864865, ""pnlUsd"": -0.01210312478792841, ""reason"": ""SL"", ""percent"": 50, ""closedAt"": ""2026-05-13T17:46:06.132Z""}]",0.3512246466269118,2.496855251585664,0.06808863368540038,0.03631663841787847,2.428766617900264,0.08,0.05,0.02,0.03,t,15.019,2026-05-13 17:44:59.999,2026-05-13 05:33:46.073,2026-05-13 17:46:06.287,2026-05-13 23:55:00
102,293,POLUSDT,BUY,SL_HIT,0.100360099,0.09841,0.09841,0.09841,"[0.10177, 0.10345, 0.10513]",358.7781229741754,7.175562459483508,369.2838972864708,3679.58881035451,20.58564185715703,17.93890614870877,"[{""pnlR"": -1.01513923139287, ""price"": 0.098380477, ""pnlUsd"": -7.284194959931617, ""reason"": ""SL"", ""percent"": 100, ""closedAt"": ""2026-05-13T13:35:37.314Z""}]",-1.01513923139287,-7.284194959931617,0.365641799806505,0.2193844440509392,-7.649836759738122,0.08,0.05,0.02,0.03,t,0.09839,2026-05-13 13:34:59.999,2026-05-13 06:13:45.6,2026-05-13 13:35:37.52,2026-05-13 23:55:00
103,295,IPUSDT,BUY,SL_HIT,0.56596974,0.5531,0.5531,0.5531,"[0.5784999999999999, 0.5911999999999998, 0.6038999999999998]",358.5934810255322,7.171869620510644,315.3957410510484,557.2660846692058,17.590712477486,17.92967405127661,"[{""pnlR"": -1.012893034358113, ""price"": 0.55293407, ""pnlUsd"": -7.264336781939795, ""reason"": ""SL"", ""percent"": 100, ""closedAt"": ""2026-05-13T11:50:47.396Z""}]",-1.012893034358113,-7.264336781939795,0.3117635726600785,0.187057506640918,-7.576100354599873,0.08,0.05,0.02,0.03,t,0.5531,2026-05-13 11:49:59.999,2026-05-13 06:47:43.725,2026-05-13 11:50:47.554,2026-05-13 23:55:00
104,309,SEIUSDT,BUY,SL_HIT,0.070671195,0.06916,0.06916,0.06916,"[0.07197999999999999, 0.07338999999999998, 0.07479999999999998]",355.482102270324,7.109642045406479,332.483166878608,4704.648999901699,18.70604256896024,17.7741051135162,"[{""pnlR"": -1.013729531926721, ""price"": 0.069139252, ""pnlUsd"": -7.207254102856446, ""reason"": ""SL"", ""percent"": 100, ""closedAt"": ""2026-05-13T11:50:34.119Z""}]",-1.013729531926721,-7.207254102856446,0.3288795398271798,0.1973270930028893,-7.536133642683626,0.08,0.05,0.02,0.03,t,0.06914,2026-05-13 11:49:59.999,2026-05-13 09:53:17.679,2026-05-13 11:50:34.271,2026-05-13 23:55:00
105,310,AEROUSDT,SELL,CLOSED,0.49165246,0.5042,0.5042,0.4706,"[0.4818, 0.4706, 0.4594]",355.482102270324,7.109642045406479,278.5783509232516,566.6164081091989,15.67327013900737,17.7741051135162,"[{""pnlR"": 0.3926052437370207, ""price"": 0.4818, ""pnlUsd"": 2.791282748119781, ""reason"": ""TP1"", ""percent"": 50, ""closedAt"": ""2026-05-13T12:24:10.600Z""}, {""pnlR"": 0.5033447193633186, ""price"": 0.4706, ""pnlUsd"": 3.578600780118775, ""reason"": ""TP2"", ""percent"": 30, ""closedAt"": ""2026-05-13T15:54:13.984Z""}, {""pnlR"": 0.5140841949896174, ""price"": 0.4594, ""pnlUsd"": 3.654954607577127, ""reason"": ""TP3"", ""percent"": 20, ""closedAt"": ""2026-05-14T03:40:51.527Z""}]",1.410034158089957,10.02483813581568,0.1929998780191129,0.08359858485243209,9.83183825779657,0.08,0.05,0.02,0.03,t,0.4594,2026-05-14 03:39:59.999,2026-05-13 10:20:25.35,2026-05-14 03:40:51.624,2026-05-13 23:55:00
106,316,TRUMPUSDT,SELL,CLOSED,2.3972806,2.524,2.524,2.3972806,"[2.344, 2.254, 2.164000000000001]",323.8800139842043,6.477600279684086,122.5433949737866,51.11766848394244,7.567209440701278,16.19400069921021,"[{""pnlR"": 0.2102306355617231, ""price"": 2.344, ""pnlUsd"": 1.36179002371278, ""reason"": ""TP1"", ""percent"": 50, ""closedAt"": ""2026-05-13T12:37:53.271Z""}, {""pnlR"": 0.1285178117951972, ""price"": 2.3647092, ""pnlUsd"": 0.8324870136289563, ""reason"": ""MANUAL"", ""percent"": 50, ""closedAt"": ""2026-05-14T08:44:03.705Z""}]",0.3387484473569203,2.194277037341736,0.1034732842161616,0.05490037595174382,2.090803753125575,0.08,0.05,0.02,0.03,t,2.3647092,2026-05-14 08:44:03.705,2026-05-13 11:59:02.643,2026-05-14 08:44:03.705,2026-05-13 23:55:00
107,327,ENAUSDT,SELL,CLOSED,0.116135149,0.11746,0.11746,0.116135149,"[0.11502, 0.1138, 0.11258]",288.0625317812339,5.761250635624678,505.0256224999005,4348.602699944877,35.06361062489287,14.40312658906169,"[{""pnlR"": 0.4208582700998053, ""price"": 0.11502, ""pnlUsd"": 2.424669976120406, ""reason"": ""TP1"", ""percent"": 50, ""closedAt"": ""2026-05-14T03:49:55.992Z""}, {""pnlR"": -0.01314885398433544, ""price"": 0.1161699895447, ""pnlUsd"": -0.07575384337498865, ""reason"": ""SL"", ""percent"": 50, ""closedAt"": ""2026-05-14T04:17:00.920Z""}]",0.4077094161154698,2.348916132745417,0.4288247220513789,0.227306996070778,1.920091410694038,0.08,0.05,0.02,0.03,t,0.11616,2026-05-14 04:14:59.999,2026-05-14 03:13:57.639,2026-05-14 04:17:01.454,2026-05-14 23:55:00
108,329,LDOUSDT,SELL,CLOSED,0.38408474,0.3913,0.3913,0.38408474,"[0.3805000000000001, 0.3751000000000001, 0.3697000000000001]",288.0625317812339,5.761250635624678,306.684506512411,798.4813625045635,21.29291196713632,14.40312658906169,"[{""pnlR"": 0.2484137785748444, ""price"": 0.3805000000000001, ""pnlUsd"": 1.43117403971225, ""reason"": ""TP1"", ""percent"": 50, ""closedAt"": ""2026-05-14T03:23:04.736Z""}, {""pnlR"": -0.007984841987675224, ""price"": 0.384199965422, ""pnlUsd"": -0.0460026759768565, ""reason"": ""SL"", ""percent"": 50, ""closedAt"": ""2026-05-14T05:22:49.170Z""}]",0.2404289365871692,1.385171363735394,0.2604185970655954,0.1380356378191372,1.124752766669798,0.08,0.05,0.02,0.03,t,0.3841,2026-05-14 05:19:59.999,2026-05-14 03:14:01.94,2026-05-14 05:22:49.404,2026-05-14 23:55:00
109,330,DYDXUSDT,SELL,CLOSED,0.14915524,0.15086,0.15086,0.14915524,"[0.14764, 0.14603, 0.14442]",288.0625317812339,5.761250635624678,504.0713773532647,3379.50833878357,25,20.16285509413059,"[{""pnlR"": 0.44441446303292, ""price"": 0.14764, ""pnlUsd"": 2.56038310762921, ""reason"": ""TP1"", ""percent"": 50, ""closedAt"": ""2026-05-14T03:20:45.629Z""}, {""pnlR"": -0.01312400924469935, ""price"": 0.149199986572, ""pnlUsd"": -0.07561070660296829, ""reason"": ""SL"", ""percent"": 50, ""closedAt"": ""2026-05-14T06:14:42.519Z""}]",0.4312904537882206,2.484772401026242,0.4279863994820505,0.2268774998469371,2.056786001544191,0.08,0.05,0.02,0.03,t,0.1492,2026-05-14 06:09:59.999,2026-05-14 03:14:02.132,2026-05-14 06:14:42.762,2026-05-14 23:55:00
110,331,IPUSDT,SELL,SL_HIT,0.53054079,0.5404,0.5404,0.5404,"[0.524, 0.5158, 0.5076]",288.0625317812339,5.761250635624678,310.0226553255602,584.3521575891652,21.52467753501547,14.40312658906169,"[{""pnlR"": -1.016443508151255, ""price"": 0.5405621199999999, ""pnlUsd"": -5.855985807412994, ""reason"": ""SL"", ""percent"": 100, ""closedAt"": ""2026-05-14T14:53:26.051Z""}]",-1.016443508151255,-5.855985807412994,0.3129506482292667,0.1877698787980666,-6.16893645564226,0.08,0.05,0.02,0.03,t,0.5407,2026-05-14 14:49:59.999,2026-05-14 03:14:02.31,2026-05-14 14:53:26.466,2026-05-14 23:55:00
111,332,ARUSDT,SELL,SL_HIT,2.2863139,2.3296,2.3296,2.3296,"[2.25, 2.2102, 2.1704]",288.0625317812339,5.761250635624678,304.3015519904204,133.0970134898889,21.1274649367811,14.40312658906169,"[{""pnlR"": -1.016145598702582, ""price"": 2.33029888, ""pnlUsd"": -5.854269476412472, ""reason"": ""SL"", ""percent"": 100, ""closedAt"": ""2026-05-14T05:04:14.373Z""}]",-1.016145598702582,-5.854269476412472,0.3072286867286267,0.1843367017431793,-6.161498163141099,0.08,0.05,0.02,0.03,t,2.3305,2026-05-14 04:59:59.999,2026-05-14 03:14:02.488,2026-05-14 05:04:14.721,2026-05-14 23:55:00
112,328,SEIUSDT,SELL,SL_HIT,0.065740272,0.06713,0.06713,0.06713,"[0.06484999999999999, 0.06370999999999999, 0.06256999999999999]",290.3209841390727,5.806419682781454,274.6692944894314,4178.097931956098,18.9217665615143,14.51604920695364,"[{""pnlR"": -1.014491324921137, ""price"": 0.067150139, ""pnlUsd"": -5.890562397033128, ""reason"": ""SL"", ""percent"": 100, ""closedAt"": ""2026-05-14T14:41:04.722Z""}]",-1.014491324921137,-5.890562397033128,0.277614575687948,0.1665682302532895,-6.168176972721076,0.08,0.05,0.02,0.03,t,0.06714,2026-05-14 14:39:59.999,2026-05-14 03:20:57.374,2026-05-14 14:41:05.048,2026-05-14 23:55:00
113,338,KASUSDT,SELL,SL_HIT,0.036678993,0.03744,0.03744,0.03744,"[0.03638, 0.03584999999999999, 0.03531999999999999]",291.5684337096855,5.83136867419371,281.060135821576,7662.700440592139,19.27918823348534,14.57842168548427,"[{""pnlR"": -1.014759391175114, ""price"": 0.037451232, ""pnlUsd"": -5.91743612554244, ""reason"": ""SL"", ""percent"": 100, ""closedAt"": ""2026-05-14T14:24:59.429Z""}]",-1.014759391175114,-5.91743612554244,0.2840188538843472,0.1704107950983308,-6.201454979426787,0.08,0.05,0.02,0.03,t,0.03744,2026-05-14 14:19:59.999,2026-05-14 03:24:01.071,2026-05-14 14:24:59.838,2026-05-14 23:55:00
114,339,SHIB1000USDT,SELL,SL_HIT,0.0062261316,0.006339,0.006339,0.006339,"[0.006187000000000001, 0.006111000000000001, 0.006035000000000001]",291.5684337096855,5.83136867419371,321.6743461734878,51665.20190056499,22.06510094942436,14.57842168548427,"[{""pnlR"": -1.01684882571207, ""price"": 0.0063409017, ""pnlUsd"": -5.929620388648021, ""reason"": ""SL"", ""percent"": 100, ""closedAt"": ""2026-05-14T14:49:01.656Z""}]",-1.01684882571207,-5.929620388648021,0.3246391563678118,0.1947829776853078,-6.254259545015833,0.08,0.05,0.02,0.03,t,0.006339,2026-05-14 14:44:59.999,2026-05-14 03:24:01.253,2026-05-14 14:49:02.258,2026-05-14 23:55:00
115,340,POLUSDT,SELL,CLOSED,0.09492151500000001,0.09631,0.09631,0.09492151500000001,"[0.09442999999999999, 0.09348999999999998, 0.09254999999999997]",291.5684337096855,5.83136867419371,398.6520193433926,4199.806749222161,27.3453483472995,14.57842168548427,"[{""pnlR"": 0.1769968706900066, ""price"": 0.09442999999999999, ""pnlUsd"": 1.032134007172019, ""reason"": ""TP1"", ""percent"": 50, ""closedAt"": ""2026-05-14T03:46:57.384Z""}, {""pnlR"": -0.01025450563023468, ""price"": 0.0949499914545, ""pnlUsd"": -0.05979780290149355, ""reason"": ""SL"", ""percent"": 50, ""closedAt"": ""2026-05-14T04:57:34.870Z""}]",0.1667423650597719,0.9723362042705256,0.3386776885419001,0.1794292981530649,0.6336585157286254,0.08,0.05,0.02,0.03,t,0.09493,2026-05-14 04:54:59.999,2026-05-14 03:28:57.458,2026-05-14 04:57:35.164,2026-05-14 23:55:00
116,343,ORDIUSDT,SELL,SL_HIT,4.5296407,4.614,4.614,4.614,"[4.457999999999999, 4.379999999999999, 4.301999999999999]",291.5684337096855,5.83136867419371,313.1131349280146,69.12538006116348,21.4778486782133,14.57842168548427,"[{""pnlR"": -1.016408386508654, ""price"": 4.615384199999999, ""pnlUsd"": -5.927052025274339, ""reason"": ""SL"", ""percent"": 100, ""closedAt"": ""2026-05-14T10:39:41.104Z""}]",-1.016408386508654,-5.927052025274339,0.3160766609406518,0.1896454801977566,-6.243128686214991,0.08,0.05,0.02,0.03,t,4.614,2026-05-14 10:34:59.999,2026-05-14 03:29:01.75,2026-05-14 10:39:41.199,2026-05-14 23:55:00
117,344,FARTCOINUSDT,SELL,CLOSED,0.214625593,0.22025,0.22025,0.214625593,"[0.21297, 0.20933, 0.20569]",291.5684337096855,5.83136867419371,222.5231850576335,1036.797065751769,15.2638735425797,14.57842168548427,"[{""pnlR"": 0.147179338195121, ""price"": 0.21297, ""pnlUsd"": 0.8582569822395898, ""reason"": ""TP1"", ""percent"": 50, ""closedAt"": ""2026-05-14T03:39:43.217Z""}, {""pnlR"": -0.005723952578466072, ""price"": 0.2146899806779, ""pnlUsd"": -0.03337847775863735, ""reason"": ""SL"", ""percent"": 50, ""closedAt"": ""2026-05-14T05:04:06.908Z""}]",0.1414553856166549,0.8248785044809525,0.1889897451414198,0.1001554663724997,0.6358887593395327,0.08,0.05,0.02,0.03,t,0.21474,2026-05-14 04:59:59.999,2026-05-14 03:29:01.926,2026-05-14 05:04:07.031,2026-05-14 23:55:00
118,346,1000BONKUSDT,SELL,SL_HIT,0.0067869633,0.006902,0.006902,0.006902,"[0.006692, 0.006587, 0.006482]",291.5684337096855,5.83136867419371,344.0405121193689,50691.37652760977,23.59929761545654,14.57842168548427,"[{""pnlR"": -1.017999473211593, ""price"": 0.0069040706, ""pnlUsd"": -5.936330238431782, ""reason"": ""SL"", ""percent"": 100, ""closedAt"": ""2026-05-14T14:20:49.814Z""}]",-1.017999473211593,-5.936330238431782,0.3470086772385849,0.2082046908118647,-6.283338915670367,0.08,0.05,0.02,0.03,t,0.006903,2026-05-14 14:19:59.999,2026-05-14 03:29:02.109,2026-05-14 14:20:50.122,2026-05-14 23:55:00
119,341,ETHUSDT,SELL,SL_HIT,2244.176545,2268.77,2268.77,2268.77,"[2222.55, 2199.44, 2176.329999999999]",292.2933484322869,5.845866968645738,533.4410125061696,0.2377001104011492,36.50038670857728,14.61466742161434,"[{""pnlR"": -1.027675290031422, ""price"": 2269.450631, ""pnlUsd"": -6.007653032488115, ""reason"": ""SL"", ""percent"": 100, ""closedAt"": ""2026-05-14T05:51:33.327Z""}]",-1.027675290031422,-6.007653032488115,0.5364448390224136,0.3218663916926089,-6.544097871510528,0.08,0.05,0.02,0.03,t,2268.95,2026-05-14 05:49:59.999,2026-05-14 03:39:57.492,2026-05-14 05:51:33.5,2026-05-14 23:55:00
120,342,STXUSDT,SELL,SL_HIT,0.26182143,0.2667,0.2667,0.2667,"[0.2571000000000001, 0.2523000000000001, 0.2475000000000001]",295.9378908967486,5.918757817934972,317.645874859933,1213.215720576933,21.4670635042647,14.79689454483743,"[{""pnlR"": -1.016400297628191, ""price"": 0.26678001, ""pnlUsd"": -6.015827207738289, ""reason"": ""SL"", ""percent"": 100, ""closedAt"": ""2026-05-14T05:33:11.094Z""}]",-1.016400297628191,-6.015827207738289,0.3206537884638022,0.192391748969046,-6.336480996202091,0.08,0.05,0.02,0.03,t,0.2669,2026-05-14 05:29:59.999,2026-05-14 03:45:57.365,2026-05-14 05:33:11.336,2026-05-14 23:55:00
121,352,MUSDT,BUY,EXPIRED,3.35970761,3.2485,3.2485,3.2485,"[3.4447, 3.5428, 3.6409]",279.0361746688181,5.580723493376362,168.5999653261355,50.18292806918859,12.08445217013479,13.95180873344091,"[{""pnlR"": -0.02081808969727827, ""price"": 3.35739248, ""pnlUsd"": -0.1161800022608177, ""reason"": ""EXPIRED"", ""percent"": 100, ""closedAt"": ""2026-05-14T23:55:10.797Z""}]",-0.02081808969727827,-0.1161800022608177,0.1685418753250051,0.1011251238400517,-0.2847218775858228,0.08,0.05,0.02,0.03,t,3.3584,2026-05-14 23:50:00,2026-05-14 07:29:03.795,2026-05-14 23:55:10.797,2026-05-14 23:55:00
122,359,ZECUSDT,SELL,SL_HIT,521.683448,533.45,533.45,533.45,"[513.77, 503.9299999999999, 494.0899999999999]",275.6616815294107,5.513233630588214,244.4354752381842,0.4685513335247397,17.73445434142467,13.78308407647054,"[{""pnlR"": -1.013600840756068, ""price"": 533.610035, ""pnlUsd"": -5.588218243248844, ""reason"": ""SL"", ""percent"": 100, ""closedAt"": ""2026-05-14T14:18:23.823Z""}]",-1.013600840756068,-5.588218243248844,0.2472295843598086,0.1483372610266093,-5.835447827608652,0.08,0.05,0.02,0.03,t,533.01,2026-05-14 14:14:59.999,2026-05-14 10:49:07.095,2026-05-14 14:18:24.325,2026-05-14 23:55:00
123,362,AAVEUSDT,SELL,SL_HIT,96.12115500000002,97.75,97.75,97.75,"[94.77000000000001, 93.28000000000002, 91.79000000000002]",275.6616815294107,5.513233630588214,325.3461098858318,3.38475031730353,23.60473955471538,13.78308407647054,"[{""pnlR"": -1.018003554666037, ""price"": 97.779325, ""pnlUsd"": -5.61249143364314, ""reason"": ""SL"", ""percent"": 100, ""closedAt"": ""2026-05-14T14:23:29.255Z""}]",-1.018003554666037,-5.61249143364314,0.3281523556026534,0.196890925957512,-5.940643789245794,0.08,0.05,0.02,0.03,t,97.75,2026-05-14 14:19:59.999,2026-05-14 11:33:35.404,2026-05-14 14:23:29.363,2026-05-14 23:55:00
124,363,DOGEUSDT,BUY,CLOSED,0.115974782,0.11231,0.11231,0.115974782,"[0.11849, 0.12158, 0.12467]",275.6616815294107,5.513233630588214,174.4704237312167,1504.382424544818,12.65830076659401,13.78308407647054,"[{""pnlR"": 0.343160657305127, ""price"": 0.11849, ""pnlUsd"": 1.891924876549384, ""reason"": ""TP1"", ""percent"": 50, ""closedAt"": ""2026-05-14T18:28:27.181Z""}, {""pnlR"": -0.004746862787472834, ""price"": 0.1159399895654, ""pnlUsd"": -0.02617056355968295, ""reason"": ""SL"", ""percent"": 50, ""closedAt"": ""2026-05-14T19:48:20.196Z""}]",0.3384137945176542,1.865754312989701,0.1486651598650642,0.07849599305019643,1.717089153124637,0.08,0.05,0.02,0.03,t,0.11598,2026-05-14 19:44:59.999,2026-05-14 13:19:01.707,2026-05-14 19:48:20.411,2026-05-14 23:55:00
125,364,AEROUSDT,SELL,SL_HIT,0.46576023,0.4731,0.4731,0.4731,"[0.4631, 0.4581, 0.4531]",269.8262337018021,5.396524674036042,342.4475935049319,735.244384229482,25,13.69790374019728,"[{""pnlR"": -1.019337118193071, ""price"": 0.47324193, ""pnlUsd"": -5.5008779094897, ""reason"": ""SL"", ""percent"": 100, ""closedAt"": ""2026-05-14T14:48:20.265Z""}]",-1.019337118193071,-5.5008779094897,0.3451980324596767,0.2071183430374012,-5.846075941949377,0.08,0.05,0.02,0.03,t,0.4733,2026-05-14 14:44:59.999,2026-05-14 14:18:24.621,2026-05-14 14:48:20.609,2026-05-14 23:55:00
126,366,USELESSUSDT,BUY,EXPIRED,0.06923076299999999,0.06249,0.06249,0.06249,"[0.07391, 0.07962, 0.08532999999999999]",233.1322835577728,4.662645671155456,47.88753400953865,691.7088868360248,4.108185557035611,11.65661417788864,"[{""pnlR"": -0.2315865429477325, ""price"": 0.067669693, ""pnlUsd"": -1.079805991973102, ""reason"": ""EXPIRED"", ""percent"": 100, ""closedAt"": ""2026-05-14T23:55:00.425Z""}]",-0.2315865429477325,-1.079805991973102,0.04734763101355211,0.02840848398234881,-1.127153622986654,0.08,0.05,0.02,0.03,t,0.06769,2026-05-14 23:54:59.999,2026-05-14 14:49:04.143,2026-05-14 23:55:00.426,2026-05-14 23:55:00
127,373,VVVUSDT,BUY,EXPIRED,14.8984682,13.001,13.001,13.001,"[15.887, 17.33000000000001, 18.773]",226.9633471021306,4.539266942042612,35.64124246579368,2.392275634470507,3.140704692705786,11.34816735510653,"[{""pnlR"": -0.1179845332849314, ""price"": 14.6745963, ""pnlUsd"": -0.5355632916126153, ""reason"": ""EXPIRED"", ""percent"": 100, ""closedAt"": ""2026-05-14T23:55:00.430Z""}]",-0.1179845332849314,-0.5355632916126153,0.03537346081998737,0.02122403020145661,-0.5709367524326027,0.08,0.05,0.02,0.03,t,14.679,2026-05-14 23:54:59.999,2026-05-14 15:09:04.85,2026-05-14 23:55:00.43,2026-05-14 23:55:00
128,383,STXUSDT,SELL,CLOSED,0.26532038,0.2692,0.2692,0.2581000000000001,"[0.2618, 0.2581000000000001, 0.2544000000000001]",226.6976240022502,4.533952480045004,310.0690260663393,1168.658909904845,25,12.40276104265357,"[{""pnlR"": 0.4537016511926516, ""price"": 0.2618, ""pnlUsd"": 2.057061726625435, ""reason"": ""TP1"", ""percent"": 50, ""closedAt"": ""2026-05-15T04:57:46.584Z""}, {""pnlR"": 0.5583314860733757, ""price"": 0.2581000000000001, ""pnlUsd"": 2.531448425969594, ""reason"": ""TP2"", ""percent"": 30, ""closedAt"": ""2026-05-15T08:26:11.935Z""}, {""pnlR"": 0.5629613209541127, ""price"": 0.2544000000000001, ""pnlUsd"": 2.55243987730931, ""reason"": ""TP3"", ""percent"": 20, ""closedAt"": ""2026-05-15T13:00:56.297Z""}]",1.57499445822014,7.140950029904338,0.2156201282404566,0.09304862240662667,6.925329901663881,0.08,0.05,0.02,0.03,t,0.2544,2026-05-15 12:59:59.999,2026-05-15 04:07:22.129,2026-05-15 13:00:56.993,2026-05-15 23:55:00
129,384,KASUSDT,SELL,CLOSED,0.037428768,0.03809,0.03809,0.03647,"[0.03701, 0.03647, 0.03593]",226.6976240022502,4.533952480045004,256.642533178415,6856.825562049356,22.64183705567797,11.33488120011251,"[{""pnlR"": 0.3166573910518558, ""price"": 0.03701, ""pnlUsd"": 1.435709563484142, ""reason"": ""TP1"", ""percent"": 50, ""closedAt"": ""2026-05-15T05:32:17.811Z""}, {""pnlR"": 0.4349916519466702, ""price"": 0.03647, ""pnlUsd"": 1.972231479142478, ""reason"": ""TP2"", ""percent"": 30, ""closedAt"": ""2026-05-15T08:30:52.201Z""}, {""pnlR"": 0.4533259128414868, ""price"": 0.03593, ""pnlUsd"": 2.055358146796324, ""reason"": ""TP3"", ""percent"": 20, ""closedAt"": ""2026-05-15T12:48:14.804Z""}]",1.204974955840013,5.463299189422946,0.1785571133870059,0.07701586471293774,5.28474207603594,0.08,0.05,0.02,0.03,t,0.03594,2026-05-15 12:44:59.999,2026-05-15 04:12:21.922,2026-05-15 12:48:15.23,2026-05-15 23:55:00
130,385,USELESSUSDT,SELL,CLOSED,0.067069873,0.0694,0.0694,0.06529999999999998,"[0.06529999999999998, 0.06324999999999997, 0.06119999999999996]",226.6976240022502,4.533952480045004,130.5043102906637,1945.796293526062,11.51351372693419,11.33488120011251,"[{""pnlR"": 0.3797803724861388, ""price"": 0.06529999999999998, ""pnlUsd"": 1.721906161705945, ""reason"": ""TP1"", ""percent"": 50, ""closedAt"": ""2026-05-15T05:39:34.666Z""}, {""pnlR"": 0.4918023352375249, ""price"": 0.06324999999999997, ""pnlUsd"": 2.229808417542101, ""reason"": ""TP2"", ""percent"": 30, ""closedAt"": ""2026-05-15T07:20:53.893Z""}, {""pnlR"": 0.1502306955801137, ""price"": 0.06531958999999998, ""pnlUsd"": 0.6811388348043428, ""reason"": ""SL"", ""percent"": 20, ""closedAt"": ""2026-05-15T07:29:01.062Z""}]",1.021813403303777,4.632853414052389,0.09805236348765262,0.04678667187782397,4.534801050564736,0.08,0.05,0.02,0.03,t,0.06531,2026-05-15 07:24:59.999,2026-05-15 04:27:21.947,2026-05-15 07:29:01.798,2026-05-15 23:55:00
131,386,ORDIUSDT,SELL,EXPIRED,4.552633800000001,4.769,4.769,4.552633800000001,"[4.388999999999999, 4.198999999999999, 4.008999999999999]",226.6976240022502,4.533952480045004,95.40041516764984,20.95499426456172,8.416534190645324,11.33488120011251,"[{""pnlR"": 0.3781408556419664, ""price"": 4.388999999999999, ""pnlUsd"": 1.714472670244233, ""reason"": ""TP1"", ""percent"": 50, ""closedAt"": ""2026-05-15T13:38:03.966Z""}, {""pnlR"": 0.6293730259162503, ""price"": 4.2802837, ""pnlUsd"": 2.853547391726412, ""reason"": ""EXPIRED"", ""percent"": 50, ""closedAt"": ""2026-05-15T23:55:04.348Z""}]",1.007513881558217,4.568020061970644,0.07932068466259032,0.042078676232947,4.488699377308054,0.08,0.05,0.02,0.03,t,4.279,2026-05-15 23:54:59.999,2026-05-15 04:32:20.064,2026-05-15 23:55:04.348,2026-05-15 23:55:00
132,387,POLUSDT,SELL,CLOSED,0.093631902,0.09492,0.09492,0.09138,"[0.09256, 0.09138, 0.0902]",226.6976240022502,4.533952480045004,329.5732112651602,3519.881623948643,29.07601812905537,11.33488120011251,"[{""pnlR"": 0.4160793666320414, ""price"": 0.09256, ""pnlUsd"": 1.886484076236899, ""reason"": ""TP1"", ""percent"": 50, ""closedAt"": ""2026-05-15T13:01:31.583Z""}, {""pnlR"": 0.5244714299688372, ""price"": 0.09138, ""pnlUsd"": 2.377928540619959, ""reason"": ""TP2"", ""percent"": 30, ""closedAt"": ""2026-05-15T13:36:27.711Z""}, {""pnlR"": 0.5328634933056331, ""price"": 0.0902, ""pnlUsd"": 2.41597775699852, ""reason"": ""TP3"", ""percent"": 20, ""closedAt"": ""2026-05-15T13:51:24.862Z""}]",1.473414289906512,6.680390373855378,0.229365169810841,0.09890163386967481,6.451025204044536,0.08,0.05,0.02,0.03,t,0.0902,2026-05-15 13:49:59.999,2026-05-15 04:32:20.242,2026-05-15 13:51:25.09,2026-05-15 23:55:00
133,388,DOGEUSDT,SELL,CLOSED,0.114775557,0.11741,0.11741,0.114775557,"[0.11279, 0.11048, 0.10817]",226.6976240022502,4.533952480045004,197.5320480681103,1721.028877848184,17.42691825178985,11.33488120011251,"[{""pnlR"": 0.3768456937576555, ""price"": 0.11279, ""pnlUsd"": 1.708600467806803, ""reason"": ""TP1"", ""percent"": 50, ""closedAt"": ""2026-05-15T05:36:10.887Z""}, {""pnlR"": -0.00653509434442141, ""price"": 0.1148099896671, ""pnlUsd"": -0.02962980721021753, ""reason"": ""SL"", ""percent"": 50, ""closedAt"": ""2026-05-15T07:02:10.178Z""}]",0.3703105994132341,1.678970660596586,0.1675753356679375,0.08890720484993411,1.511395324928648,0.08,0.05,0.02,0.03,t,0.11481,2026-05-15 06:59:59.999,2026-05-15 04:42:19.885,2026-05-15 07:02:11.258,2026-05-15 23:55:00
134,389,MUSDT,BUY,SL_HIT,3.37341172,3.3358,3.3358,3.3358,"[3.4058, 3.4408, 3.4758]",226.6976240022502,4.533952480045004,406.6521933617237,120.5462680261642,25,16.26608773446895,"[{""pnlR"": -1.026607132032245, ""price"": 3.33479926, ""pnlUsd"": -4.654587952309539, ""reason"": ""SL"", ""percent"": 100, ""closedAt"": ""2026-05-15T06:04:27.589Z""}]",-1.026607132032245,-4.654587952309539,0.4043248993855689,0.2425945425518802,-5.058912851695108,0.08,0.05,0.02,0.03,t,3.3379,2026-05-15 05:59:59.999,2026-05-15 04:57:15.297,2026-05-15 06:04:28.464,2026-05-15 23:55:00
135,390,SHIB1000USDT,SELL,EXPIRED,0.0062851139,0.006389,0.006389,0.006199000000000001,"[0.006199000000000001, 0.006104000000000001, 0.006009000000000001]",226.6976240022502,4.533952480045004,274.304336713674,43643.49494345266,24.20001867429818,11.33488120011251,"[{""pnlR"": 0.4144630513610527, ""price"": 0.006199000000000001, ""pnlUsd"": 1.879155779605464, ""reason"": ""TP1"", ""percent"": 50, ""closedAt"": ""2026-05-15T13:30:24.084Z""}, {""pnlR"": 0.5230167462249511, ""price"": 0.006104000000000001, ""pnlUsd"": 2.371333073651685, ""reason"": ""TP2"", ""percent"": 30, ""closedAt"": ""2026-05-15T13:45:46.729Z""}, {""pnlR"": 0.3124144616074745, ""price"": 0.006122836299999999, ""pnlUsd"": 1.416472323007134, ""reason"": ""EXPIRED"", ""percent"": 20, ""closedAt"": ""2026-05-15T23:55:05.860Z""}]",1.249894259193479,5.666961176264283,0.2069129619702372,0.09834450576577529,5.460048214294046,0.08,0.05,0.02,0.03,t,0.006121,2026-05-15 23:50:00,2026-05-15 04:57:15.476,2026-05-15 23:55:05.86,2026-05-15 23:55:00
136,391,LDOUSDT,SELL,CLOSED,0.38198537,0.3923,0.3923,0.38198537,"[0.3741, 0.365, 0.3559]",228.5690557255811,4.571381114511622,169.2935865307564,443.1939017213052,14.81334260172203,11.42845278627906,"[{""pnlR"": 0.3822420193453381, ""price"": 0.3741, ""pnlUsd"": 1.747373948408065, ""reason"": ""TP1"", ""percent"": 50, ""closedAt"": ""2026-05-15T05:36:26.275Z""}, {""pnlR"": -0.005555003475644209, ""price"": 0.382099965611, ""pnlUsd"": -0.02539403797960636, ""reason"": ""SL"", ""percent"": 50, ""closedAt"": ""2026-05-15T07:26:09.076Z""}]",0.3766870158696939,1.721979910428459,0.1435627707804511,0.07619735493392155,1.578417139648008,0.08,0.05,0.02,0.03,t,0.382,2026-05-15 07:24:59.999,2026-05-15 05:02:14.059,2026-05-15 07:26:09.286,2026-05-15 23:55:00
137,392,DYDXUSDT,SELL,EXPIRED,0.153074064,0.15764,0.15764,0.14928,"[0.14928, 0.1451, 0.14092]",228.5690557255811,4.571381114511622,153.2566127276301,1001.192551650227,13.4100928265311,11.42845278627906,"[{""pnlR"": 0.4154749431441899, ""price"": 0.14928, ""pnlUsd"": 1.89929430864214, ""reason"": ""TP1"", ""percent"": 50, ""closedAt"": ""2026-05-15T12:37:09.246Z""}, {""pnlR"": 0.5239274488297699, ""price"": 0.1451, ""pnlUsd"": 2.395072044954665, ""reason"": ""TP2"", ""percent"": 30, ""closedAt"": ""2026-05-15T13:38:36.928Z""}, {""pnlR"": 0.217683559296496, ""price"": 0.148104418, ""pnlUsd"": 0.9951145119076733, ""reason"": ""EXPIRED"", ""percent"": 20, ""closedAt"": ""2026-05-15T23:55:03.890Z""}]",1.157085951270456,5.289480865504479,0.1151185951463257,0.05488497520443929,5.174362270358153,0.08,0.05,0.02,0.03,t,0.14806,2026-05-15 23:54:59.999,2026-05-15 05:02:14.237,2026-05-15 23:55:03.89,2026-05-15 23:55:00
138,393,IPUSDT,SELL,EXPIRED,0.52704184,0.5407,0.5407,0.5179,"[0.5179, 0.5065000000000001, 0.4951000000000001]",228.5690557255811,4.571381114511622,176.4007094611178,334.6996311737182,15.43522231398668,11.42845278627906,"[{""pnlR"": 0.3346658700732739, ""price"": 0.5179, ""pnlUsd"": 1.529885238124565, ""reason"": ""TP1"", ""percent"": 50, ""closedAt"": ""2026-05-15T05:36:11.098Z""}, {""pnlR"": 0.4511992830659465, ""price"": 0.5065000000000001, ""pnlUsd"": 2.062603881488851, ""reason"": ""TP2"", ""percent"": 30, ""closedAt"": ""2026-05-15T13:39:11.807Z""}, {""pnlR"": 0.3806013401512358, ""price"": 0.50105027, ""pnlUsd"": 1.739873778525174, ""reason"": ""EXPIRED"", ""percent"": 20, ""closedAt"": ""2026-05-15T23:55:06.501Z""}]",1.166466493290456,5.332362898138591,0.1324761044772642,0.06299515638173683,5.199886793661327,0.08,0.05,0.02,0.03,t,0.5009,2026-05-15 23:50:00,2026-05-15 05:02:14.417,2026-05-15 23:55:06.501,2026-05-15 23:55:00
139,394,ARUSDT,SELL,CLOSED,2.33349974,2.3855,2.3855,2.2517,"[2.2963, 2.2517, 2.2071]",228.5690557255811,4.571381114511622,205.1396789584095,87.91073572539138,17.94990825045882,11.42845278627906,"[{""pnlR"": 0.3576880192522142, ""price"": 2.2963, ""pnlUsd"": 1.635128256096642, ""reason"": ""TP1"", ""percent"": 50, ""closedAt"": ""2026-05-15T05:36:24.716Z""}, {""pnlR"": 0.4719192173269928, ""price"": 2.2517, ""pnlUsd"": 2.157322597663721, ""reason"": ""TP2"", ""percent"": 30, ""closedAt"": ""2026-05-15T13:30:27.452Z""}, {""pnlR"": 0.4861504154017715, ""price"": 2.2071, ""pnlUsd"": 2.222378827779638, ""reason"": ""TP3"", ""percent"": 20, ""closedAt"": ""2026-05-15T13:46:19.304Z""}]",1.315757651980979,6.014829681540001,0.1423948093345786,0.06156037179905351,5.872434872205423,0.08,0.05,0.02,0.03,t,2.2095,2026-05-15 13:44:59.999,2026-05-15 05:02:14.608,2026-05-15 13:46:19.446,2026-05-15 23:55:00
140,395,1000BONKUSDT,SELL,CLOSED,0.0068189537,0.006945,0.006945,0.0068189537,"[0.006711, 0.006594, 0.006477]",228.5690557255811,4.571381114511622,247.3062371914856,36267.47563801256,21.63952039845676,11.42845278627906,"[{""pnlR"": 0.4282303407557376, ""price"": 0.006711, ""pnlUsd"": 1.957604092391656, ""reason"": ""TP1"", ""percent"": 50, ""closedAt"": ""2026-05-15T05:35:58.767Z""}, {""pnlR"": -0.008114820149419468, ""price"": 0.006820999386109999, ""pnlUsd"": -0.03709593557871454, ""reason"": ""SL"", ""percent"": 50, ""closedAt"": ""2026-05-15T07:21:28.092Z""}]",0.4201155206063182,1.920508156812941,0.2098373287620738,0.1113100709767799,1.710670828050868,0.08,0.05,0.02,0.03,t,0.006819,2026-05-15 07:19:59.999,2026-05-15 05:02:14.783,2026-05-15 07:21:28.316,2026-05-15 23:55:00
141,396,AEROUSDT,SELL,EXPIRED,0.47315801,0.4917,0.4917,0.47315801,"[0.4571, 0.4397999999999999, 0.4224999999999999]",228.5690557255811,4.571381114511622,116.6533684407068,246.5420979361773,10.20727570233831,11.42845278627906,"[{""pnlR"": 0.4330174377183896, ""price"": 0.4571, ""pnlUsd"": 1.979487737040059, ""reason"": ""TP1"", ""percent"": 50, ""closedAt"": ""2026-05-15T13:01:17.200Z""}, {""pnlR"": 0.6963613398561865, ""price"": 0.44733416, ""pnlUsd"": 3.183333077894581, ""reason"": ""EXPIRED"", ""percent"": 50, ""closedAt"": ""2026-05-15T23:55:05.195Z""}]",1.129378777574576,5.16282081493464,0.09716779908824545,0.05154455641551114,5.065653015846395,0.08,0.05,0.02,0.03,t,0.4472,2026-05-15 23:50:00,2026-05-15 05:22:12.447,2026-05-15 23:55:05.195,2026-05-15 23:55:00
142,397,AAVEUSDT,SELL,EXPIRED,96.521035,99.07,99.07,95.57,"[95.57, 93.82, 92.07]",228.5690557255811,4.571381114511622,173.103371977299,1.79342639640467,15.14670228896829,11.42845278627906,"[{""pnlR"": 0.1865531696198273, ""price"": 95.57, ""pnlUsd"": 0.8528056364523617, ""reason"": ""TP1"", ""percent"": 50, ""closedAt"": ""2026-05-15T12:48:07.739Z""}, {""pnlR"": 0.3178978526578446, ""price"": 93.82, ""pnlUsd"": 1.453232239983869, ""reason"": ""TP2"", ""percent"": 30, ""closedAt"": ""2026-05-15T13:43:58.629Z""}, {""pnlR"": 0.2827161612654551, ""price"": 92.917867, ""pnlUsd"": 1.292403320376123, ""reason"": ""EXPIRED"", ""percent"": 20, ""closedAt"": ""2026-05-15T23:55:02.088Z""}]",0.787167183543127,3.598441196812354,0.130451153467272,0.06194207824958228,3.467990043345082,0.08,0.05,0.02,0.03,t,92.89,2026-05-15 23:54:59.999,2026-05-15 05:32:10.658,2026-05-15 23:55:02.088,2026-05-15 23:55:00
143,398,ETHUSDT,SELL,EXPIRED,2239.098069,2299.45,2299.45,2239.098069,"[2218.21, 2177.59, 2136.97]",237.8339712761733,4.756679425523465,176.476071934495,0.07881569564896755,14.84027458210086,11.89169856380866,"[{""pnlR"": 0.1730522010969309, ""price"": 2218.21, ""pnlUsd"": 0.8231538444993204, ""reason"": ""TP1"", ""percent"": 50, ""closedAt"": ""2026-05-15T13:51:17.222Z""}, {""pnlR"": 0.1216277901696323, ""price"": 2224.417125, ""pnlUsd"": 0.5785444070717752, ""reason"": ""EXPIRED"", ""percent"": 50, ""closedAt"": ""2026-05-15T23:55:00.566Z""}]",0.2946799912665632,1.401698251571096,0.149550758171885,0.07924866967300173,1.252147493399211,0.08,0.05,0.02,0.03,t,2223.75,2026-05-15 23:54:59.999,2026-05-15 05:37:13.254,2026-05-15 23:55:00.566,2026-05-15 23:55:00
144,399,ENAUSDT,SELL,CLOSED,0.11736478,0.12216,0.12216,0.11373,"[0.11654, 0.11373, 0.11092]",237.8339712761733,4.756679425523465,116.4214852096645,991.9627098492796,9.790147688740031,11.89169856380866,"[{""pnlR"": 0.0860002252242855, ""price"": 0.11654, ""pnlUsd"": 0.409075501914743, ""reason"": ""TP1"", ""percent"": 50, ""closedAt"": ""2026-05-15T13:00:31.067Z""}, {""pnlR"": 0.2274002027018574, ""price"": 0.11373, ""pnlUsd"": 1.08166986555179, ""reason"": ""TP2"", ""percent"": 30, ""closedAt"": ""2026-05-15T13:38:13.059Z""}, {""pnlR"": 0.2688001801794284, ""price"": 0.11092, ""pnlUsd"": 1.278596286636488, ""reason"": ""TP3"", ""percent"": 20, ""closedAt"": ""2026-05-15T13:52:00.999Z""}]",0.5822006081055713,2.76934165410302,0.08094117131594457,0.03493692664089408,2.688400482787076,0.08,0.05,0.02,0.03,t,0.11092,2026-05-15 13:49:59.999,2026-05-15 05:37:13.431,2026-05-15 13:52:01.121,2026-05-15 23:55:00
145,400,SEIUSDT,SELL,CLOSED,0.066050179,0.06753,0.06753,0.06449999999999997,"[0.06550999999999998, 0.06449999999999997, 0.06348999999999996]",237.8339712761733,4.756679425523465,212.3091424580681,3214.36134878708,17.8535590453169,11.89169856380866,"[{""pnlR"": 0.1825149798522975, ""price"": 0.06550999999999998, ""pnlUsd"": 0.8681652495132531, ""reason"": ""TP1"", ""percent"": 50, ""closedAt"": ""2026-05-15T12:06:51.665Z""}, {""pnlR"": 0.3142634818670677, ""price"": 0.06449999999999997, ""pnlUsd"": 1.494850638390447, ""reason"": ""TP2"", ""percent"": 30, ""closedAt"": ""2026-05-15T13:31:38.155Z""}, {""pnlR"": 0.346011983881838, ""price"": 0.06348999999999996, ""pnlUsd"": 1.645868084715296, ""reason"": ""TP3"", ""percent"": 20, ""closedAt"": ""2026-05-15T13:51:20.884Z""}]",0.8427904456012032,4.008883972618997,0.1478146229261239,0.063711856294319,3.861069349692873,0.08,0.05,0.02,0.03,t,0.06348,2026-05-15 13:49:59.999,2026-05-15 05:37:13.607,2026-05-15 13:51:21.099,2026-05-15 23:55:00
146,402,FARTCOINUSDT,SELL,CLOSED,0.211616496,0.22034,0.22034,0.20327,"[0.20896, 0.20327, 0.19758]",237.8339712761733,4.756679425523465,115.3884760784852,545.2716506490361,9.703279599573758,11.89169856380866,"[{""pnlR"": 0.1522608346370893, ""price"": 0.20896, ""pnlUsd"": 0.7242559794312756, ""reason"": ""TP1"", ""percent"": 50, ""closedAt"": ""2026-05-15T13:00:16.959Z""}, {""pnlR"": 0.2870347511733803, ""price"": 0.20327, ""pnlUsd"": 1.36533229531667, ""reason"": ""TP2"", ""percent"": 30, ""closedAt"": ""2026-05-15T13:38:12.965Z""}, {""pnlR"": 0.3218086677096714, ""price"": 0.19758, ""pnlUsd"": 1.530740668649717, ""reason"": ""TP3"", ""percent"": 20, ""closedAt"": ""2026-05-15T13:51:18.989Z""}]",0.7611042535201411,3.620328943397663,0.08004786746626008,0.03462693090281203,3.540281075931403,0.08,0.05,0.02,0.03,t,0.19764,2026-05-15 13:49:59.999,2026-05-15 05:37:13.974,2026-05-15 13:51:19.116,2026-05-15 23:55:00
147,401,TRUMPUSDT,SELL,CLOSED,2.3233028,2.39,2.39,2.3233028,"[2.31, 2.27, 2.23]",237.8339712761733,4.756679425523465,165.6922123870423,71.31752795504843,13.93343528663869,11.89169856380866,"[{""pnlR"": 0.09972532580078267, ""price"": 2.31, ""pnlUsd"": 0.4743614054402073, ""reason"": ""TP1"", ""percent"": 50, ""closedAt"": ""2026-05-15T13:01:18.652Z""}, {""pnlR"": -0.00522503823248843, ""price"": 2.32399979084, ""pnlUsd"": -0.02485383185805121, ""reason"": ""SL"", ""percent"": 50, ""closedAt"": ""2026-05-15T13:20:31.996Z""}]",0.09450028756829423,0.4495075735821561,0.140755935163827,0.07457641234829973,0.3087516384183291,0.08,0.05,0.02,0.03,t,2.324,2026-05-15 13:19:59.999,2026-05-15 05:39:10.66,2026-05-15 13:20:32.091,2026-05-15 23:55:00
148,403,SIRENUSDT,SELL,CLOSED,0.5080175490000001,0.56939,0.56939,0.5080175490000001,"[0.4894500000000001, 0.4494800000000001, 0.4095100000000002]",234.419006381242,4.68838012762484,38.80860781030699,76.39225827276881,3.311046182594212,11.7209503190621,"[{""pnlR"": 0.1512694107654263, ""price"": 0.4894500000000001, ""pnlUsd"": 0.7092084993501436, ""reason"": ""TP1"", ""percent"": 50, ""closedAt"": ""2026-05-15T13:42:57.016Z""}, {""pnlR"": -0.001241642318472429, ""price"": 0.5081699542647, ""pnlUsd"": -0.005821291171544167, ""reason"": ""SL"", ""percent"": 50, ""closedAt"": ""2026-05-15T14:55:24.940Z""}]",0.1500277684469539,0.7033872081785995,0.03284838558447669,0.01746736733748165,0.6705388225941228,0.08,0.05,0.02,0.03,t,0.50816,2026-05-15 14:54:59.999,2026-05-15 06:04:28.711,2026-05-15 14:55:25.103,2026-05-15 23:55:00
149,413,ZECUSDT,SELL,EXPIRED,537.4287230000001,564.44,564.44,537.4287230000001,"[518.5999999999999, 495.6799999999998, 472.7599999999998]",237.0641606664364,4.741283213328728,94.33473962451313,0.175529769041602,7.958582972585874,11.85320803332182,"[{""pnlR"": 0.3485344843192758, ""price"": 518.5999999999999, ""pnlUsd"": 1.652500699769167, ""reason"": ""TP1"", ""percent"": 50, ""closedAt"": ""2026-05-15T15:16:01.411Z""}, {""pnlR"": 0.4084249700597304, ""price"": 515.364563, ""pnlUsd"": 1.936458454448488, ""reason"": ""EXPIRED"", ""percent"": 50, ""closedAt"": ""2026-05-15T23:55:04.114Z""}]",0.7569594543790062,3.588959154217655,0.07888579931365808,0.04187411840789292,3.510073354903997,0.08,0.05,0.02,0.03,t,515.21,2026-05-15 23:54:59.999,2026-05-15 08:22:12.538,2026-05-15 23:55:04.114,2026-05-15 23:55:00
150,419,VVVUSDT,SELL,EXPIRED,13.925821,14.793,14.793,14.793,"[13.115, 12.276, 11.437]",250.4130496775337,5.008260993550675,80.42647033365543,5.775348565348889,6.423504720478714,12.52065248387669,"[{""pnlR"": 0.1218620377107835, ""price"": 13.8201448, ""pnlUsd"": 0.6103168900615197, ""reason"": ""EXPIRED"", ""percent"": 100, ""closedAt"": ""2026-05-15T23:55:04.570Z""}]",0.1218620377107835,0.6103168900615197,0.08012131188862467,0.04807284638823758,0.530195578172895,0.08,0.05,0.02,0.03,t,13.816,2026-05-15 23:50:00,2026-05-15 13:00:57.284,2026-05-15 23:55:04.57,2026-05-15 23:55:00
151,428,AAVEUSDT,SELL,CLOSED,92.092364,93.36,93.36,90.21000000000001,"[91.26, 90.21000000000001, 89.16000000000001]",300.72562505841,6.0145125011682,436.9477314782272,4.744668423086926,29.05956094651786,15.0362812529205,"[{""pnlR"": 0.3283134906234917, ""price"": 91.26, ""pnlUsd"": 1.974645593657159, ""reason"": ""TP1"", ""percent"": 50, ""closedAt"": ""2026-05-16T04:33:10.079Z""}, {""pnlR"": 0.4454821415611425, ""price"": 90.21000000000001, ""pnlUsd"": 2.679357909466673, ""reason"": ""TP2"", ""percent"": 30, ""closedAt"": ""2026-05-16T06:20:16.649Z""}, {""pnlR"": 0.4626507924987934, ""price"": 89.16000000000001, ""pnlUsd"": 2.782618975159367, ""reason"": ""TP3"", ""percent"": 20, ""closedAt"": ""2026-05-16T07:11:49.828Z""}]",1.236446424683427,7.4366224782832,0.3043760875391024,0.1311236565404355,7.132246390744097,0.08,0.05,0.02,0.03,t,89.2,2026-05-16 07:09:59.999,2026-05-16 03:31:16.291,2026-05-16 07:11:50.55,2026-05-16 23:55:00
152,429,STXUSDT,SELL,TP2_HIT,0.24682593,0.2506,0.2506,0.2444,"[0.2444, 0.2413, 0.2382]",300.72562505841,6.0145125011682,393.3519096353491,1593.640950265432,25,15.73407638541396,"[{""pnlR"": 0.3213944097486267, ""price"": 0.2444, ""pnlUsd"": 1.933030695238704, ""reason"": ""TP1"", ""percent"": 50, ""closedAt"": ""2026-05-16T06:13:11.264Z""}, {""pnlR"": 0.4392549687737662, ""price"": 0.2413, ""pnlUsd"": 2.641904500890083, ""reason"": ""TP2"", ""percent"": 30, ""closedAt"": ""2026-05-16T07:13:03.107Z""}]",0.7606493785223929,4.574935196128788,0.2586972733201047,0.1180409851861313,4.316237922808683,0.08,0.05,0.02,0.03,t,0.24,2026-05-16 08:34:59.999,2026-05-16 03:31:16.469,,2026-05-16 23:55:00
153,430,KASUSDT,SELL,CLOSED,0.034829548,0.03523,0.03523,0.03426999999999999,"[0.03459, 0.03426999999999999, 0.03394999999999999]",300.72562505841,6.0145125011682,523.1157588326197,15019.30943326108,25,20.92463035330479,"[{""pnlR"": 0.2990970203669875, ""price"": 0.03459, ""pnlUsd"": 1.798922768059406, ""reason"": ""TP1"", ""percent"": 50, ""closedAt"": ""2026-05-16T06:22:16.609Z""}, {""pnlR"": 0.4191873183303018, ""price"": 0.03426999999999999, ""pnlUsd"": 2.521207366428774, ""reason"": ""TP2"", ""percent"": 30, ""closedAt"": ""2026-05-16T07:12:22.349Z""}, {""pnlR"": 0.4392776162936005, ""price"": 0.03394999999999999, ""pnlUsd"": 2.642040714681228, ""reason"": ""TP3"", ""percent"": 20, ""closedAt"": ""2026-05-16T07:13:23.401Z""}]",1.15756195499089,6.962170849169408,0.3647885970129999,0.1569818221964609,6.597382252156408,0.08,0.05,0.02,0.03,t,0.03394,2026-05-16 07:09:59.999,2026-05-16 03:46:12.852,2026-05-16 07:13:23.744,2026-05-16 23:55:00
154,431,ZECUSDT,SELL,TP1_HIT,505.1983950000001,519.45,519.45,505.1983950000001,"[493.9299999999999, 481.1699999999999, 468.4099999999999]",300.72562505841,6.0145125011682,213.2056047229497,0.4220235195381999,14.1794105295509,15.0362812529205,"[{""pnlR"": 0.3953377531864055, ""price"": 493.9299999999999, ""pnlUsd"": 2.377763858723374, ""reason"": ""TP1"", ""percent"": 50, ""closedAt"": ""2026-05-16T07:05:42.166Z""}]",0.3953377531864055,2.377763858723374,0.1274478100620252,0.0639808756795723,2.250316048661349,0.08,0.05,0.02,0.03,t,495.5,2026-05-16 08:34:59.999,2026-05-16 03:51:12.556,,2026-05-16 23:55:00
155,432,VVVUSDT,SELL,OPEN,13.2140346,13.843,13.843,13.843,"[12.853, 12.358, 11.863]",300.72562505841,6.0145125011682,126.3598542822373,9.562549070534242,8.403663921735594,15.0362812529205,[],0,0,0.06317992714111866,0.03791933208429868,-0.06317992714111866,0.08,0.05,0.02,0.03,t,13.195,2026-05-16 08:34:59.999,2026-05-16 03:56:11.697,,2026-05-16 23:55:00
156,433,ENAUSDT,BUY,SL_HIT,0.111663489,0.11021,0.11021,0.11021,"[0.11273, 0.11399, 0.11525]",300.72562505841,6.0145125011682,462.061598343409,4137.98281319518,30.72977889753576,15.0362812529205,"[{""pnlR"": -1.022747334173151, ""price"": 0.110176937, ""pnlUsd"": -6.151326626920929, ""reason"": ""SL"", ""percent"": 100, ""closedAt"": ""2026-05-16T04:34:45.877Z""}]",-1.022747334173151,-6.151326626920929,0.4589859350299486,0.2753910321837553,-6.610312561950878,0.08,0.05,0.02,0.03,t,0.11021,2026-05-16 04:29:59.999,2026-05-16 04:01:12.181,2026-05-16 04:34:46.631,2026-05-16 23:55:00
157,434,LDOUSDT,SELL,CLOSED,0.359892,0.3643,0.3643,0.3546999999999999,"[0.3578999999999999, 0.3546999999999999, 0.3514999999999999]",300.72562505841,6.0145125011682,491.0560192990959,1364.453834203305,25,19.64224077196384,"[{""pnlR"": 0.2259528130671613, ""price"": 0.3578999999999999, ""pnlUsd"": 1.358996018866563, ""reason"": ""TP1"", ""percent"": 50, ""closedAt"": ""2026-05-16T04:28:31.234Z""}, {""pnlR"": 0.3533575317604395, ""price"": 0.3546999999999999, ""pnlUsd"": 2.125273292155103, ""reason"": ""TP2"", ""percent"": 30, ""closedAt"": ""2026-05-16T06:21:14.270Z""}, {""pnlR"": 0.3807622504537216, ""price"": 0.3514999999999999, ""pnlUsd"": 2.290099315326845, ""reason"": ""TP3"", ""percent"": 20, ""closedAt"": ""2026-05-16T06:50:09.639Z""}]",0.9600725952813224,5.774368626348512,0.3425843397840975,0.1473610140939529,5.431784286564414,0.08,0.05,0.02,0.03,t,0.3516,2026-05-16 06:49:59.999,2026-05-16 04:06:10.664,2026-05-16 06:50:10.273,2026-05-16 23:55:00
158,435,1000BONKUSDT,SELL,CLOSED,0.0065100464,0.00655,0.00655,0.006477999999999999,"[0.006477999999999999, 0.006441999999999999, 0.006405999999999999]",300.72562505841,6.0145125011682,980.0056930035125,150537.4359549131,50,19.60011386007025,"[{""pnlR"": 0.4010452124464513, ""price"": 0.006477999999999999, ""pnlUsd"": 2.412091443792838, ""reason"": ""TP1"", ""percent"": 50, ""closedAt"": ""2026-05-16T04:33:00.756Z""}, {""pnlR"": 0.5109406912018061, ""price"": 0.006441999999999999, ""pnlUsd"": 3.073059174588784, ""reason"": ""TP2"", ""percent"": 30, ""closedAt"": ""2026-05-16T04:33:28.839Z""}, {""pnlR"": 0.1506898001682002, ""price"": 0.006479943399999999, ""pnlUsd"": 0.9063256869101781, ""reason"": ""SL"", ""percent"": 20, ""closedAt"": ""2026-05-16T05:26:22.841Z""}]",1.062675703816458,6.391476305291801,0.7432541337155382,0.3526008254884835,5.648222171576262,0.08,0.05,0.02,0.03,t,0.006478,2026-05-16 05:24:59.999,2026-05-16 04:06:10.843,2026-05-16 05:26:23.337,2026-05-16 23:55:00
159,436,USELESSUSDT,SELL,TP2_HIT,0.059712081,0.06148,0.06148,0.05878000000000001,"[0.05878000000000001, 0.05743000000000001, 0.05608000000000001]",300.72562505841,6.0145125011682,203.1422580136693,3402.02944884251,13.51013954824854,15.0362812529205,"[{""pnlR"": 0.2636096450120134, ""price"": 0.05878000000000001, ""pnlUsd"": 1.585483505353266, ""reason"": ""TP1"", ""percent"": 50, ""closedAt"": ""2026-05-16T06:00:55.319Z""}, {""pnlR"": 0.3872486805108138, ""price"": 0.05743000000000001, ""pnlUsd"": 2.32911202999318, ""reason"": ""TP2"", ""percent"": 30, ""closedAt"": ""2026-05-16T07:01:42.422Z""}]",0.6508583255228273,3.914595535346447,0.1332909711819525,0.06096096569380276,3.781304564164495,0.08,0.05,0.02,0.03,t,0.05758,2026-05-16 08:34:59.999,2026-05-16 04:11:11.106,,2026-05-16 23:55:00
160,437,DOGEUSDT,SELL,CLOSED,0.111986394,0.11342,0.11342,0.111986394,"[0.11088, 0.10961, 0.10834]",300.72562505841,6.0145125011682,469.82474032178,4195.373415825676,31.24607290985102,15.0362812529205,"[{""pnlR"": 0.3858779887918974, ""price"": 0.11088, ""pnlUsd"": 2.32086798751451, ""reason"": ""TP1"", ""percent"": 50, ""closedAt"": ""2026-05-16T04:34:46.300Z""}, {""pnlR"": -0.01171727734119396, ""price"": 0.1120199899182, ""pnlUsd"": -0.07047371104826598, ""reason"": ""SL"", ""percent"": 50, ""closedAt"": ""2026-05-16T05:18:27.514Z""}]",0.3741607114507034,2.250394276466244,0.3989220925315342,0.2114634300604684,1.85147218393471,0.08,0.05,0.02,0.03,t,0.112,2026-05-16 05:14:59.999,2026-05-16 04:26:09.466,2026-05-16 05:18:27.677,2026-05-16 23:55:00
161,439,SEIUSDT,SELL,CLOSED,0.063171043,0.06379,0.06379,0.06208,"[0.06265, 0.06208, 0.06151]",301.7902592649009,6.035805185298018,616.0171205755521,9751.574318245024,40.82418843312195,15.08951296324505,"[{""pnlR"": 0.420904036952483, ""price"": 0.06265, ""pnlUsd"": 2.540494768750665, ""reason"": ""TP1"", ""percent"": 50, ""closedAt"": ""2026-05-16T04:40:02.863Z""}, {""pnlR"": 0.5288136332572313, ""price"": 0.06208, ""pnlUsd"": 3.191816069670281, ""reason"": ""TP2"", ""percent"": 30, ""closedAt"": ""2026-05-16T07:11:15.997Z""}, {""pnlR"": 0.5367232295619841, ""price"": 0.06151, ""pnlUsd"": 3.239556852060122, ""reason"": ""TP3"", ""percent"": 20, ""closedAt"": ""2026-05-16T07:13:18.808Z""}]",1.486440899771698,8.97186769048107,0.4294176108647904,0.1848605943509709,8.542450079616279,0.08,0.05,0.02,0.03,t,0.0615,2026-05-16 07:09:59.999,2026-05-16 04:31:09.456,2026-05-16 07:13:19.01,2026-05-16 23:55:00
162,440,TRUMPUSDT,SELL,CLOSED,2.2313304,2.258,2.258,2.2313304,"[2.216, 2.195, 2.174]",301.7902592649009,6.035805185298018,504.9897860647834,226.3177994907358,25,20.19959144259134,"[{""pnlR"": 0.2874133845276997, ""price"": 2.216, ""pnlUsd"": 1.734771196656372, ""reason"": ""TP1"", ""percent"": 50, ""closedAt"": ""2026-05-16T04:34:42.797Z""}, {""pnlR"": -0.01254985301616767, ""price"": 2.23199979912, ""pnlUsd"": -0.07574846790971404, ""reason"": ""SL"", ""percent"": 50, ""closedAt"": ""2026-05-16T05:29:03.902Z""}]",0.274863531511532,1.659022728746658,0.4289322381496895,0.2272908664486461,1.230090490596969,0.08,0.05,0.02,0.03,t,2.232,2026-05-16 05:24:59.999,2026-05-16 04:31:09.635,2026-05-16 05:29:03.999,2026-05-16 23:55:00
163,444,DYDXUSDT,SELL,CLOSED,0.146176134,0.14949,0.14949,0.14313,"[0.14525, 0.14313, 0.14101]",305.2038240741377,6.104076481482753,269.2535852999078,1841.980478837317,17.64418162955277,15.26019120370688,"[{""pnlR"": 0.1397361872809618, ""price"": 0.14525, ""pnlUsd"": 0.8529603743937809, ""reason"": ""TP1"", ""percent"": 50, ""closedAt"": ""2026-05-16T06:13:52.904Z""}, {""pnlR"": 0.2757625685528631, ""price"": 0.14313, ""pnlUsd"": 1.683275809176793, ""reason"": ""TP2"", ""percent"": 30, ""closedAt"": ""2026-05-16T07:13:05.552Z""}, {""pnlR"": 0.3117889498247677, ""price"": 0.14101, ""pnlUsd"": 1.903183595811555, ""reason"": ""TP3"", ""percent"": 20, ""closedAt"": ""2026-05-16T07:15:34.222Z""}]",0.7272877056585927,4.439419779382129,0.187589625754059,0.08080031568468422,4.251830153628069,0.08,0.05,0.02,0.03,t,0.14108,2026-05-16 07:14:59.999,2026-05-16 04:36:07.237,2026-05-16 07:15:34.4,2026-05-16 23:55:00
164,445,ORDIUSDT,SELL,TP1_HIT,4.2297307,4.33,4.33,4.2297307,"[4.141999999999999, 4.047999999999999, 3.953999999999999]",305.2038240741377,6.104076481482753,257.4925693993636,60.87682352906383,16.87348251159629,15.26019120370688,"[{""pnlR"": 0.4374753788048869, ""price"": 4.141999999999999, ""pnlUsd"": 2.670383170990669, ""reason"": ""TP1"", ""percent"": 50, ""closedAt"": ""2026-05-16T07:13:14.551Z""}]",0.4374753788048869,2.670383170990669,0.15396146500542,0.07727095210542219,2.516421705985249,0.08,0.05,0.02,0.03,t,4.207,2026-05-16 08:34:59.999,2026-05-16 04:36:07.414,,2026-05-16 23:55:00
165,446,ARUSDT,SELL,TP2_HIT,2.18784345,2.2348,2.2348,2.1468,"[2.1468, 2.1028, 2.0588]",305.2038240741377,6.104076481482753,284.4068345802895,129.9941431276947,18.63717372762693,15.26019120370688,"[{""pnlR"": 0.4370364730799016, ""price"": 2.1468, ""pnlUsd"": 2.667704056877197, ""reason"": ""TP1"", ""percent"": 50, ""closedAt"": ""2026-05-16T06:49:59.960Z""}, {""pnlR"": 0.5433328257719114, ""price"": 2.1028, ""pnlUsd"": 3.31654512341189, ""reason"": ""TP2"", ""percent"": 30, ""closedAt"": ""2026-05-16T07:15:29.326Z""}]",0.9803692988518131,5.984249180289087,0.1865116609869332,0.08534765467048512,5.797737519302154,0.08,0.05,0.02,0.03,t,2.1293,2026-05-16 08:34:59.999,2026-05-16 04:36:07.592,,2026-05-16 23:55:00
166,448,AEROUSDT,SELL,CLOSED,0.44416671,0.4515,0.4515,0.4353,"[0.4407, 0.4353, 0.4298999999999999]",305.2038240741377,6.104076481482753,369.7150349118271,832.3789842598225,24.22741825292588,15.26019120370688,"[{""pnlR"": 0.2363679876290208, ""price"": 0.4407, ""pnlUsd"": 1.442808274261701, ""reason"": ""TP1"", ""percent"": 50, ""closedAt"": ""2026-05-16T06:41:37.861Z""}, {""pnlR"": 0.3627311888661164, ""price"": 0.4353, ""pnlUsd"": 2.214138919057923, ""reason"": ""TP2"", ""percent"": 30, ""closedAt"": ""2026-05-16T07:13:05.821Z""}, {""pnlR"": 0.3890943901032181, ""price"": 0.4298999999999999, ""pnlUsd"": 2.375061915705912, ""reason"": ""TP3"", ""percent"": 20, ""closedAt"": ""2026-05-16T08:20:23.789Z""}]",0.9881935665983553,6.032009109025536,0.257594122616474,0.1109477948119985,5.774414986409061,0.08,0.05,0.02,0.03,t,0.4304,2026-05-16 08:19:59.999,2026-05-16 04:36:07.78,2026-05-16 08:20:23.958,2026-05-16 23:55:00
167,449,POLUSDT,SELL,TP2_HIT,0.09053283200000001,0.0918,0.0918,0.08969999999999999,"[0.08969999999999999, 0.08864999999999998, 0.08759999999999997]",305.2038240741377,6.104076481482753,436.1058128150566,4817.10119059411,28.57800449506303,15.26019120370688,"[{""pnlR"": 0.328619409581058, ""price"": 0.08969999999999999, ""pnlUsd"": 2.005918009382484, ""reason"": ""TP1"", ""percent"": 50, ""closedAt"": ""2026-05-16T07:12:23.400Z""}, {""pnlR"": 0.4457574686229521, ""price"": 0.08864999999999998, ""pnlUsd"": 2.720937680666648, ""reason"": ""TP2"", ""percent"": 30, ""closedAt"": ""2026-05-16T07:15:30.949Z""}]",0.7743768782040101,4.726855690049132,0.2868844653199275,0.1308710051460323,4.439971224729205,0.08,0.05,0.02,0.03,t,0.08932,2026-05-16 08:34:59.999,2026-05-16 04:36:07.957,,2026-05-16 23:55:00
168,456,IPUSDT,SELL,TP2_HIT,0.4988503,0.5047,0.5047,0.4944999999999999,"[0.4944999999999999, 0.4893999999999999, 0.4842999999999998]",309.2579112755521,6.185158225511042,527.4574826646913,1057.346227244308,25,21.09829930658765,"[{""pnlR"": 0.371839581517012, ""price"": 0.4944999999999999, ""pnlUsd"": 2.299886646190531, ""reason"": ""TP1"", ""percent"": 50, ""closedAt"": ""2026-05-16T07:12:41.552Z""}, {""pnlR"": 0.4846556233653065, ""price"": 0.4893999999999999, ""pnlUsd"": 2.997671715398107, ""reason"": ""TP2"", ""percent"": 30, ""closedAt"": ""2026-05-16T07:15:51.496Z""}]",0.8564952048823185,5.297558361588639,0.3470624268863785,0.1582847302184463,4.95049593470226,0.08,0.05,0.02,0.03,t,0.4926,2026-05-16 08:34:59.999,2026-05-16 06:12:04.497,,2026-05-16 23:55:00
169,459,MUSDT,SELL,OPEN,3.18974279,3.2714,3.2714,3.2714,"[3.1292, 3.0581, 2.987]",314.3005731635973,6.286011463271945,245.5479405043249,76.98048296374546,15.62503930761299,15.71502865817986,[],0,0,0.1227739702521625,0.07368648809770435,-0.1227739702521625,0.08,0.05,0.02,0.03,t,3.1784,2026-05-16 08:34:59.999,2026-05-16 06:21:06.119,,2026-05-16 23:55:00
170,464,SIRENUSDT,SELL,CLOSED,0.505918179,0.5508,0.5508,0.505918179,"[0.4942200000000001, 0.4659300000000002, 0.4376400000000003]",328.4397030184738,6.568794060369475,74.0449530612438,146.357565580271,4.508891731465181,16.42198515092369,"[{""pnlR"": 0.1303220183512601, ""price"": 0.4942200000000001, ""pnlUsd"": 0.8560585000811186, ""reason"": ""TP1"", ""percent"": 50, ""closedAt"": ""2026-05-16T07:13:25.915Z""}, {""pnlR"": -0.001690834399298681, ""price"": 0.5060699544537, ""pnlUsd"": -0.01110674295918156, ""reason"": ""SL"", ""percent"": 50, ""closedAt"": ""2026-05-16T07:18:08.393Z""}]",0.1286311839519614,0.844951757121937,0.0627725517735206,0.03332689492314338,0.7821792053484165,0.08,0.05,0.02,0.03,t,0.50598,2026-05-16 07:14:59.999,2026-05-16 07:06:07.189,2026-05-16 07:18:08.486,2026-05-16 23:55:00
