id,signalId,symbol,side,status,limitOrderState,limitOrderPrice,limitPlacedAt,limitFilledAt,pairOrderId,entryPrice,stopLoss,initialStop,currentStop,tpLadder,depositAtEntryUsd,riskUsd,positionSizeUsd,positionUnits,leverage,marginUsd,closes,realizedR,realizedPnlUsd,feesPaidUsd,slipPaidUsd,netPnlUsd,feesRoundTripPct,feeTakerPct,feeMakerPct,slipTakerPct,autoTrailingSL,lastPriceCheck,lastPriceCheckAt,openedAt,closedAt,expiresAt
4,183,DOGEUSDT,BUY,CLOSED,FILLED,0.1089,2026-05-10 16:17:44.76,2026-05-10 16:18:50.85,,0.1089,0.10773,0.10773,0.11007,"[0.11007, 0.11124, 0.11241]",320,6.4,595.6923076923126,5470.085470085515,37.23076923076954,16,"[{""pnlR"": 0.5000000000000059, ""price"": 0.11007, ""pnlUsd"": 3.200000000000038, ""reason"": ""TP1"", ""percent"": 50, ""closedAt"": ""2026-05-10T17:16:20.970Z""}, {""pnlR"": 0.6000000000000071, ""price"": 0.11124, ""pnlUsd"": 3.840000000000046, ""reason"": ""TP2"", ""percent"": 30, ""closedAt"": ""2026-05-10T18:21:00.111Z""}, {""pnlR"": 0.1943553846153879, ""price"": 0.110036979, ""pnlUsd"": 1.243874461538483, ""reason"": ""SL"", ""percent"": 20, ""closedAt"": ""2026-05-10T20:16:14.053Z""}]",1.294355384615401,8.283874461538566,0.276048398769233,0.03612553846153241,8.007826062769334,0.07,0.05,0.02,0.03,t,0.11008,2026-05-10 20:14:59.999,2026-05-10 16:18:50.85,2026-05-10 20:16:14.498,2026-05-10 23:55:00
5,0,ETHUSDT,SELL,SL_HIT,FILLED,2316.83,2026-05-10 16:25:46.557,2026-05-10 20:49:08.521,,2316.83,2328.77,2328.77,2328.77,"[2304.89, 2292.95, 2281.01]",325.8465536893499,6.516931073786997,1264.541157427291,0.5458066225952234,77.61574539363448,16.29232768446749,"[{""pnlR"": -1.058511809045205, ""price"": 2329.468631, ""pnlUsd"": -6.898248500337184, ""reason"": ""SL"", ""percent"": 100, ""closedAt"": ""2026-05-10T21:01:18.887Z""}]",-1.058511809045205,-6.898248500337184,0.8886279344492727,0.3813174265501872,-7.786876434786457,0.07,0.05,0.02,0.03,t,2328.88,2026-05-10 20:59:59.999,2026-05-10 20:49:08.521,2026-05-10 21:01:19.083,
6,0,AAVEUSDT,SELL,EXPIRED,CANCELLED_EOD,94.79,2026-05-10 16:25:47.348,,,94.79,96.33,96.33,96.33,"[93.25000000000001, 91.71000000000002, 90.17000000000003]",0,0,0,0,,,[],0,0,0,0,0,0.07,0.05,0.02,0.03,t,,,2026-05-10 16:25:47.348,2026-05-11 23:55:47.314,
7,0,ENAUSDT,SELL,SL_HIT,FILLED,0.12649,2026-05-10 16:25:47.552,2026-05-11 03:33:50.652,,0.12649,0.13073,0.13073,0.13073,"[0.12225, 0.1180099999999999, 0.1137699999999999]",301.854097018645,6.0370819403729,180.1015317541897,1423.84008027662,11.93301886792447,15.09270485093225,"[{""pnlR"": -1.009249764150945, ""price"": 0.130769219, ""pnlUsd"": -6.092923524481279, ""reason"": ""SL"", ""percent"": 100, ""closedAt"": ""2026-05-11T10:22:01.365Z""}]",-1.009249764150945,-6.092923524481279,0.1291175339901734,0.05584158410837872,-6.222041058471453,0.07,0.05,0.02,0.03,t,0.13073,2026-05-11 10:19:59.999,2026-05-11 03:33:50.652,2026-05-11 10:22:01.471,
8,0,SEIUSDT,SELL,EXPIRED,CANCELLED_EOD,0.06816,2026-05-10 16:25:48.339,,,0.06816,0.07047,0.07047,0.07047,"[0.06584999999999999, 0.06353999999999999, 0.06122999999999998]",0,0,0,0,,,[],0,0,0,0,0,0.07,0.05,0.02,0.03,t,,,2026-05-10 16:25:48.339,2026-05-11 23:55:47.314,
9,0,MUSDT,SELL,CLOSED,FILLED,3.3749,2026-05-10 16:25:49.134,2026-05-10 17:37:40.727,,3.3749,3.419,3.419,3.3308,"[3.3308, 3.286699999999999, 3.242599999999999]",322.9256639831021,6.458513279662042,494.259330329508,146.4515482916555,25,19.77037321318032,"[{""pnlR"": 0.4999999999999949, ""price"": 3.3308, ""pnlUsd"": 3.22925663983099, ""reason"": ""TP1"", ""percent"": 50, ""closedAt"": ""2026-05-10T18:05:25.281Z""}, {""pnlR"": 0.6000000000000031, ""price"": 3.286699999999999, ""pnlUsd"": 3.875107967797246, ""reason"": ""TP2"", ""percent"": 30, ""closedAt"": ""2026-05-10T18:06:30.127Z""}, {""pnlR"": 0.1954682993197256, ""price"": 3.33179924, ""pnlUsd"": 1.262434606909403, ""reason"": ""SL"", ""percent"": 20, ""closedAt"": ""2026-05-10T18:09:51.961Z""}]",1.295468299319724,8.36679921453764,0.2253072017265933,0.02926804902299276,8.141492012811046,0.07,0.05,0.02,0.03,t,3.3292,2026-05-10 18:04:59.999,2026-05-10 17:37:40.727,2026-05-10 18:09:52.18,
10,0,LDOUSDT,SELL,SL_HIT,FILLED,0.3906,2026-05-10 16:25:49.335,2026-05-11 15:25:12.761,,0.3906,0.3989,0.3989,0.3989,"[0.3823, 0.3740000000000001, 0.3657000000000001]",296.2573281685328,5.925146563370657,278.8388250183838,713.8730799241778,18.82409638554223,14.81286640842664,"[{""pnlR"": -1.014418072289152, ""price"": 0.3990196699999999, ""pnlUsd"": -6.010575754845155, ""reason"": ""SL"", ""percent"": 100, ""closedAt"": ""2026-05-11T15:26:20.786Z""}]",-1.014418072289152,-6.010575754845155,0.1981924653902913,0.08542919147449826,-6.208768220235447,0.07,0.05,0.02,0.03,t,0.3985,2026-05-11 15:24:59.999,2026-05-11 15:25:12.761,2026-05-11 15:26:20.974,
11,0,DYDXUSDT,BUY,SL_HIT,FILLED,0.1723,2026-05-10 16:25:49.543,2026-05-10 16:37:33.358,12,0.1723,0.16827,0.16827,0.16827,"[0.17633, 0.18036, 0.18439]",319.8405715071424,6.396811430142848,273.4914663557348,1587.298121623533,17.10173697270469,15.99202857535712,"[{""pnlR"": -1.012526302729526, ""price"": 0.168219519, ""pnlUsd"": -6.47693982662051, ""reason"": ""SL"", ""percent"": 100, ""closedAt"": ""2026-05-10T20:45:29.941Z""}]",-1.012526302729526,-6.47693982662051,0.1882055565357041,0.08012839647766347,-6.665145383156214,0.07,0.05,0.02,0.03,t,0.16792,2026-05-10 20:44:59.999,2026-05-10 16:37:33.358,2026-05-10 20:45:30.314,
12,0,DYDXUSDT,SELL,CANCELLED,CANCELLED_OTHER_SIDE,0.16827,2026-05-10 16:25:49.543,,11,0.16827,0.1723,0.1723,0.1723,"[0.16424, 0.16021, 0.15618]",0,0,0,0,,,[],0,0,0,0,0,0.07,0.05,0.02,0.03,t,,,2026-05-10 16:25:49.543,2026-05-10 16:37:33.358,
13,0,ZECUSDT,BUY,CANCELLED,CANCELLED_OTHER_SIDE,611.43,2026-05-10 16:25:50.34,,14,611.43,592.61,592.61,592.61,"[630.2499999999999, 649.0699999999998, 667.8899999999998]",0,0,0,0,,,[],0,0,0,0,0,0.07,0.05,0.02,0.03,t,,,2026-05-10 16:25:50.34,2026-05-10 16:32:42.167,
14,0,ZECUSDT,SELL,CLOSED,FILLED,592.61,2026-05-10 16:25:50.34,2026-05-10 16:32:42.167,13,592.61,611.43,611.43,573.7900000000001,"[573.7900000000001, 554.9700000000001, 536.1500000000002]",319.8808615384615,6.39761723076923,201.4501565954392,0.3399371536009166,12.59532412327316,15.99404307692307,"[{""pnlR"": 0.5, ""price"": 573.7900000000001, ""pnlUsd"": 3.198808615384614, ""reason"": ""TP1"", ""percent"": 50, ""closedAt"": ""2026-05-10T20:30:30.374Z""}, {""pnlR"": 0.6, ""price"": 554.9700000000001, ""pnlUsd"": 3.838570338461537, ""reason"": ""TP2"", ""percent"": 30, ""closedAt"": ""2026-05-10T20:49:34.124Z""}, {""pnlR"": 0.1981707013815088, ""price"": 573.9621370000001, ""pnlUsd"": 1.267820293791964, ""reason"": ""SL"", ""percent"": 20, ""closedAt"": ""2026-05-10T21:30:47.894Z""}]",1.298170701381509,8.305199247638114,0.09062568609623682,0.0117031523618816,8.214573561541878,0.07,0.05,0.02,0.03,t,573.22,2026-05-10 21:29:59.999,2026-05-10 16:32:42.167,2026-05-10 21:30:48.009,
15,0,STXUSDT,SELL,SL_HIT,FILLED,0.2609,2026-05-10 16:25:51.166,2026-05-10 20:49:32.783,,0.2609,0.2643,0.2643,0.2643,"[0.2575000000000001, 0.2541000000000001, 0.2507000000000001]",318.7426939704498,6.374853879408996,489.1762873934787,1874.95702335561,25,19.56705149573915,"[{""pnlR"": -1.023320588235297, ""price"": 0.26437929, ""pnlUsd"": -6.523519221790881, ""reason"": ""SL"", ""percent"": 100, ""closedAt"": ""2026-05-10T21:28:30.644Z""}]",-1.023320588235297,-6.523519221790881,0.3456851607863305,0.1486653423818844,-6.869204382577212,0.07,0.05,0.02,0.03,t,0.2644,2026-05-10 21:24:59.999,2026-05-10 20:49:32.783,2026-05-10 21:28:30.745,
16,0,IPUSDT,BUY,SL_HIT,FILLED,0.5905,2026-05-10 16:25:51.363,2026-05-10 18:54:05.885,17,0.5905,0.5707,0.5707,0.5707,"[0.6103000000000001, 0.6301000000000001, 0.6499000000000001]",334.8283536553974,6.696567073107948,199.7132755894058,338.2104582377745,11.92929292929291,16.74141768276987,"[{""pnlR"": -1.008646969696968, ""price"": 0.57052879, ""pnlUsd"": -6.75447208566283, ""reason"": ""SL"", ""percent"": 100, ""closedAt"": ""2026-05-10T20:49:15.552Z""}]",-1.008646969696968,-6.75447208566283,0.1364220568697527,0.05790501255488167,-6.890894142532583,0.07,0.05,0.02,0.03,t,0.5707,2026-05-10 20:44:59.999,2026-05-10 18:54:05.885,2026-05-10 20:49:15.814,
17,0,IPUSDT,SELL,CANCELLED,CANCELLED_OTHER_SIDE,0.5707,2026-05-10 16:25:51.363,,16,0.5707,0.5905,0.5905,0.5905,"[0.5509, 0.5310999999999999, 0.5112999999999999]",0,0,0,0,,,[],0,0,0,0,0,0.07,0.05,0.02,0.03,t,,,2026-05-10 16:25:51.363,2026-05-10 18:54:05.885,
18,0,ORDIUSDT,BUY,EXPIRED,CANCELLED_EOD,5.626,2026-05-10 16:25:51.564,,,5.626,5.425,5.425,5.425,"[5.827000000000001, 6.028000000000001, 6.229000000000002]",0,0,0,0,,,[],0,0,0,0,0,0.07,0.05,0.02,0.03,t,,,2026-05-10 16:25:51.564,2026-05-11 23:55:47.314,
19,0,ARUSDT,BUY,SL_HIT,FILLED,2.5481,2026-05-10 16:25:51.758,2026-05-10 17:53:07.682,20,2.5481,2.4703,2.4703,2.4703,"[2.6259, 2.7037, 2.781499999999999]",322.8268121170362,6.456536242340723,211.4640102713165,82.98889771646188,13.10077120822624,16.14134060585181,"[{""pnlR"": -1.00952557840617, ""price"": 2.46955891, ""pnlUsd"": -6.518038484549416, ""reason"": ""SL"", ""percent"": 100, ""closedAt"": ""2026-05-10T20:49:04.170Z""}]",-1.00952557840617,-6.518038484549416,0.1447657879476468,0.06150224220869271,-6.662804272497064,0.07,0.05,0.02,0.03,t,2.47,2026-05-10 20:44:59.999,2026-05-10 17:53:07.682,2026-05-10 20:49:04.399,
20,0,ARUSDT,SELL,CANCELLED,CANCELLED_OTHER_SIDE,2.4703,2026-05-10 16:25:51.758,,19,2.4703,2.5481,2.5481,2.5481,"[2.3925, 2.3147, 2.2369]",0,0,0,0,,,[],0,0,0,0,0,0.07,0.05,0.02,0.03,t,,,2026-05-10 16:25:51.758,2026-05-10 17:53:07.682,
21,0,TRUMPUSDT,SELL,SL_HIT,FILLED,2.437,2026-05-10 16:25:51.962,2026-05-10 20:49:05.459,,2.437,2.48,2.48,2.48,"[2.394, 2.351, 2.307999999999999]",325.9204390949383,6.518408781898765,369.4270279415636,151.5909019046219,22.66976744186039,16.29602195474691,"[{""pnlR"": -1.017302325581397, ""price"": 2.480744, ""pnlUsd"": -6.631192412915814, ""reason"": ""SL"", ""percent"": 100, ""closedAt"": ""2026-05-10T22:26:42.507Z""}]",-1.017302325581397,-6.631192412915814,0.2619145157655524,0.1127836310170505,-6.893106928681366,0.07,0.05,0.02,0.03,t,2.481,2026-05-10 22:24:59.999,2026-05-10 20:49:05.459,2026-05-10 22:26:42.644,
22,0,KASUSDT,SELL,EXPIRED,CANCELLED_EOD,0.03704,2026-05-10 16:25:52.746,,,0.03704,0.03766,0.03766,0.03766,"[0.03641999999999999, 0.03579999999999999, 0.03517999999999999]",0,0,0,0,,,[],0,0,0,0,0,0.07,0.05,0.02,0.03,t,,,2026-05-10 16:25:52.746,2026-05-11 23:55:47.314,
23,0,SHIB1000USDT,SELL,EXPIRED,CANCELLED_EOD,0.006304,2026-05-10 16:25:52.943,,,0.006304,0.006392,0.006392,0.006392,"[0.006215999999999999, 0.006127999999999999, 0.006039999999999998]",0,0,0,0,,,[],0,0,0,0,0,0.07,0.05,0.02,0.03,t,,,2026-05-10 16:25:52.943,2026-05-11 23:55:47.314,
24,0,FARTCOINUSDT,SELL,SL_HIT,FILLED,0.24854,2026-05-10 16:25:53.143,2026-05-11 13:37:09.694,,0.24854,0.2554,0.2554,0.2554,"[0.24168, 0.23482, 0.22796]",292.7557090068266,5.855114180136532,212.1326644797569,853.5151866088232,14.49212827988337,14.63778545034133,"[{""pnlR"": -1.011169096209908, ""price"": 0.25547662, ""pnlUsd"": -5.920510513734476, ""reason"": ""SL"", ""percent"": 100, ""closedAt"": ""2026-05-11T14:06:01.892Z""}]",-1.011169096209908,-5.920510513734476,0.1514531203926971,0.06539633359794389,-6.071963634127172,0.07,0.05,0.02,0.03,t,0.2554,2026-05-11 14:04:59.999,2026-05-11 13:37:09.694,2026-05-11 14:06:02.003,
25,0,AEROUSDT,SELL,EXPIRED,CANCELLED_EOD,0.4919,2026-05-10 16:25:53.922,,,0.4919,0.5062,0.5062,0.5062,"[0.4776, 0.4633, 0.4490000000000001]",0,0,0,0,,,[],0,0,0,0,0,0.07,0.05,0.02,0.03,t,,,2026-05-10 16:25:53.922,2026-05-11 23:55:47.314,
26,0,POLUSDT,SELL,EXPIRED,CANCELLED_EOD,0.10018,2026-05-10 16:25:54.118,,,0.10018,0.10162,0.10162,0.10162,"[0.09874000000000001, 0.09730000000000001, 0.09586000000000001]",0,0,0,0,,,[],0,0,0,0,0,0.07,0.05,0.02,0.03,t,,,2026-05-10 16:25:54.118,2026-05-11 23:55:47.314,
27,0,VVVUSDT,BUY,CLOSED,FILLED,16.226,2026-05-10 16:25:54.299,2026-05-11 06:10:24.857,,16.226,15,15,17.452,"[17.452, 18.678, 19.904]",276.2441192214148,5.524882384428296,73.12132265067993,4.506429351083442,5.293964110929857,13.81220596107074,"[{""pnlR"": 0.5000000000000014, ""price"": 17.452, ""pnlUsd"": 2.762441192214156, ""reason"": ""TP1"", ""percent"": 50, ""closedAt"": ""2026-05-11T07:13:29.779Z""}, {""pnlR"": 0.6000000000000009, ""price"": 18.678, ""pnlUsd"": 3.314929430656982, ""reason"": ""TP2"", ""percent"": 30, ""closedAt"": ""2026-05-12T05:00:00.884Z""}, {""pnlR"": 0.1991459053833613, ""price"": 17.4467644, ""pnlUsd"": 1.100257704583557, ""reason"": ""SL"", ""percent"": 20, ""closedAt"": ""2026-05-12T07:28:25.149Z""}]",1.299145905383363,7.177628327454695,0.03540141139617877,0.0047187723021055,7.142226916058516,0.07,0.05,0.02,0.03,t,17.446,2026-05-12 07:24:59.999,2026-05-11 06:10:24.857,2026-05-12 07:28:25.247,
28,0,USELESSUSDT,SELL,EXPIRED,CANCELLED_EOD,0.04966,2026-05-10 16:25:54.485,,,0.04966,0.05099,0.05099,0.05099,"[0.04833, 0.04700000000000001, 0.04567000000000001]",0,0,0,0,,,[],0,0,0,0,0,0.07,0.05,0.02,0.03,t,,,2026-05-10 16:25:54.485,2026-05-11 23:55:47.314,
29,0,SIRENUSDT,BUY,EXPIRED,CANCELLED_EOD,1.31182,2026-05-10 16:25:54.68,,,1.31182,1.20573,1.20573,1.20573,"[1.41791, 1.524, 1.63009]",0,0,0,0,,,[],0,0,0,0,0,0.07,0.05,0.02,0.03,t,,,2026-05-10 16:25:54.68,2026-05-11 23:55:47.314,
30,0,1000BONKUSDT,SELL,EXPIRED,CANCELLED_EOD,0.007128,2026-05-10 16:25:54.874,,,0.007128,0.007269,0.007269,0.007269,"[0.006986999999999999, 0.006845999999999999, 0.006704999999999998]",0,0,0,0,,,[],0,0,0,0,0,0.07,0.05,0.02,0.03,t,,,2026-05-10 16:25:54.874,2026-05-11 23:55:47.314,
31,0,ETHUSDT,BUY,CANCELLED,CANCELLED_OTHER_SIDE,2374.09,2026-05-11 03:00:05.601,,32,2374.09,2341.38,2341.38,2341.38,"[2406.8, 2439.51, 2472.22]",0,0,0,0,,,[],0,0,0,0,0,0.07,0.05,0.02,0.03,t,,,2026-05-11 03:00:05.601,2026-05-11 03:01:21.841,
32,0,ETHUSDT,SELL,CLOSED,FILLED,2341.38,2026-05-11 03:00:05.601,2026-05-11 03:01:21.841,31,2341.38,2374.09,2374.09,2341.38,"[2308.67, 2275.96, 2243.25]",302.5958600928913,6.051917201857826,433.1959002777701,0.1850173403197132,28.63197798838272,15.12979300464457,"[{""pnlR"": 0.5, ""price"": 2308.67, ""pnlUsd"": 3.025958600928913, ""reason"": ""TP1"", ""percent"": 50, ""closedAt"": ""2026-05-11T14:31:40.036Z""}, {""pnlR"": -0.01073699174564142, ""price"": 2342.082414, ""pnlUsd"": -0.06497938504165279, ""reason"": ""SL"", ""percent"": 50, ""closedAt"": ""2026-05-11T17:45:08.109Z""}]",0.4892630082543586,2.96097921588726,0.2376850431251086,0.06497938504165279,2.723294172762151,0.07,0.05,0.02,0.03,t,2341.39,2026-05-11 17:44:59.999,2026-05-11 03:01:21.841,2026-05-11 17:45:08.214,
33,0,AAVEUSDT,BUY,CANCELLED,CANCELLED_OTHER_SIDE,102.48,2026-05-11 03:00:06.405,,34,102.48,99.8,99.8,99.8,"[105.16, 107.84, 110.52]",0,0,0,0,,,[],0,0,0,0,0,0.07,0.05,0.02,0.03,t,,,2026-05-11 03:00:06.405,2026-05-11 03:07:05.551,
34,0,AAVEUSDT,SELL,SL_HIT,FILLED,99.8,2026-05-11 03:00:06.405,2026-05-11 03:07:05.551,33,99.8,102.48,102.48,102.48,"[97.11999999999999, 94.43999999999998, 91.75999999999998]",302.4553440011155,6.04910688002231,225.2615173978452,2.25712943284414,14.89552238805966,15.12276720005578,"[{""pnlR"": -1.011471641791044, ""price"": 102.510744, ""pnlUsd"": -6.118500067305668, ""reason"": ""SL"", ""percent"": 100, ""closedAt"": ""2026-05-11T16:10:38.201Z""}]",-1.011471641791044,-6.118500067305668,0.1607423122121445,0.06939318728335697,-6.279242379517812,0.07,0.05,0.02,0.03,t,102.5,2026-05-11 16:09:59.999,2026-05-11 03:07:05.551,2026-05-11 16:10:38.468,
35,0,ENAUSDT,BUY,CANCELLED,CANCELLED_OTHER_SIDE,0.13356,2026-05-11 03:00:07.195,,36,0.13356,0.1281,0.1281,0.1281,"[0.13902, 0.1444800000000001, 0.1499400000000001]",0,0,0,0,,,[],0,0,0,0,0,0.07,0.05,0.02,0.03,t,,,2026-05-11 03:00:07.195,2026-05-11 03:06:57.786,
36,0,ENAUSDT,SELL,CLOSED,FILLED,0.1281,2026-05-11 03:00:07.195,2026-05-11 03:06:57.786,35,0.1281,0.13356,0.13356,0.13356,"[0.12264, 0.11718, 0.1117199999999999]",302.4837309358649,6.049674618717298,141.9346737468284,1107.999014417084,9.38461538461535,15.12418654679325,"[{""pnlR"": 0.278761538461533, ""price"": 0.126577962, ""pnlUsd"": 1.686416603905323, ""reason"": ""MANUAL"", ""percent"": 100, ""closedAt"": ""2026-05-12T07:28:47.112Z""}]",0.278761538461533,1.686416603905323,0.09851106332082725,0.0420618585853041,1.587905540584496,0.07,0.05,0.02,0.03,t,0.126577962,2026-05-12 07:28:47.112,2026-05-11 03:06:57.786,2026-05-12 07:28:47.112,
37,0,SEIUSDT,BUY,CANCELLED,CANCELLED_OTHER_SIDE,0.07608,2026-05-11 03:00:07.991,,38,0.07608,0.07312,0.07312,0.07312,"[0.07903999999999999, 0.08199999999999998, 0.08495999999999997]",0,0,0,0,,,[],0,0,0,0,0,0.07,0.05,0.02,0.03,t,,,2026-05-11 03:00:07.991,2026-05-11 03:09:35.214,
38,0,SEIUSDT,SELL,SL_HIT,FILLED,0.07312,2026-05-11 03:00:07.991,2026-05-11 03:09:35.214,37,0.07312,0.07608,0.07608,0.07608,"[0.07016000000000001, 0.06720000000000002, 0.06424000000000003]",302.3254153710494,6.046508307420988,149.3650971076433,2042.739293047638,9.881081081081113,15.11627076855247,"[{""pnlR"": -1.007710810810808, ""price"": 0.07610282399999999, ""pnlUsd"": -6.093131789045489, ""reason"": ""SL"", ""percent"": 100, ""closedAt"": ""2026-05-11T05:53:05.363Z""}]",-1.007710810810808,-6.093131789045489,0.1076021338698731,0.04662348162450038,-6.200733922915362,0.07,0.05,0.02,0.03,t,0.07608,2026-05-11 05:49:59.999,2026-05-11 03:09:35.214,2026-05-11 05:53:05.502,
39,0,MUSDT,BUY,CANCELLED,CANCELLED_OTHER_SIDE,3.34,2026-05-11 03:00:08.794,,40,3.34,3.3043,3.3043,3.3043,"[3.3757, 3.4114, 3.447099999999999]",0,0,0,0,,,[],0,0,0,0,0,0.07,0.05,0.02,0.03,t,,,2026-05-11 03:00:08.794,2026-05-11 04:13:49.844,
40,0,MUSDT,SELL,SL_HIT,FILLED,3.3043,2026-05-11 03:00:08.794,2026-05-11 04:13:49.844,39,3.3043,3.34,3.34,3.34,"[3.2686, 3.2329, 3.1972]",295.1661067499093,5.903322134998186,546.3962837723976,165.3591634453281,25,21.8558513508959,"[{""pnlR"": -1.028067226890749, ""price"": 3.341002, ""pnlUsd"": -6.069012016770361, ""reason"": ""SL"", ""percent"": 100, ""closedAt"": ""2026-05-11T05:57:45.833Z""}]",-1.028067226890749,-6.069012016770361,0.3855119046490635,0.1656898817721733,-6.454523921419424,0.07,0.05,0.02,0.03,t,3.3426,2026-05-11 05:54:59.999,2026-05-11 04:13:49.844,2026-05-11 05:57:46.188,
41,0,LDOUSDT,BUY,CANCELLED,CANCELLED_OTHER_SIDE,0.415,2026-05-11 03:00:09.606,,42,0.415,0.4042,0.4042,0.4042,"[0.4258, 0.4365999999999999, 0.4473999999999999]",0,0,0,0,,,[],0,0,0,0,0,0.07,0.05,0.02,0.03,t,,,2026-05-11 03:00:09.606,2026-05-11 03:07:30.187,
42,0,LDOUSDT,SELL,SL_HIT,FILLED,0.4042,2026-05-11 03:00:09.606,2026-05-11 03:07:30.187,41,0.4042,0.415,0.415,0.415,"[0.3934, 0.3826000000000001, 0.3718000000000001]",302.4102916976359,6.048205833952718,226.3597035262679,560.0190586993269,14.9703703703704,15.12051458488179,"[{""pnlR"": -1.011527777777775, ""price"": 0.4151245, ""pnlUsd"": -6.117928206760768, ""reason"": ""SL"", ""percent"": 100, ""closedAt"": ""2026-05-11T05:17:41.191Z""}]",-1.011527777777775,-6.117928206760768,0.1615107565717679,0.06972237280805044,-6.279438963332535,0.07,0.05,0.02,0.03,t,0.4156,2026-05-11 05:14:59.999,2026-05-11 03:07:30.187,2026-05-11 05:17:41.883,
43,0,DYDXUSDT,BUY,CANCELLED,CANCELLED_OTHER_SIDE,0.17111,2026-05-11 03:00:10.39,,44,0.17111,0.16674,0.16674,0.16674,"[0.17548, 0.17985, 0.1842200000000001]",0,0,0,0,,,[],0,0,0,0,0,0.07,0.05,0.02,0.03,t,,,2026-05-11 03:00:10.39,2026-05-11 03:15:00.41,
44,0,DYDXUSDT,SELL,CLOSED,FILLED,0.16674,2026-05-11 03:00:10.39,2026-05-11 03:15:00.41,43,0.16674,0.17111,0.17111,0.16674,"[0.16237, 0.158, 0.15363]",301.9474271917665,6.03894854383533,230.4197437526545,1381.910421930277,15.26224256292902,15.09737135958833,"[{""pnlR"": 0.5, ""price"": 0.16237, ""pnlUsd"": 3.019474271917664, ""reason"": ""TP1"", ""percent"": 50, ""closedAt"": ""2026-05-12T01:41:10.871Z""}, {""pnlR"": 0.404010526315789, ""price"": 0.163208948, ""pnlUsd"": 2.439798779588879, ""reason"": ""MANUAL"", ""percent"": 50, ""closedAt"": ""2026-05-12T10:40:34.280Z""}]",0.904010526315789,5.459273051506543,0.1249070648197819,0.03382087566631684,5.334365986686761,0.07,0.05,0.02,0.03,t,0.163208948,2026-05-12 10:40:34.28,2026-05-11 03:15:00.41,2026-05-12 10:40:34.28,
45,0,ZECUSDT,BUY,CANCELLED,CANCELLED_OTHER_SIDE,594.6,2026-05-11 03:00:11.191,,46,594.6,579.41,579.41,579.41,"[609.7900000000001, 624.9800000000001, 640.1700000000002]",0,0,0,0,,,[],0,0,0,0,0,0.07,0.05,0.02,0.03,t,,,2026-05-11 03:00:11.191,2026-05-11 03:36:30.661,
46,0,ZECUSDT,SELL,CLOSED,FILLED,579.41,2026-05-11 03:00:11.191,2026-05-11 03:36:30.661,45,579.41,594.6,594.6,564.2199999999999,"[564.2199999999999, 549.0299999999999, 533.8399999999998]",301.8180767122942,6.036361534245884,230.2520234731662,0.3973904894171075,15.25766951942061,15.09090383561471,"[{""pnlR"": 0.5, ""price"": 564.2199999999999, ""pnlUsd"": 3.018180767122942, ""reason"": ""TP1"", ""percent"": 50, ""closedAt"": ""2026-05-11T13:13:12.173Z""}, {""pnlR"": 0.6, ""price"": 549.0299999999999, ""pnlUsd"": 3.621816920547531, ""reason"": ""TP2"", ""percent"": 30, ""closedAt"": ""2026-05-11T14:51:43.574Z""}, {""pnlR"": 0.197771349572087, ""price"": 564.3892659999999, ""pnlUsd"": 1.193819367132842, ""reason"": ""SL"", ""percent"": 20, ""closedAt"": ""2026-05-11T17:17:34.814Z""}]",1.297771349572087,7.833817054803315,0.103991021576556,0.01345293971633469,7.729826033226759,0.07,0.05,0.02,0.03,t,564.28,2026-05-11 17:14:59.999,2026-05-11 03:36:30.661,2026-05-11 17:17:35.24,
47,0,STXUSDT,BUY,CANCELLED,CANCELLED_OTHER_SIDE,0.2691,2026-05-11 03:00:11.988,,48,0.2691,0.262,0.262,0.262,"[0.2762, 0.2833, 0.2904]",0,0,0,0,,,[],0,0,0,0,0,0.07,0.05,0.02,0.03,t,,,2026-05-11 03:00:11.988,2026-05-11 03:12:57.959,
48,0,STXUSDT,SELL,SL_HIT,FILLED,0.262,2026-05-11 03:00:11.988,2026-05-11 03:12:57.959,47,0.262,0.2691,0.2691,0.2691,"[0.2549, 0.2478, 0.2407]",302.1421765690577,6.042843531381155,222.9894373551921,851.1047227297406,14.7605633802817,15.10710882845289,"[{""pnlR"": -1.011370422535208, ""price"": 0.26918073, ""pnlUsd"": -6.111553215647104, ""reason"": ""SL"", ""percent"": 100, ""closedAt"": ""2026-05-11T20:06:33.901Z""}]",-1.011370422535208,-6.111553215647104,0.159148382756458,0.06870968426594926,-6.270701598403561,0.07,0.05,0.02,0.03,t,0.2692,2026-05-11 20:04:59.999,2026-05-11 03:12:57.959,2026-05-11 20:06:34.238,
49,0,IPUSDT,BUY,CANCELLED,CANCELLED_OTHER_SIDE,0.6068,2026-05-11 03:00:12.773,,50,0.6068,0.5793,0.5793,0.5793,"[0.6343, 0.6617999999999999, 0.6892999999999999]",0,0,0,0,,,[],0,0,0,0,0,0.07,0.05,0.02,0.03,t,,,2026-05-11 03:00:12.773,2026-05-11 03:05:35.316,
50,0,IPUSDT,SELL,CLOSED,FILLED,0.5793,2026-05-11 03:00:12.773,2026-05-11 03:05:35.316,49,0.5793,0.6068,0.6068,0.5793,"[0.5518000000000001, 0.5243000000000001, 0.4968000000000001]",302.5092209128358,6.050184418256716,127.4498848544043,220.0067061184263,8.426181818181826,15.12546104564179,"[{""pnlR"": 0.5, ""price"": 0.5518000000000001, ""pnlUsd"": 3.025092209128359, ""reason"": ""TP1"", ""percent"": 50, ""closedAt"": ""2026-05-12T01:41:19.819Z""}, {""pnlR"": 0.5824703636363657, ""price"": 0.54726413, ""pnlUsd"": 3.524053118169063, ""reason"": ""MANUAL"", ""percent"": 50, ""closedAt"": ""2026-05-12T10:39:59.018Z""}]",1.082470363636366,6.549145327297422,0.06773039166901221,0.01805485033760085,6.48141493562841,0.07,0.05,0.02,0.03,t,0.54726413,2026-05-12 10:39:59.018,2026-05-11 03:05:35.316,2026-05-12 10:39:59.018,
51,0,ORDIUSDT,BUY,CANCELLED,CANCELLED_OTHER_SIDE,5.367,2026-05-11 03:00:13.56,,52,5.367,5.179,5.179,5.179,"[5.555, 5.742999999999999, 5.930999999999999]",0,0,0,0,,,[],0,0,0,0,0,0.07,0.05,0.02,0.03,t,,,2026-05-11 03:00:13.56,2026-05-11 03:13:03.314,
52,0,ORDIUSDT,SELL,CLOSED,FILLED,5.179,2026-05-11 03:00:13.56,2026-05-11 03:13:03.314,51,5.179,5.367,5.367,4.803000000000001,"[4.991000000000001, 4.803000000000001, 4.615000000000001]",302.066698159315,6.0413339631863,166.4258967837335,32.13475512333143,11.01914893617023,15.10333490796575,"[{""pnlR"": 0.4999999999999976, ""price"": 4.991000000000001, ""pnlUsd"": 3.020666981593136, ""reason"": ""TP1"", ""percent"": 50, ""closedAt"": ""2026-05-11T14:23:07.857Z""}, {""pnlR"": 0.6, ""price"": 4.803000000000001, ""pnlUsd"": 3.62480037791178, ""reason"": ""TP2"", ""percent"": 30, ""closedAt"": ""2026-05-11T23:03:18.713Z""}, {""pnlR"": 0.6000000000000001, ""price"": 4.615000000000001, ""pnlUsd"": 3.62480037791178, ""reason"": ""TP3"", ""percent"": 20, ""closedAt"": ""2026-05-12T14:31:04.345Z""}]",1.699999999999998,10.2702677374167,0.06451630516601005,0,10.20575143225069,0.07,0.05,0.02,0.03,t,4.616,2026-05-12 14:29:59.999,2026-05-11 03:13:03.314,2026-05-12 14:31:04.479,
53,0,ARUSDT,BUY,CANCELLED,CANCELLED_OTHER_SIDE,2.5307,2026-05-11 03:00:14.346,,54,2.5307,2.4354,2.4354,2.4354,"[2.626, 2.7213, 2.8166]",0,0,0,0,,,[],0,0,0,0,0,0.07,0.05,0.02,0.03,t,,,2026-05-11 03:00:14.346,2026-05-11 03:12:58.883,
54,0,ARUSDT,SELL,CLOSED,FILLED,2.4354,2026-05-11 03:00:14.346,2026-05-11 03:12:58.883,53,2.4354,2.5307,2.5307,2.4354,"[2.3401, 2.2448, 2.1495]",302.0975786815866,6.041951573631732,154.4026113580559,63.39928198983983,10.22203567681008,15.10487893407933,"[{""pnlR"": 0.5, ""price"": 2.3401, ""pnlUsd"": 3.020975786815866, ""reason"": ""TP1"", ""percent"": 50, ""closedAt"": ""2026-05-11T22:35:12.727Z""}, {""pnlR"": 0.6033792759706184, ""price"": 2.32039591, ""pnlUsd"": 3.645588365947452, ""reason"": ""MANUAL"", ""percent"": 50, ""closedAt"": ""2026-05-12T20:34:06.298Z""}]",1.103379275970618,6.666564152763319,0.08249444690659385,0.02206009716477893,6.584069705856725,0.07,0.05,0.02,0.03,t,2.32039591,2026-05-12 20:34:06.298,2026-05-11 03:12:58.883,2026-05-12 20:34:06.298,
55,0,DOGEUSDT,BUY,CANCELLED,CANCELLED_OTHER_SIDE,0.11271,2026-05-11 03:00:15.136,,56,0.11271,0.10937,0.10937,0.10937,"[0.11605, 0.11939, 0.12273]",0,0,0,0,,,[],0,0,0,0,0,0.07,0.05,0.02,0.03,t,,,2026-05-11 03:00:15.136,2026-05-11 03:08:00.863,
56,0,DOGEUSDT,SELL,CLOSED,FILLED,0.10937,2026-05-11 03:00:15.136,2026-05-11 03:08:00.863,55,0.10937,0.11271,0.11271,0.11271,"[0.10603, 0.10269, 0.09934999999999997]",302.3650197569306,6.047300395138612,198.0219294060803,1810.568980580418,13.09820359281433,15.11825098784653,"[{""pnlR"": -0.2763706586826321, ""price"": 0.110293078, ""pnlUsd"": -1.6712963934562, ""reason"": ""MANUAL"", ""percent"": 100, ""closedAt"": ""2026-05-12T07:28:55.996Z""}]",-0.2763706586826321,-1.6712963934562,0.1394509987809843,0.05989000073962449,-1.810747392237184,0.07,0.05,0.02,0.03,t,0.110293078,2026-05-12 07:28:55.996,2026-05-11 03:08:00.863,2026-05-12 07:28:55.996,
57,0,TRUMPUSDT,BUY,CANCELLED,CANCELLED_OTHER_SIDE,2.492,2026-05-11 03:02:04.717,,58,2.492,2.448,2.448,2.448,"[2.536, 2.58, 2.624]",0,0,0,0,,,[],0,0,0,0,0,0.07,0.05,0.02,0.03,t,,,2026-05-11 03:02:04.717,2026-05-11 03:12:08.963,
58,0,TRUMPUSDT,SELL,CLOSED,FILLED,2.448,2026-05-11 03:02:04.717,2026-05-11 03:12:08.963,57,2.448,2.492,2.492,2.448,"[2.404, 2.36, 2.316]",302.2955423516279,6.045910847032558,336.3724943985384,137.4070647052853,22.25454545454544,15.11477711758139,"[{""pnlR"": 0.5, ""price"": 2.404, ""pnlUsd"": 3.022955423516279, ""reason"": ""TP1"", ""percent"": 50, ""closedAt"": ""2026-05-11T13:36:19.976Z""}, {""pnlR"": -0.008345454545452286, ""price"": 2.4487344, ""pnlUsd"": -0.05045587415976716, ""reason"": ""SL"", ""percent"": 50, ""closedAt"": ""2026-05-11T19:42:48.657Z""}]",0.4916545454545477,2.972499549356512,0.1844255087715728,0.05045587415976716,2.788074040584939,0.07,0.05,0.02,0.03,t,2.448,2026-05-11 19:39:59.999,2026-05-11 03:12:08.963,2026-05-11 19:42:48.758,
59,0,KASUSDT,BUY,CANCELLED,CANCELLED_OTHER_SIDE,0.03883,2026-05-11 03:07:04.715,,60,0.03883,0.03842,0.03842,0.03842,"[0.03924, 0.03965, 0.04006000000000001]",0,0,0,0,,,[],0,0,0,0,0,0.07,0.05,0.02,0.03,t,,,2026-05-11 03:07:04.715,2026-05-11 03:37:20.557,
60,0,KASUSDT,SELL,SL_HIT,FILLED,0.03842,2026-05-11 03:07:04.715,2026-05-11 03:37:20.557,59,0.03842,0.03883,0.03883,0.03883,"[0.03801, 0.0376, 0.03719]",301.7720263075995,6.03544052615199,565.564939060388,14720.58664915117,25,22.62259756241552,"[{""pnlR"": -1.02841219512194, ""price"": 0.038841649, ""pnlUsd"": -6.206920640027885, ""reason"": ""SL"", ""percent"": 100, ""closedAt"": ""2026-05-11T03:52:13.994Z""}]",-1.02841219512194,-6.206920640027885,0.3989989176622856,0.1714801138758961,-6.605919557690171,0.07,0.05,0.02,0.03,t,0.03885,2026-05-11 03:49:59.999,2026-05-11 03:37:20.557,2026-05-11 03:52:14.095,
61,0,SHIB1000USDT,BUY,CANCELLED,CANCELLED_OTHER_SIDE,0.006617,2026-05-11 03:08:04.794,,62,0.006617,0.006492,0.006492,0.006492,"[0.006741999999999999, 0.006866999999999998, 0.006991999999999997]",0,0,0,0,,,[],0,0,0,0,0,0.07,0.05,0.02,0.03,t,,,2026-05-11 03:08:04.794,2026-05-11 03:12:48.214,
62,0,SHIB1000USDT,SELL,SL_HIT,FILLED,0.006492,2026-05-11 03:08:04.794,2026-05-11 03:12:48.214,61,0.006492,0.006617,0.006617,0.006617,"[0.006367000000000001, 0.006242000000000002, 0.006117000000000003]",302.2049578358183,6.044099156716365,313.906333803223,48352.79325373122,20.77440000000012,15.11024789179091,"[{""pnlR"": -1.0158808, ""price"": 0.0066189851, ""pnlUsd"": -6.140084286604346, ""reason"": ""SL"", ""percent"": 100, ""closedAt"": ""2026-05-11T17:25:00.157Z""}]",-1.0158808,-6.140084286604346,0.2228044758055583,0.09598512988797968,-6.362888762409905,0.07,0.05,0.02,0.03,t,0.006615,2026-05-11 17:24:59.999,2026-05-11 03:12:48.214,2026-05-11 17:25:00.59,
63,0,FARTCOINUSDT,BUY,CANCELLED,CANCELLED_OTHER_SIDE,0.2663,2026-05-11 03:10:05.316,,64,0.2663,0.25317,0.25317,0.25317,"[0.27943, 0.2925599999999999, 0.3056899999999999]",0,0,0,0,,,[],0,0,0,0,0,0.07,0.05,0.02,0.03,t,,,2026-05-11 03:10:05.316,2026-05-11 03:12:48.176,
64,0,FARTCOINUSDT,SELL,CLOSED,FILLED,0.25317,2026-05-11 03:10:05.316,2026-05-11 03:12:48.176,63,0.25317,0.2663,0.2663,0.2663,"[0.24004, 0.2269100000000001, 0.2137800000000001]",302.2282678527482,6.044565357054965,116.5500846493228,460.362936561689,7.712718964204129,15.11141339263741,"[{""pnlR"": 0.09325506473724478, ""price"": 0.251945561, ""pnlUsd"": 0.5636863336806679, ""reason"": ""MANUAL"", ""percent"": 100, ""closedAt"": ""2026-05-12T07:29:02.999Z""}]",0.09325506473724478,0.5636863336806679,0.08130321608768563,0.0347854838495386,0.4823831175929822,0.07,0.05,0.02,0.03,t,0.251945561,2026-05-12 07:29:02.999,2026-05-11 03:12:48.176,2026-05-12 07:29:02.999,
65,0,AEROUSDT,BUY,CLOSED,FILLED,0.5322,2026-05-11 03:13:04.716,2026-05-11 05:35:00.517,,0.5322,0.5162,0.5162,0.5322,"[0.5482, 0.5642, 0.5802]",288.7986494498829,5.775972988997657,192.1233015465344,360.9983118123533,13.30499999999999,14.43993247249414,"[{""pnlR"": 0.5, ""price"": 0.5482, ""pnlUsd"": 2.887986494498829, ""reason"": ""TP1"", ""percent"": 50, ""closedAt"": ""2026-05-11T11:15:38.116Z""}, {""pnlR"": -0.00498937500000018, ""price"": 0.53204034, ""pnlUsd"": -0.02881849523198123, ""reason"": ""SL"", ""percent"": 50, ""closedAt"": ""2026-05-11T12:59:43.421Z""}]",0.4950106249999998,2.859167999266848,0.1062310039018777,0.02881849523198123,2.75293699536497,0.07,0.05,0.02,0.03,t,0.5321,2026-05-11 12:54:59.999,2026-05-11 05:35:00.517,2026-05-11 12:59:43.523,
66,0,POLUSDT,BUY,CANCELLED,CANCELLED_OTHER_SIDE,0.10465,2026-05-11 03:13:04.91,,67,0.10465,0.1032,0.1032,0.1032,"[0.1061, 0.10755, 0.109]",0,0,0,0,,,[],0,0,0,0,0,0.07,0.05,0.02,0.03,t,,,2026-05-11 03:13:04.91,2026-05-11 03:13:08.087,
67,0,POLUSDT,SELL,SL_HIT,FILLED,0.1032,2026-05-11 03:13:04.91,2026-05-11 03:13:08.087,66,0.1032,0.10465,0.10465,0.10465,"[0.10175, 0.1003, 0.09884999999999998]",302.0334129799583,6.040668259599166,429.9289409590559,4165.978110068371,28.46896551724125,15.10167064899792,"[{""pnlR"": -1.021651724137924, ""price"": 0.104681395, ""pnlUsd"": -6.17145914236472, ""reason"": ""SL"", ""percent"": 100, ""closedAt"": ""2026-05-11T09:13:32.094Z""}]",-1.021651724137924,-6.17145914236472,0.3040359882425215,0.1307908827655533,-6.475495130607242,0.07,0.05,0.02,0.03,t,0.10467,2026-05-11 09:09:59.999,2026-05-11 03:13:08.087,2026-05-11 09:13:32.316,
68,0,VVVUSDT,BUY,CLOSED,FILLED,15.65,2026-05-11 03:13:05.121,2026-05-11 05:18:59.858,69,15.65,14.897,14.897,17.156,"[16.403, 17.156, 17.909]",288.8226604705276,5.776453209410551,120.0551032234729,7.671252602138845,8.313413014608232,14.44113302352638,"[{""pnlR"": 0.4999999999999988, ""price"": 16.403, ""pnlUsd"": 2.888226604705269, ""reason"": ""TP1"", ""percent"": 50, ""closedAt"": ""2026-05-11T06:13:19.086Z""}, {""pnlR"": 0.5999999999999992, ""price"": 17.156, ""pnlUsd"": 3.465871925646327, ""reason"": ""TP2"", ""percent"": 30, ""closedAt"": ""2026-05-11T06:26:55.192Z""}, {""pnlR"": 0.5999999999999995, ""price"": 17.909, ""pnlUsd"": 3.465871925646328, ""reason"": ""TP3"", ""percent"": 20, ""closedAt"": ""2026-05-11T08:16:37.184Z""}]",1.699999999999998,9.819970455997925,0.04998603538058877,0,9.769984420617337,0.07,0.05,0.02,0.03,t,17.924,2026-05-11 08:14:59.999,2026-05-11 05:18:59.858,2026-05-11 08:16:37.476,
69,0,VVVUSDT,SELL,CANCELLED,CANCELLED_OTHER_SIDE,14.897,2026-05-11 03:13:05.121,,68,14.897,15.65,15.65,15.65,"[14.144, 13.391, 12.638]",0,0,0,0,,,[],0,0,0,0,0,0.07,0.05,0.02,0.03,t,,,2026-05-11 03:13:05.121,2026-05-11 05:18:59.858,
70,0,USELESSUSDT,BUY,CLOSED,FILLED,0.05768,2026-05-11 03:14:04.717,2026-05-11 15:25:01.316,,0.05768,0.05471,0.05471,0.06362000000000001,"[0.06065, 0.06362000000000001, 0.06659000000000001]",296.2803442631551,5.925606885263102,115.0804731117763,1995.15383342192,7.768350168350168,14.81401721315775,"[{""pnlR"": 0.5, ""price"": 0.06065, ""pnlUsd"": 2.962803442631551, ""reason"": ""TP1"", ""percent"": 50, ""closedAt"": ""2026-05-11T16:25:35.187Z""}, {""pnlR"": 0.6000000000000006, ""price"": 0.06362000000000001, ""pnlUsd"": 3.555364131157865, ""reason"": ""TP2"", ""percent"": 30, ""closedAt"": ""2026-05-11T17:37:22.137Z""}, {""pnlR"": 0.6000000000000005, ""price"": 0.06659000000000001, ""pnlUsd"": 3.555364131157865, ""reason"": ""TP3"", ""percent"": 20, ""closedAt"": ""2026-05-11T18:21:27.482Z""}]",1.700000000000002,10.07353170494728,0.04804689558570001,0,10.02548480936158,0.07,0.05,0.02,0.03,t,0.06664,2026-05-11 18:19:59.999,2026-05-11 15:25:01.316,2026-05-11 18:21:27.6,
71,0,SIRENUSDT,BUY,CANCELLED,CANCELLED_OTHER_SIDE,1.17884,2026-05-11 03:15:05.298,,72,1.17884,1.14946,1.14946,1.14946,"[1.20822, 1.2376, 1.266980000000001]",0,0,0,0,,,[],0,0,0,0,0,0.07,0.05,0.02,0.03,t,,,2026-05-11 03:15:05.298,2026-05-11 03:25:13.519,
72,0,SIRENUSDT,SELL,CLOSED,FILLED,1.14946,2026-05-11 03:15:05.298,2026-05-11 03:25:13.519,71,1.14946,1.17884,1.17884,1.12008,"[1.12008, 1.0907, 1.061319999999999]",301.9013432430159,6.038026864860318,236.2311218544008,205.5148694642709,15.64955752212379,15.09506716215079,"[{""pnlR"": 0.4999999999999962, ""price"": 1.12008, ""pnlUsd"": 3.019013432430135, ""reason"": ""TP1"", ""percent"": 50, ""closedAt"": ""2026-05-11T06:30:10.993Z""}, {""pnlR"": 0.5999999999999954, ""price"": 1.0907, ""pnlUsd"": 3.622816118916163, ""reason"": ""TP2"", ""percent"": 30, ""closedAt"": ""2026-05-11T06:54:09.421Z""}, {""pnlR"": 0.1977125663716807, ""price"": 1.120416024, ""pnlUsd"": 1.193793787272687, ""reason"": ""SL"", ""percent"": 20, ""closedAt"": ""2026-05-11T07:01:49.305Z""}]",1.297712566371673,7.835623338618984,0.1067410532491188,0.01381158569936747,7.728882285369866,0.07,0.05,0.02,0.03,t,1.12255,2026-05-11 06:59:59.999,2026-05-11 03:25:13.519,2026-05-11 07:01:49.419,
73,0,1000BONKUSDT,BUY,EXPIRED,CANCELLED_EOD,0.007743,2026-05-11 03:37:04.732,,,0.007743,0.007411,0.007411,0.007411,"[0.008074999999999999, 0.008407, 0.008739]",0,0,0,0,,,[],0,0,0,0,0,0.07,0.05,0.02,0.03,t,,,2026-05-11 03:37:04.732,2026-05-12 23:55:43.157,
74,0,ETHUSDT,BUY,CANCELLED,CANCELLED_OTHER_SIDE,2339.66,2026-05-12 03:00:27.829,,75,2339.66,2292.61,2292.61,2292.61,"[2386.71, 2433.759999999999, 2480.809999999999]",0,0,0,0,,,[],0,0,0,0,0,0.07,0.05,0.02,0.03,t,,,2026-05-12 03:00:27.829,2026-05-12 07:48:48.331,
75,0,ETHUSDT,SELL,CLOSED,FILLED,2292.61,2026-05-12 03:00:27.829,2026-05-12 07:48:48.331,74,2292.61,2339.66,2339.66,2339.66,"[2245.56, 2198.510000000001, 2151.460000000001]",307.0902159840522,6.141804319681044,299.272306085952,0.1305378176340293,19.49083953241244,15.35451079920261,"[{""pnlR"": 0.2198836556854437, ""price"": 2282.264474, ""pnlUsd"": 1.350482386316117, ""reason"": ""MANUAL"", ""percent"": 100, ""closedAt"": ""2026-05-12T20:34:06.267Z""}]",0.2198836556854437,1.350482386316117,0.2088153730670083,0.0893497421872524,1.141667013249108,0.07,0.05,0.02,0.03,t,2282.264474,2026-05-12 20:34:06.268,2026-05-12 07:48:48.331,2026-05-12 20:34:06.268,2026-05-12 23:55:00
76,0,AAVEUSDT,BUY,CANCELLED,CANCELLED_OTHER_SIDE,101.3,2026-05-12 03:00:28.625,,77,101.3,98.94,98.94,98.94,"[103.66, 106.02, 108.38]",0,0,0,0,,,[],0,0,0,0,0,0.07,0.05,0.02,0.03,t,,,2026-05-12 03:00:28.625,2026-05-12 08:15:21.781,
77,0,AAVEUSDT,SELL,CLOSED,FILLED,98.94,2026-05-12 03:00:28.625,2026-05-12 08:15:21.781,76,98.94,101.3,101.3,98.94,"[96.58, 94.22, 91.86]",309.8332749011441,6.196665498022882,259.7873238874508,2.625705719501222,16.76949152542373,15.4916637450572,"[{""pnlR"": 0.5, ""price"": 96.58, ""pnlUsd"": 3.098332749011441, ""reason"": ""TP1"", ""percent"": 50, ""closedAt"": ""2026-05-12T13:57:10.799Z""}, {""pnlR"": 0.4875036016949157, ""price"": 96.638983, ""pnlUsd"": 3.020896748784774, ""reason"": ""MANUAL"", ""percent"": 50, ""closedAt"": ""2026-05-12T20:34:06.270Z""}]",0.9875036016949157,6.119229497796215,0.1407529132139033,0.03805041443414756,5.978476584582311,0.07,0.05,0.02,0.03,t,96.638983,2026-05-12 20:34:06.27,2026-05-12 08:15:21.781,2026-05-12 20:34:06.27,2026-05-12 23:55:00
78,0,SEIUSDT,BUY,CANCELLED,CANCELLED_OTHER_SIDE,0.07714,2026-05-12 03:00:29.734,,79,0.07714,0.07302,0.07302,0.07302,"[0.08126, 0.08538, 0.0895]",0,0,0,0,,,[],0,0,0,0,0,0.07,0.05,0.02,0.03,t,,,2026-05-12 03:00:29.734,2026-05-12 07:02:30.35,
79,0,SEIUSDT,SELL,CLOSED,FILLED,0.07302,2026-05-12 03:00:29.734,2026-05-12 07:02:30.35,78,0.07302,0.07714,0.07714,0.07302,"[0.0689, 0.06478, 0.06066000000000001]",305.2614768674234,6.105229537348468,108.2048205866955,1481.851829453512,7.089320388349517,15.26307384337117,"[{""pnlR"": 0.5, ""price"": 0.0689, ""pnlUsd"": 3.052614768674234, ""reason"": ""TP1"", ""percent"": 50, ""closedAt"": ""2026-05-12T16:51:04.002Z""}, {""pnlR"": 0.3542446601941753, ""price"": 0.070101024, ""pnlUsd"": 2.16274496286545, ""reason"": ""MANUAL"", ""percent"": 50, ""closedAt"": ""2026-05-12T20:34:06.276Z""}]",0.8542446601941753,5.215359731539684,0.05782075588751492,0.01557722643121124,5.157538975652169,0.07,0.05,0.02,0.03,t,0.070101024,2026-05-12 20:34:06.276,2026-05-12 07:02:30.35,2026-05-12 20:34:06.276,
80,0,MUSDT,BUY,CANCELLED,CANCELLED_OTHER_SIDE,3.3036,2026-05-12 03:00:30.522,,81,3.3036,3.251,3.251,3.251,"[3.3562, 3.4088, 3.4614]",0,0,0,0,,,[],0,0,0,0,0,0.07,0.05,0.02,0.03,t,,,2026-05-12 03:00:30.522,2026-05-12 03:20:33.255,
81,0,MUSDT,SELL,SL_HIT,FILLED,3.251,2026-05-12 03:00:30.522,2026-05-12 03:20:33.255,80,3.251,3.3036,3.3036,3.3036,"[3.1984, 3.1458, 3.0932]",294.8318335051295,5.89663667010259,364.4480192871393,112.1033587471976,24.72243346007605,14.74159167525647,"[{""pnlR"": -1.018841825095055, ""price"": 3.30459108, ""pnlUsd"": -6.007740066889755, ""reason"": ""SL"", ""percent"": 100, ""closedAt"": ""2026-05-12T18:37:50.359Z""}]",-1.018841825095055,-6.007740066889755,0.2581174835344425,0.1111033967871639,-6.265857550424197,0.07,0.05,0.02,0.03,t,3.2965,2026-05-12 18:34:59.999,2026-05-12 03:20:33.255,2026-05-12 18:37:50.85,
82,0,LDOUSDT,BUY,CANCELLED,CANCELLED_OTHER_SIDE,0.4114,2026-05-12 03:00:33.488,,83,0.4114,0.3996,0.3996,0.3996,"[0.4232, 0.4349999999999999, 0.4467999999999999]",0,0,0,0,,,[],0,0,0,0,0,0.07,0.05,0.02,0.03,t,,,2026-05-12 03:00:33.488,2026-05-12 03:47:27.352,
83,0,LDOUSDT,SELL,CLOSED,FILLED,0.3996,2026-05-12 03:00:33.488,2026-05-12 03:47:27.352,82,0.3996,0.4114,0.4114,0.3996,"[0.3878, 0.3760000000000001, 0.3642000000000001]",294.6508797585329,5.893017595170658,199.5635450025593,499.4082707771754,13.54576271186443,14.73254398792665,"[{""pnlR"": 0.5000000000000023, ""price"": 0.3878, ""pnlUsd"": 2.946508797585343, ""reason"": ""TP1"", ""percent"": 50, ""closedAt"": ""2026-05-12T14:50:51.757Z""}, {""pnlR"": 0.08816864406779931, ""price"": 0.39751922, ""pnlUsd"": 0.5195793708338805, ""reason"": ""MANUAL"", ""percent"": 50, ""closedAt"": ""2026-05-12T20:34:06.283Z""}]",0.5881686440678017,3.466088168419224,0.1089108583064736,0.0297697270210213,3.35717731011275,0.07,0.05,0.02,0.03,t,0.39751922,2026-05-12 20:34:06.283,2026-05-12 03:47:27.352,2026-05-12 20:34:06.283,
84,0,ZECUSDT,BUY,SL_HIT,FILLED,562.7,2026-05-12 03:00:34.282,2026-05-12 07:23:51.768,85,562.7,546.77,546.77,546.77,"[578.6300000000001, 594.5600000000002, 610.4900000000002]",305.1951888825321,6.103903777650642,215.6099595532958,0.3831703564124681,14.12931575643435,15.2597594441266,"[{""pnlR"": -1.010296986817327, ""price"": 546.605969, ""pnlUsd"": -6.166755594383344, ""reason"": ""SL"", ""percent"": 100, ""closedAt"": ""2026-05-12T10:39:58.875Z""}]",-1.010296986817327,-6.166755594383344,0.1478435938901154,0.06285181673270225,-6.314599188273459,0.07,0.05,0.02,0.03,t,546.47,2026-05-12 10:34:59.999,2026-05-12 07:23:51.768,2026-05-12 10:39:59.04,
85,0,ZECUSDT,SELL,CANCELLED,CANCELLED_OTHER_SIDE,546.77,2026-05-12 03:00:34.282,,84,546.77,562.7,562.7,562.7,"[530.8399999999999, 514.9099999999999, 498.9799999999998]",0,0,0,0,,,[],0,0,0,0,0,0.07,0.05,0.02,0.03,t,,,2026-05-12 03:00:34.282,2026-05-12 07:23:51.768,
86,0,STXUSDT,BUY,CANCELLED,CANCELLED_OTHER_SIDE,0.2719,2026-05-12 03:00:35.075,,87,0.2719,0.2641,0.2641,0.2641,"[0.2796999999999999, 0.2874999999999999, 0.2952999999999999]",0,0,0,0,,,[],0,0,0,0,0,0.07,0.05,0.02,0.03,t,,,2026-05-12 03:00:35.075,2026-05-12 04:02:32.131,
87,0,STXUSDT,SELL,CLOSED,FILLED,0.2641,2026-05-12 03:00:35.075,2026-05-12 04:02:32.131,86,0.2641,0.2719,0.2719,0.2719,"[0.2563, 0.2485000000000001, 0.2407000000000001]",294.5631318484334,5.891262636968667,199.4721105671065,755.2900816626523,13.54358974358979,14.72815659242167,"[{""pnlR"": -0.3948884615384647, ""price"": 0.26718013, ""pnlUsd"": -2.326391639231596, ""reason"": ""MANUAL"", ""percent"": 100, ""closedAt"": ""2026-05-12T20:34:06.274Z""}]",-0.3948884615384647,-2.326391639231596,0.1407936732165903,0.06052139424363707,-2.467185312448186,0.07,0.05,0.02,0.03,t,0.26718013,2026-05-12 20:34:06.274,2026-05-12 04:02:32.131,2026-05-12 20:34:06.274,
88,0,TRUMPUSDT,BUY,CANCELLED,CANCELLED_OTHER_SIDE,2.439,2026-05-12 03:00:35.871,,89,2.439,2.386,2.386,2.386,"[2.492, 2.545, 2.598]",0,0,0,0,,,[],0,0,0,0,0,0.07,0.05,0.02,0.03,t,,,2026-05-12 03:00:35.871,2026-05-12 07:00:20.89,
89,0,TRUMPUSDT,SELL,CLOSED,FILLED,2.386,2026-05-12 03:00:35.871,2026-05-12 07:00:20.89,88,2.386,2.439,2.439,2.386,"[2.333, 2.28, 2.227]",305.3164568724119,6.106329137448238,274.9000249424814,115.2137573103443,18.00754716981135,15.26582284362059,"[{""pnlR"": 0.5, ""price"": 2.333, ""pnlUsd"": 3.05316456872412, ""reason"": ""TP1"", ""percent"": 50, ""closedAt"": ""2026-05-12T11:24:10.438Z""}, {""pnlR"": 0.3707188679245277, ""price"": 2.3467038, ""pnlUsd"": 2.26373142500937, ""reason"": ""MANUAL"", ""percent"": 50, ""closedAt"": ""2026-05-12T20:34:06.280Z""}]",0.8707188679245277,5.31689599373349,0.1494525150921153,0.04054372119751841,5.167443478641374,0.07,0.05,0.02,0.03,t,2.3467038,2026-05-12 20:34:06.28,2026-05-12 07:00:20.89,2026-05-12 20:34:06.28,
90,0,KASUSDT,BUY,CANCELLED,CANCELLED_OTHER_SIDE,0.04076,2026-05-12 03:00:36.661,,91,0.04076,0.03978,0.03978,0.03978,"[0.04173999999999999, 0.04271999999999999, 0.04369999999999998]",0,0,0,0,,,[],0,0,0,0,0,0.07,0.05,0.02,0.03,t,,,2026-05-12 03:00:36.661,2026-05-12 03:56:31.45,
91,0,KASUSDT,SELL,CLOSED,FILLED,0.03978,2026-05-12 03:00:36.661,2026-05-12 03:56:31.45,90,0.03978,0.04076,0.04076,0.03880000000000001,"[0.03880000000000001, 0.03782000000000001, 0.03684000000000002]",294.6109670495323,5.892219340990646,239.1760054944992,6012.46871529661,16.23673469387764,14.73054835247661,"[{""pnlR"": 0.5, ""price"": 0.03880000000000001, ""pnlUsd"": 2.946109670495323, ""reason"": ""TP1"", ""percent"": 50, ""closedAt"": ""2026-05-12T08:14:03.700Z""}, {""pnlR"": 0.6, ""price"": 0.03782000000000001, ""pnlUsd"": 3.535331604594388, ""reason"": ""TP2"", ""percent"": 30, ""closedAt"": ""2026-05-12T14:33:29.056Z""}, {""pnlR"": 0.2976544897959209, ""price"": 0.038321493, ""pnlUsd"": 1.753845541708228, ""reason"": ""MANUAL"", ""percent"": 20, ""closedAt"": ""2026-05-12T20:34:06.261Z""}]",1.397654489795921,8.23528681679794,0.1078477515015975,0.01382026058898236,8.127439065296342,0.07,0.05,0.02,0.03,t,0.038321493,2026-05-12 20:34:06.261,2026-05-12 03:56:31.45,2026-05-12 20:34:06.261,
92,0,SHIB1000USDT,BUY,SL_HIT,FILLED,0.006604,2026-05-12 03:00:37.45,2026-05-12 06:21:28.733,93,0.006604,0.006506,0.006506,0.006506,"[0.006702, 0.0068, 0.006898]",304.2684437113132,6.085368874226264,410.0793474019413,62095.60075741086,25,16.40317389607765,"[{""pnlR"": -1.019916326530607, ""price"": 0.0065040482, ""pnlUsd"": -6.206567067784544, ""reason"": ""SL"", ""percent"": 100, ""closedAt"": ""2026-05-12T09:28:44.338Z""}]",-1.019916326530607,-6.206567067784544,0.2839522596474666,0.1211981935582798,-6.49051932743201,0.07,0.05,0.02,0.03,t,0.006506,2026-05-12 09:24:59.999,2026-05-12 06:21:28.733,2026-05-12 09:28:44.965,
93,0,SHIB1000USDT,SELL,CANCELLED,CANCELLED_OTHER_SIDE,0.006506,2026-05-12 03:00:37.45,,92,0.006506,0.006604,0.006604,0.006604,"[0.006408, 0.00631, 0.006212]",0,0,0,0,,,[],0,0,0,0,0,0.07,0.05,0.02,0.03,t,,,2026-05-12 03:00:37.45,2026-05-12 06:21:28.733,
94,0,AEROUSDT,BUY,CANCELLED,CANCELLED_OTHER_SIDE,0.5317,2026-05-12 03:00:38.242,,95,0.5317,0.5132,0.5132,0.5132,"[0.5501999999999999, 0.5686999999999999, 0.5871999999999998]",0,0,0,0,,,[],0,0,0,0,0,0.07,0.05,0.02,0.03,t,,,2026-05-12 03:00:38.242,2026-05-12 03:33:05.119,
95,0,AEROUSDT,SELL,CLOSED,FILLED,0.5132,2026-05-12 03:00:38.242,2026-05-12 03:33:05.119,94,0.5132,0.5317,0.5317,0.4947,"[0.4947, 0.4762000000000001, 0.4577000000000001]",294.6835784855553,5.893671569711106,163.4936351122025,318.5768416060064,11.09621621621624,14.73417892427776,"[{""pnlR"": 0.5000000000000016, ""price"": 0.4947, ""pnlUsd"": 2.946835784855562, ""reason"": ""TP1"", ""percent"": 50, ""closedAt"": ""2026-05-12T10:28:52.799Z""}, {""pnlR"": 0.5999999999999991, ""price"": 0.4762000000000001, ""pnlUsd"": 3.536202941826658, ""reason"": ""TP2"", ""percent"": 30, ""closedAt"": ""2026-05-12T14:08:36.805Z""}, {""pnlR"": 0.3779088648648652, ""price"": 0.47824343, ""pnlUsd"": 2.227270732795852, ""reason"": ""MANUAL"", ""percent"": 20, ""closedAt"": ""2026-05-12T20:34:06.291Z""}]",1.477908864864866,8.710309459478072,0.07279682903987877,0.009138695278309893,8.637512630438193,0.07,0.05,0.02,0.03,t,0.47824343,2026-05-12 20:34:06.291,2026-05-12 03:33:05.119,2026-05-12 20:34:06.291,
96,0,POLUSDT,BUY,CANCELLED,CANCELLED_OTHER_SIDE,0.10323,2026-05-12 03:00:39.027,,97,0.10323,0.10093,0.10093,0.10093,"[0.10553, 0.10783, 0.11013]",0,0,0,0,,,[],0,0,0,0,0,0.07,0.05,0.02,0.03,t,,,2026-05-12 03:00:39.027,2026-05-12 11:15:43.533,
97,0,POLUSDT,SELL,CLOSED,FILLED,0.10093,2026-05-12 03:00:39.027,2026-05-12 11:15:43.533,96,0.10093,0.10323,0.10323,0.10093,"[0.09863000000000001, 0.09633000000000001, 0.09403000000000002]",308.8592743714821,6.177185487429642,271.0710135853369,2685.732820621588,17.5530434782609,15.44296371857411,"[{""pnlR"": 0.5, ""price"": 0.09863000000000001, ""pnlUsd"": 3.088592743714822, ""reason"": ""TP1"", ""percent"": 50, ""closedAt"": ""2026-05-12T16:00:06.280Z""}, {""pnlR"": 0.4892184782608727, ""price"": 0.098679595, ""pnlUsd"": 3.021993284095477, ""reason"": ""MANUAL"", ""percent"": 50, ""closedAt"": ""2026-05-12T20:34:06.253Z""}]",0.9892184782608726,6.110586027810299,0.1469603422811446,0.03974213141313905,5.963625685529155,0.07,0.05,0.02,0.03,t,0.098679595,2026-05-12 20:34:06.254,2026-05-12 11:15:43.533,2026-05-12 20:34:06.254,2026-05-12 23:55:00
98,0,USELESSUSDT,BUY,CLOSED,FILLED,0.0736,2026-05-12 03:00:39.815,2026-05-12 03:32:32.126,99,0.0736,0.06792,0.06792,0.07928,"[0.07928, 0.08496000000000001, 0.09064000000000001]",294.6988530176554,5.893977060353108,76.37266050035007,1037.6720176678,5.183098591549292,14.73494265088277,"[{""pnlR"": 0.5, ""price"": 0.07928, ""pnlUsd"": 2.946988530176554, ""reason"": ""TP1"", ""percent"": 50, ""closedAt"": ""2026-05-12T09:08:55.020Z""}, {""pnlR"": 0.6, ""price"": 0.08496000000000001, ""pnlUsd"": 3.536386236211865, ""reason"": ""TP2"", ""percent"": 30, ""closedAt"": ""2026-05-12T13:32:09.005Z""}, {""pnlR"": 0.1991625352112677, ""price"": 0.079256216, ""pnlUsd"": 1.17385941381698, ""reason"": ""SL"", ""percent"": 20, ""closedAt"": ""2026-05-12T14:42:22.301Z""}]",1.299162535211268,7.657234180205399,0.03701502849034721,0.004935998253641966,7.620219151715052,0.07,0.05,0.02,0.03,t,0.0793,2026-05-12 14:39:59.999,2026-05-12 03:32:32.126,2026-05-12 14:42:22.735,
99,0,USELESSUSDT,SELL,CANCELLED,CANCELLED_OTHER_SIDE,0.06792,2026-05-12 03:00:39.815,,98,0.06792,0.0736,0.0736,0.0736,"[0.06223999999999999, 0.05655999999999999, 0.05087999999999998]",0,0,0,0,,,[],0,0,0,0,0,0.07,0.05,0.02,0.03,t,,,2026-05-12 03:00:39.815,2026-05-12 03:32:32.126,
100,0,SIRENUSDT,BUY,CLOSED,FILLED,1.15846,2026-05-12 03:00:40.587,2026-05-12 03:23:00.654,101,1.15846,1.13573,1.13573,1.18119,"[1.18119, 1.20392, 1.22665]",294.7589439012721,5.895178878025442,300.4544180834718,259.3567478233791,20.38644962604475,14.73794719506361,"[{""pnlR"": 0.4999999999999951, ""price"": 1.18119, ""pnlUsd"": 2.947589439012693, ""reason"": ""TP1"", ""percent"": 50, ""closedAt"": ""2026-05-12T04:20:18.483Z""}, {""pnlR"": 0.5999999999999971, ""price"": 1.20392, ""pnlUsd"": 3.537107326815249, ""reason"": ""TP2"", ""percent"": 30, ""closedAt"": ""2026-05-12T04:53:24.359Z""}, {""pnlR"": 0.1968820325560916, ""price"": 1.180835643, ""pnlUsd"": 1.160654799787389, ""reason"": ""SL"", ""percent"": 20, ""closedAt"": ""2026-05-12T06:23:14.628Z""}]",1.296882032556084,7.64535156561533,0.1400862990714563,0.01838097581768837,7.505265266543874,0.07,0.05,0.02,0.03,t,1.18211,2026-05-12 06:19:59.999,2026-05-12 03:23:00.654,2026-05-12 06:23:14.933,
101,0,SIRENUSDT,SELL,CANCELLED,CANCELLED_OTHER_SIDE,1.13573,2026-05-12 03:00:40.587,,100,1.13573,1.15846,1.15846,1.15846,"[1.113, 1.09027, 1.067539999999999]",0,0,0,0,,,[],0,0,0,0,0,0.07,0.05,0.02,0.03,t,,,2026-05-12 03:00:40.587,2026-05-12 03:23:00.654,
102,0,1000BONKUSDT,BUY,CANCELLED,CANCELLED_OTHER_SIDE,0.007551,2026-05-12 03:00:41.373,,103,0.007551,0.00735,0.00735,0.00735,"[0.007752000000000001, 0.007953000000000002, 0.008154000000000002]",0,0,0,0,,,[],0,0,0,0,0,0.07,0.05,0.02,0.03,t,,,2026-05-12 03:00:41.373,2026-05-12 07:03:02.088,
103,0,1000BONKUSDT,SELL,CLOSED,FILLED,0.00735,2026-05-12 03:00:41.373,2026-05-12 07:03:02.088,102,0.00735,0.007551,0.007551,0.00735,"[0.007148999999999999, 0.006947999999999998, 0.006746999999999998]",305.239835903306,6.104796718066121,223.2351038695813,30372.12297545324,14.62686567164175,15.2619917951653,"[{""pnlR"": 0.5, ""price"": 0.007148999999999999, ""pnlUsd"": 3.052398359033061, ""reason"": ""TP1"", ""percent"": 50, ""closedAt"": ""2026-05-12T11:16:49.326Z""}, {""pnlR"": 0.6165920398009926, ""price"": 0.00710213, ""pnlUsd"": 3.764169060962795, ""reason"": ""MANUAL"", ""percent"": 50, ""closedAt"": ""2026-05-12T20:34:06.258Z""}]",1.116592039800993,6.816567419995856,0.1202867429259817,0.03234631096885001,6.696280677069875,0.07,0.05,0.02,0.03,t,0.00710213,2026-05-12 20:34:06.258,2026-05-12 07:03:02.088,2026-05-12 20:34:06.258,
104,0,VVVUSDT,BUY,CANCELLED,CANCELLED_OTHER_SIDE,18.067,2026-05-12 07:28:27.391,,105,18.067,16.936,16.936,16.936,"[19.198, 20.329, 21.46]",0,0,0,0,,,[],0,0,0,0,0,0.07,0.05,0.02,0.03,t,,,2026-05-12 07:28:27.391,2026-05-12 08:10:50.748,
105,0,VVVUSDT,SELL,CLOSED,FILLED,16.936,2026-05-12 07:28:27.391,2026-05-12 08:10:50.748,104,16.936,18.067,18.067,18.067,"[15.805, 14.674, 13.543]",306.9288778620509,6.138577557241018,91.92126393407061,5.427566363608326,5.989743589743588,15.34644389310255,"[{""pnlR"": 0.811844473916887, ""price"": 16.0178039, ""pnlUsd"": 4.983570267556344, ""reason"": ""MANUAL"", ""percent"": 100, ""closedAt"": ""2026-05-12T20:34:06.288Z""}]",0.811844473916887,4.983570267556344,0.06185309962007125,0.02607348605413186,4.921717167936272,0.07,0.05,0.02,0.03,t,16.0178039,2026-05-12 20:34:06.288,2026-05-12 08:10:50.748,2026-05-12 20:34:06.288,2026-05-12 23:55:00
106,0,ENAUSDT,BUY,CANCELLED,CANCELLED_OTHER_SIDE,0.12889,2026-05-12 07:29:27.329,,107,0.12889,0.12407,0.12407,0.12407,"[0.13371, 0.13853, 0.14335]",0,0,0,0,,,[],0,0,0,0,0,0.07,0.05,0.02,0.03,t,,,2026-05-12 07:29:27.329,2026-05-12 09:16:57.908,
107,0,ENAUSDT,SELL,CLOSED,FILLED,0.12407,2026-05-12 07:29:27.329,2026-05-12 09:16:57.908,106,0.12407,0.12889,0.12889,0.12889,"[0.11925, 0.11443, 0.10961]",312.720079302787,6.25440158605574,160.9924491248827,1297.593690053057,10.29626556016597,15.63600396513935,"[{""pnlR"": 0.479975933609959, ""price"": 0.121756516, ""pnlUsd"": 3.001962240438712, ""reason"": ""MANUAL"", ""percent"": 100, ""closedAt"": ""2026-05-12T20:34:06.265Z""}]",0.479975933609959,3.001962240438712,0.1111937332671986,0.04738293118597785,2.890768507171514,0.07,0.05,0.02,0.03,t,0.121756516,2026-05-12 20:34:06.265,2026-05-12 09:16:57.908,2026-05-12 20:34:06.265,2026-05-12 23:55:00
108,0,DOGEUSDT,BUY,CANCELLED,CANCELLED_OTHER_SIDE,0.11154,2026-05-12 07:29:27.548,,109,0.11154,0.10963,0.10963,0.10963,"[0.11345, 0.11536, 0.11727]",0,0,0,0,,,[],0,0,0,0,0,0.07,0.05,0.02,0.03,t,,,2026-05-12 07:29:27.548,2026-05-12 08:03:15.935,
109,0,DOGEUSDT,SELL,CLOSED,FILLED,0.10963,2026-05-12 07:29:27.548,2026-05-12 08:03:15.935,108,0.10963,0.11154,0.11154,0.10963,"[0.10772, 0.10581, 0.1039]",307.030361522835,6.1406072304567,352.4579951177853,3214.977607568962,22.95916230366499,15.35151807614175,"[{""pnlR"": 0.5000000000000037, ""price"": 0.10772, ""pnlUsd"": 3.070303615228373, ""reason"": ""TP1"", ""percent"": 50, ""closedAt"": ""2026-05-12T16:47:25.306Z""}, {""pnlR"": -0.008609685863872871, ""price"": 0.109662889, ""pnlUsd"": -0.05286869926765861, ""reason"": ""SL"", ""percent"": 50, ""closedAt"": ""2026-05-12T19:13:59.630Z""}]",0.4913903141361308,3.017434915960715,0.1932642709413701,0.05286869926765861,2.824170645019345,0.07,0.05,0.02,0.03,t,0.10965,2026-05-12 19:09:59.999,2026-05-12 08:03:15.935,2026-05-12 19:13:59.75,2026-05-12 23:55:00
110,0,FARTCOINUSDT,BUY,CANCELLED,CANCELLED_OTHER_SIDE,0.259,2026-05-12 07:29:27.766,,111,0.259,0.24913,0.24913,0.24913,"[0.2688700000000001, 0.27874, 0.28861]",0,0,0,0,,,[],0,0,0,0,0,0.07,0.05,0.02,0.03,t,,,2026-05-12 07:29:27.766,2026-05-12 08:03:17.8,
111,0,FARTCOINUSDT,SELL,CLOSED,FILLED,0.24913,2026-05-12 07:29:27.766,2026-05-12 08:03:17.8,110,0.24913,0.259,0.259,0.23926,"[0.23926, 0.22939, 0.2195199999999999]",306.9598699238114,6.139197398476228,154.9603088026727,622.0058154484516,10.0964539007092,15.34799349619057,"[{""pnlR"": 0.4999999999999986, ""price"": 0.23926, ""pnlUsd"": 3.069598699238105, ""reason"": ""TP1"", ""percent"": 50, ""closedAt"": ""2026-05-12T11:39:39.480Z""}, {""pnlR"": 0.5999999999999983, ""price"": 0.22939, ""pnlUsd"": 3.683518439085726, ""reason"": ""TP2"", ""percent"": 30, ""closedAt"": ""2026-05-12T16:00:10.878Z""}, {""pnlR"": 0.3343512056737583, ""price"": 0.232629768, ""pnlUsd"": 2.052648052049727, ""reason"": ""MANUAL"", ""percent"": 20, ""closedAt"": ""2026-05-12T20:34:06.301Z""}]",1.434351205673755,8.805765190373558,0.06890479459553983,0.008679220346441242,8.736860395778018,0.07,0.05,0.02,0.03,t,0.232629768,2026-05-12 20:34:06.301,2026-05-12 08:03:17.8,2026-05-12 20:34:06.301,2026-05-12 23:55:00
112,0,DYDXUSDT,BUY,CANCELLED,CANCELLED_OTHER_SIDE,0.16638,2026-05-12 10:40:43.273,,113,0.16638,0.16219,0.16219,0.16219,"[0.17057, 0.17476, 0.17895]",0,0,0,0,,,[],0,0,0,0,0,0.07,0.05,0.02,0.03,t,,,2026-05-12 10:40:43.273,2026-05-12 12:08:01.128,
113,0,DYDXUSDT,SELL,CLOSED,FILLED,0.16219,2026-05-12 10:40:43.273,2026-05-12 12:08:01.128,112,0.16219,0.16638,0.16638,0.16219,"[0.158, 0.15381, 0.14962]",317.9167472843244,6.358334945686488,246.123709985893,1517.502373672193,15.48353221957041,15.89583736421622,"[{""pnlR"": 0.5, ""price"": 0.158, ""pnlUsd"": 3.179167472843244, ""reason"": ""TP1"", ""percent"": 50, ""closedAt"": ""2026-05-12T14:51:14.262Z""}, {""pnlR"": 0.4430156324582367, ""price"": 0.158477529, ""pnlUsd"": 2.816841777344608, ""reason"": ""MANUAL"", ""percent"": 50, ""closedAt"": ""2026-05-12T20:34:06.294Z""}]",0.9430156324582366,5.996009250187852,0.1333237861090002,0.0360626851591257,5.862685464078852,0.07,0.05,0.02,0.03,t,0.158477529,2026-05-12 20:34:06.294,2026-05-12 12:08:01.128,2026-05-12 20:34:06.294,2026-05-12 23:55:00
114,0,IPUSDT,BUY,EXPIRED,CANCELLED_EOD,0.5692,2026-05-12 10:40:43.496,,,0.5692,0.5513,0.5513,0.5513,"[0.5871000000000001, 0.6050000000000001, 0.6229000000000001]",0,0,0,0,,,[],0,0,0,0,0,0.07,0.05,0.02,0.03,t,,,2026-05-12 10:40:43.496,2026-05-13 10:01:36.639,
115,0,ORDIUSDT,BUY,EXPIRED,CANCELLED_EOD,4.913,2026-05-12 14:31:25.033,,,4.913,4.774,4.774,4.774,"[5.052, 5.191000000000001, 5.330000000000001]",0,0,0,0,,,[],0,0,0,0,0,0.07,0.05,0.02,0.03,t,,,2026-05-12 14:31:25.033,2026-05-13 10:01:36.639,
116,0,ARUSDT,BUY,SL_HIT,FILLED,2.3682,2026-05-12 20:35:23.892,2026-05-13 00:39:52.265,117,2.3682,2.3016,2.3016,2.3016,"[2.4348, 2.501399999999999, 2.567999999999999]",381.7406825837066,7.634813651674132,271.4829683167379,114.6368416167291,14.22342342342347,19.08703412918533,"[{""pnlR"": -1.010367567567565, ""price"": 2.30090952, ""pnlUsd"": -7.713968098073631, ""reason"": ""SL"", ""percent"": 100, ""closedAt"": ""2026-05-13T12:38:20.782Z""}]",-1.010367567567565,-7.713968098073631,0.1861810937726797,0.07915444639949926,-7.900149191846311,0.07,0.05,0.02,0.03,t,2.3009,2026-05-13 12:34:59.999,2026-05-13 00:39:52.265,2026-05-13 12:38:20.88,2026-05-13 23:55:00
117,0,ARUSDT,SELL,CANCELLED,CANCELLED_OTHER_SIDE,2.3016,2026-05-12 20:35:23.892,,116,2.3016,2.3682,2.3682,2.3682,"[2.235, 2.168400000000001, 2.101800000000001]",0,0,0,0,,,[],0,0,0,0,0,0.07,0.05,0.02,0.03,t,,,2026-05-12 20:35:23.892,2026-05-13 00:39:52.265,
118,0,ETHUSDT,BUY,SL_HIT,FILLED,2299.53,2026-05-13 03:00:24.05,2026-05-13 03:37:59.852,119,2299.53,2272.09,2272.09,2272.09,"[2326.97, 2354.41, 2381.85]",381.3647562353041,7.627295124706083,639.1834532840869,0.2779626503172765,33.5208454810495,19.06823781176521,"[{""pnlR"": -1.024840634110785, ""price"": 2271.408373, ""pnlUsd"": -7.816761972153879, ""reason"": ""SL"", ""percent"": 100, ""closedAt"": ""2026-05-13T12:38:22.621Z""}]",-1.024840634110785,-7.816761972153879,0.443520036312784,0.1894668474477962,-8.260282008466662,0.07,0.05,0.02,0.03,t,2271.97,2026-05-13 12:34:59.999,2026-05-13 03:37:59.852,2026-05-13 12:38:22.909,2026-05-13 23:55:00
119,0,ETHUSDT,SELL,CANCELLED,CANCELLED_OTHER_SIDE,2272.09,2026-05-13 03:00:24.05,,118,2272.09,2299.53,2299.53,2299.53,"[2244.65, 2217.21, 2189.77]",0,0,0,0,,,[],0,0,0,0,0,0.07,0.05,0.02,0.03,t,,,2026-05-13 03:00:24.05,2026-05-13 03:37:59.852,
120,0,AAVEUSDT,BUY,SL_HIT,FILLED,98.37,2026-05-13 03:00:24.859,2026-05-13 03:36:35.607,121,98.37,96.27,96.27,96.27,"[100.47, 102.57, 104.67]",381.4362264859697,7.628724529719395,357.3512533278542,3.63272596653303,18.73714285714278,19.07181132429848,"[{""pnlR"": -1.013752857142856, ""price"": 96.241119, ""pnlUsd"": -7.733641288358828, ""reason"": ""SL"", ""percent"": 100, ""closedAt"": ""2026-05-13T12:33:16.497Z""}]",-1.013752857142856,-7.733641288358828,0.2462790566853185,0.1049167586394345,-7.979920345044146,0.07,0.05,0.02,0.03,t,96.28,2026-05-13 12:29:59.999,2026-05-13 03:36:35.607,2026-05-13 12:33:17.344,2026-05-13 23:55:00
121,0,AAVEUSDT,SELL,CANCELLED,CANCELLED_OTHER_SIDE,96.27,2026-05-13 03:00:24.859,,120,96.27,98.37,98.37,98.37,"[94.16999999999999, 92.06999999999998, 89.96999999999997]",0,0,0,0,,,[],0,0,0,0,0,0.07,0.05,0.02,0.03,t,,,2026-05-13 03:00:24.859,2026-05-13 03:36:35.607,
122,0,ENAUSDT,BUY,SL_HIT,FILLED,0.12394,2026-05-13 03:00:25.662,2026-05-13 03:10:55.536,123,0.12394,0.12132,0.12132,0.12132,"[0.12656, 0.12918, 0.1318]",381.6298227982109,7.632596455964218,361.0625972336664,2913.204754184819,18.92213740458017,19.08149113991054,"[{""pnlR"": -1.013891603053433, ""price"": 0.121283604, ""pnlUsd"": -7.738625456197512, ""reason"": ""SL"", ""percent"": 100, ""closedAt"": ""2026-05-13T11:49:57.002Z""}]",-1.013891603053433,-7.738625456197512,0.2488745053354677,0.1060290002332935,-7.987499961532979,0.07,0.05,0.02,0.03,t,0.12132,2026-05-13 11:44:59.999,2026-05-13 03:10:55.536,2026-05-13 11:49:57.59,2026-05-13 23:55:00
123,0,ENAUSDT,SELL,CANCELLED,CANCELLED_OTHER_SIDE,0.12132,2026-05-13 03:00:25.662,,122,0.12132,0.12394,0.12394,0.12394,"[0.1187, 0.11608, 0.11346]",0,0,0,0,,,[],0,0,0,0,0,0.07,0.05,0.02,0.03,t,,,2026-05-13 03:00:25.662,2026-05-13 03:10:55.536,
124,0,SEIUSDT,BUY,SL_HIT,FILLED,0.07057,2026-05-13 03:00:26.464,2026-05-13 03:43:16.065,125,0.07057,0.06916,0.06916,0.06916,"[0.07197999999999999, 0.07338999999999998, 0.07479999999999998]",381.1256326326275,7.62251265265255,381.5040552465904,5406.037342306794,20.01985815602844,19.05628163163138,"[{""pnlR"": -1.014714893617022, ""price"": 0.069139252, ""pnlUsd"": -7.734677115430737, ""reason"": ""SL"", ""percent"": 100, ""closedAt"": ""2026-05-13T11:50:34.119Z""}]",-1.014714893617022,-7.734677115430737,0.2631855001148979,0.1121644627781867,-7.997862615545635,0.07,0.05,0.02,0.03,t,0.06914,2026-05-13 11:49:59.999,2026-05-13 03:43:16.065,2026-05-13 11:50:34.408,2026-05-13 23:55:00
125,0,SEIUSDT,SELL,CANCELLED,CANCELLED_OTHER_SIDE,0.06916,2026-05-13 03:00:26.464,,124,0.06916,0.07057,0.07057,0.07057,"[0.06775, 0.06634000000000001, 0.06493000000000002]",0,0,0,0,,,[],0,0,0,0,0,0.07,0.05,0.02,0.03,t,,,2026-05-13 03:00:26.464,2026-05-13 03:43:16.065,
126,0,MUSDT,BUY,SL_HIT,FILLED,3.323,2026-05-13 03:00:27.568,2026-05-13 04:13:58.227,127,3.323,3.249,3.249,3.249,"[3.397, 3.471, 3.544999999999999]",380.8606564430194,7.617213128860389,342.0540436108531,102.9353125521676,17.9621621621622,19.04303282215097,"[{""pnlR"": -1.013171621621622, ""price"": 3.2480253, ""pnlUsd"": -7.717544178004983, ""reason"": ""SL"", ""percent"": 100, ""closedAt"": ""2026-05-13T11:03:26.837Z""}]",-1.013171621621622,-7.717544178004983,0.2355790584385946,0.1003310491445972,-7.953123236443578,0.07,0.05,0.02,0.03,t,3.2491,2026-05-13 10:59:59.999,2026-05-13 04:13:58.227,2026-05-13 11:03:27.3,2026-05-13 23:55:00
127,0,MUSDT,SELL,CANCELLED,CANCELLED_OTHER_SIDE,3.249,2026-05-13 03:00:27.568,,126,3.249,3.323,3.323,3.323,"[3.175, 3.101, 3.027000000000001]",0,0,0,0,,,[],0,0,0,0,0,0.07,0.05,0.02,0.03,t,,,2026-05-13 03:00:27.568,2026-05-13 04:13:58.227,
128,0,LDOUSDT,BUY,CLOSED,FILLED,0.4039,2026-05-13 03:00:28.375,2026-05-13 04:21:58.103,129,0.4039,0.3931,0.3931,0.4039,"[0.4147, 0.4254999999999999, 0.4362999999999999]",380.7922456342973,7.615844912685946,284.81849631795,705.1708252487002,14.95925925925929,19.03961228171486,"[{""pnlR"": 0.5000000000000026, ""price"": 0.4147, ""pnlUsd"": 3.807922456342992, ""reason"": ""TP1"", ""percent"": 50, ""closedAt"": ""2026-05-13T09:16:06.437Z""}, {""pnlR"": -0.005609722222222409, ""price"": 0.40377883, ""pnlUsd"": -0.04272277444769383, ""reason"": ""SL"", ""percent"": 50, ""closedAt"": ""2026-05-13T12:24:11.176Z""}]",0.4943902777777802,3.765199681895298,0.1573903960789172,0.04272277444769383,3.607809285816381,0.07,0.05,0.02,0.03,t,0.4044,2026-05-13 12:19:59.999,2026-05-13 04:21:58.103,2026-05-13 12:24:11.299,2026-05-13 23:55:00
129,0,LDOUSDT,SELL,CANCELLED,CANCELLED_OTHER_SIDE,0.3931,2026-05-13 03:00:28.375,,128,0.3931,0.4039,0.4039,0.4039,"[0.3823, 0.3715000000000001, 0.3607000000000001]",0,0,0,0,,,[],0,0,0,0,0,0.07,0.05,0.02,0.03,t,,,2026-05-13 03:00:28.375,2026-05-13 04:21:58.103,
130,0,DYDXUSDT,SELL,CLOSED,FILLED,0.15655,2026-05-13 03:00:29.187,2026-05-13 12:32:20.691,,0.15655,0.15966,0.15966,0.15033,"[0.15344, 0.15033, 0.14722]",332.6848768623132,6.653697537246265,334.9313020758528,2139.452584323556,20.13504823151125,16.63424384311566,"[{""pnlR"": 0.5, ""price"": 0.15344, ""pnlUsd"": 3.326848768623131, ""reason"": ""TP1"", ""percent"": 50, ""closedAt"": ""2026-05-13T13:47:06.606Z""}, {""pnlR"": 0.6, ""price"": 0.15033, ""pnlUsd"": 3.992218522347758, ""reason"": ""TP2"", ""percent"": 30, ""closedAt"": ""2026-05-13T15:57:21.295Z""}, {""pnlR"": 0.6000000000000001, ""price"": 0.14722, ""pnlUsd"": 3.992218522347758, ""reason"": ""TP3"", ""percent"": 20, ""closedAt"": ""2026-05-14T03:21:28.199Z""}]",1.7,11.31128581331865,0.1317102636676774,0,11.17957554965097,0.07,0.05,0.02,0.03,t,0.14722,2026-05-14 03:19:59.999,2026-05-13 12:32:20.691,2026-05-14 03:21:28.493,2026-05-13 23:55:00
131,0,ZECUSDT,BUY,CANCELLED,CANCELLED_OTHER_SIDE,592.12,2026-05-13 03:00:29.979,,132,592.12,569.37,569.37,569.37,"[614.87, 637.62, 660.37]",0,0,0,0,,,[],0,0,0,0,0,0.07,0.05,0.02,0.03,t,,,2026-05-13 03:00:29.979,2026-05-13 04:58:38.26,
132,0,ZECUSDT,SELL,CLOSED,FILLED,569.37,2026-05-13 03:00:29.979,2026-05-13 04:58:38.26,131,569.37,592.12,592.12,546.62,"[546.62, 523.87, 501.12]",380.7352819350337,7.614705638700674,190.5751626156924,0.3347123357670626,10.0109010989011,19.03676409675169,"[{""pnlR"": 0.5, ""price"": 546.62, ""pnlUsd"": 3.807352819350337, ""reason"": ""TP1"", ""percent"": 50, ""closedAt"": ""2026-05-13T11:57:55.044Z""}, {""pnlR"": 0.6, ""price"": 523.87, ""pnlUsd"": 4.568823383220405, ""reason"": ""TP2"", ""percent"": 30, ""closedAt"": ""2026-05-13T21:03:05.207Z""}, {""pnlR"": 0.4100503648351649, ""price"": 522.726771, ""pnlUsd"": 3.122412825261599, ""reason"": ""MANUAL"", ""percent"": 20, ""closedAt"": ""2026-05-14T08:45:05.014Z""}]",1.510050364835165,11.49858902783234,0.08442813315007355,0.01049463751810329,11.41416089468227,0.07,0.05,0.02,0.03,t,522.726771,2026-05-14 08:45:05.014,2026-05-13 04:58:38.26,2026-05-14 08:45:05.014,2026-05-13 23:55:00
133,0,STXUSDT,BUY,CLOSED,FILLED,0.2827,2026-05-13 03:00:30.783,2026-05-13 03:26:15.162,134,0.2827,0.2692,0.2692,0.2827,"[0.2962, 0.3097, 0.3232]",381.5576102787642,7.631152205575283,159.8019798900838,565.2705337463168,8.37629629629629,19.07788051393821,"[{""pnlR"": 0.5, ""price"": 0.2962, ""pnlUsd"": 3.815576102787642, ""reason"": ""TP1"", ""percent"": 50, ""closedAt"": ""2026-05-13T09:23:02.075Z""}, {""pnlR"": -0.003141111111110765, ""price"": 0.28261519, ""pnlUsd"": -0.02397029698350994, ""reason"": ""SL"", ""percent"": 50, ""closedAt"": ""2026-05-13T11:52:12.919Z""}]",0.4968588888888892,3.791605805804132,0.08864221901161184,0.02397029698350994,3.70296358679252,0.07,0.05,0.02,0.03,t,0.2827,2026-05-13 11:49:59.999,2026-05-13 03:26:15.162,2026-05-13 11:52:13.046,2026-05-13 23:55:00
134,0,STXUSDT,SELL,CANCELLED,CANCELLED_OTHER_SIDE,0.2692,2026-05-13 03:00:30.783,,133,0.2692,0.2827,0.2827,0.2827,"[0.2557, 0.2422, 0.2287]",0,0,0,0,,,[],0,0,0,0,0,0.07,0.05,0.02,0.03,t,,,2026-05-13 03:00:30.783,2026-05-13 03:26:15.162,
135,0,IPUSDT,BUY,SL_HIT,FILLED,0.5658,2026-05-13 03:00:31.584,2026-05-13 06:38:10.521,136,0.5658,0.5531,0.5531,0.5531,"[0.5784999999999999, 0.5911999999999998, 0.6038999999999998]",384.2903088863626,7.685806177727252,342.4117429415828,605.1815887974245,17.82047244094497,19.21451544431813,"[{""pnlR"": -1.013065354330707, ""price"": 0.55293407, ""pnlUsd"": -7.786223958756397, ""reason"": ""SL"", ""percent"": 100, ""closedAt"": ""2026-05-13T11:50:47.396Z""}]",-1.013065354330707,-7.786223958756397,0.2357951080797298,0.100417781029145,-8.022019066836126,0.07,0.05,0.02,0.03,t,0.5531,2026-05-13 11:49:59.999,2026-05-13 06:38:10.521,2026-05-13 11:50:47.69,2026-05-13 23:55:00
136,0,IPUSDT,SELL,CANCELLED,CANCELLED_OTHER_SIDE,0.5531,2026-05-13 03:00:31.584,,135,0.5531,0.5658,0.5658,0.5658,"[0.5404000000000001, 0.5277000000000002, 0.5150000000000002]",0,0,0,0,,,[],0,0,0,0,0,0.07,0.05,0.02,0.03,t,,,2026-05-13 03:00:31.584,2026-05-13 06:38:10.521,
137,0,ORDIUSDT,SELL,CLOSED,FILLED,4.614,2026-05-13 03:00:32.389,2026-05-13 12:32:13.561,,4.614,4.733,4.733,4.614,"[4.495, 4.376, 4.257000000000001]",332.6848768623132,6.653697537246265,257.9845414861708,55.91342468274183,15.50924369747902,16.63424384311566,"[{""pnlR"": 0.5, ""price"": 4.495, ""pnlUsd"": 3.326848768623132, ""reason"": ""TP1"", ""percent"": 50, ""closedAt"": ""2026-05-13T15:18:52.845Z""}, {""pnlR"": -0.005815966386552542, ""price"": 4.615384199999999, ""pnlUsd"": -0.03869768122291171, ""reason"": ""SL"", ""percent"": 50, ""closedAt"": ""2026-05-14T00:32:38.002Z""}]",0.4941840336134475,3.28815108740022,0.1412454769042807,0.03869768122291171,3.146905610495939,0.07,0.05,0.02,0.03,t,4.61,2026-05-14 00:29:59.999,2026-05-13 12:32:13.561,2026-05-14 00:32:38.157,2026-05-13 23:55:00
138,0,DOGEUSDT,BUY,CLOSED,FILLED,0.11171,2026-05-13 03:00:33.171,2026-05-13 04:00:08.004,139,0.11171,0.10987,0.10987,0.11171,"[0.11355, 0.11539, 0.11723]",381.0493318215782,7.620986636431565,462.6850093237861,4141.840563278006,24.28478260869555,19.05246659107891,"[{""pnlR"": 0.4999999999999962, ""price"": 0.11355, ""pnlUsd"": 3.810493318215754, ""reason"": ""TP1"", ""percent"": 50, ""closedAt"": ""2026-05-13T09:32:58.201Z""}, {""pnlR"": -0.00910679347826053, ""price"": 0.111676487, ""pnlUsd"": -0.06940275139856564, ""reason"": ""SL"", ""percent"": 50, ""closedAt"": ""2026-05-13T12:32:09.351Z""}]",0.4908932065217357,3.741090566817188,0.2552041524160262,0.06940275139856564,3.485886414401162,0.07,0.05,0.02,0.03,t,0.1117,2026-05-13 12:29:59.999,2026-05-13 04:00:08.004,2026-05-13 12:32:09.49,2026-05-13 23:55:00
139,0,DOGEUSDT,SELL,CANCELLED,CANCELLED_OTHER_SIDE,0.10987,2026-05-13 03:00:33.171,,138,0.10987,0.11171,0.11171,0.11171,"[0.10803, 0.10619, 0.10435]",0,0,0,0,,,[],0,0,0,0,0,0.07,0.05,0.02,0.03,t,,,2026-05-13 03:00:33.171,2026-05-13 04:00:08.004,
140,0,TRUMPUSDT,BUY,CANCELLED,CANCELLED_OTHER_SIDE,2.524,2026-05-13 03:00:33.96,,141,2.524,2.434,2.434,2.434,"[2.614, 2.704, 2.794]",0,0,0,0,,,[],0,0,0,0,0,0.07,0.05,0.02,0.03,t,,,2026-05-13 03:00:33.96,2026-05-13 07:39:54.229,
141,0,TRUMPUSDT,SELL,CLOSED,FILLED,2.434,2026-05-13 03:00:33.96,2026-05-13 07:39:54.229,140,2.434,2.524,2.524,2.434,"[2.344, 2.254, 2.164000000000001]",368.4632602217332,7.369265204434664,199.2976834177111,81.88072449371862,10.81777777777779,18.42316301108666,"[{""pnlR"": 0.5000000000000024, ""price"": 2.344, ""pnlUsd"": 3.68463260221735, ""reason"": ""TP1"", ""percent"": 50, ""closedAt"": ""2026-05-13T12:37:53.271Z""}, {""pnlR"": 0.3627200000000022, ""price"": 2.3687104, ""pnlUsd"": 2.672979874952557, ""reason"": ""MANUAL"", ""percent"": 50, ""closedAt"": ""2026-05-14T08:45:10.323Z""}]",0.8627200000000046,6.357612477169907,0.1075403094218214,0.02908403334016885,6.250072167748085,0.07,0.05,0.02,0.03,t,2.3687104,2026-05-14 08:45:10.323,2026-05-13 07:39:54.229,2026-05-14 08:45:10.323,2026-05-13 23:55:00
142,0,KASUSDT,BUY,SL_HIT,FILLED,0.03877,2026-05-13 03:00:34.741,2026-05-13 04:03:01.658,143,0.03877,0.03796,0.03796,0.03796,"[0.03958, 0.04039, 0.04119999999999999]",380.9567948197135,7.61913589639427,364.6838255595142,9406.340612832453,19.14567901234572,19.04783974098567,"[{""pnlR"": -1.014059259259261, ""price"": 0.037948612, ""pnlUsd"": -7.726255303293216, ""reason"": ""SL"", ""percent"": 100, ""closedAt"": ""2026-05-13T07:24:04.067Z""}]",-1.014059259259261,-7.726255303293216,0.2514155502400133,0.107119406898946,-7.97767085353323,0.07,0.05,0.02,0.03,t,0.03796,2026-05-13 07:19:59.999,2026-05-13 04:03:01.658,2026-05-13 07:24:04.412,2026-05-13 23:55:00
143,0,KASUSDT,SELL,CANCELLED,CANCELLED_OTHER_SIDE,0.03796,2026-05-13 03:00:34.741,,142,0.03796,0.03877,0.03877,0.03877,"[0.03715, 0.03634, 0.03553000000000001]",0,0,0,0,,,[],0,0,0,0,0,0.07,0.05,0.02,0.03,t,,,2026-05-13 03:00:34.741,2026-05-13 04:03:01.658,
144,0,SHIB1000USDT,BUY,SL_HIT,FILLED,0.006495,2026-05-13 03:00:35.549,2026-05-13 03:38:22.739,145,0.006495,0.006406,0.006406,0.006406,"[0.006584, 0.006672999999999999, 0.006761999999999999]",381.2369195446473,7.624738390892946,556.4345600994368,85671.21787520197,25,22.25738240397747,"[{""pnlR"": -1.021593258426962, ""price"": 0.006404078200000001, ""pnlUsd"": -7.789381337405477, ""reason"": ""SL"", ""percent"": 100, ""closedAt"": ""2026-05-13T11:52:13.019Z""}]",-1.021593258426962,-7.789381337405477,0.385609501400903,0.1646429465125306,-8.17499083880638,0.07,0.05,0.02,0.03,t,0.006406,2026-05-13 11:49:59.999,2026-05-13 03:38:22.739,2026-05-13 11:52:13.272,2026-05-13 23:55:00
145,0,SHIB1000USDT,SELL,CANCELLED,CANCELLED_OTHER_SIDE,0.006406,2026-05-13 03:00:35.549,,144,0.006406,0.006495,0.006495,0.006495,"[0.006317000000000001, 0.006228000000000001, 0.006139000000000001]",0,0,0,0,,,[],0,0,0,0,0,0.07,0.05,0.02,0.03,t,,,2026-05-13 03:00:35.549,2026-05-13 03:38:22.739,
146,0,FARTCOINUSDT,BUY,SL_HIT,FILLED,0.23822,2026-05-13 03:00:36.341,2026-05-13 03:10:27.555,147,0.23822,0.23179,0.23179,0.23179,"[0.24465, 0.25108, 0.25751]",381.6863859900432,7.633727719800865,282.8159591618918,1187.204933095004,14.81928460342148,19.08431929950216,"[{""pnlR"": -1.010814463452563, ""price"": 0.231720463, ""pnlUsd"": -7.71628238923347, ""reason"": ""SL"", ""percent"": 100, ""closedAt"": ""2026-05-13T07:23:27.574Z""}]",-1.010814463452563,-7.71628238923347,0.1941130302187076,0.08255466943260431,-7.910395419452177,0.07,0.05,0.02,0.03,t,0.23168,2026-05-13 07:19:59.999,2026-05-13 03:10:27.555,2026-05-13 07:23:28.005,2026-05-13 23:55:00
147,0,FARTCOINUSDT,SELL,CANCELLED,CANCELLED_OTHER_SIDE,0.23179,2026-05-13 03:00:36.341,,146,0.23179,0.23822,0.23822,0.23822,"[0.22536, 0.21893, 0.2125]",0,0,0,0,,,[],0,0,0,0,0,0.07,0.05,0.02,0.03,t,,,2026-05-13 03:00:36.341,2026-05-13 03:10:27.555,
148,0,AEROUSDT,BUY,SL_HIT,FILLED,0.5042,2026-05-13 03:00:37.143,2026-05-13 05:00:36.124,149,0.5042,0.493,0.493,0.493,"[0.5154, 0.5266, 0.5378]",380.6971669025106,7.613943338050213,342.7634134861537,679.8163694687697,18.00714285714288,19.03485834512553,"[{""pnlR"": -1.013205357142855, ""price"": 0.4928521, ""pnlUsd"": -7.714488179094629, ""reason"": ""SL"", ""percent"": 100, ""closedAt"": ""2026-05-13T09:56:24.922Z""}]",-1.013205357142855,-7.714488179094629,0.2360771453507603,0.1005448410444165,-7.95056532444539,0.07,0.05,0.02,0.03,t,0.4928,2026-05-13 09:54:59.999,2026-05-13 05:00:36.124,2026-05-13 09:56:25.035,2026-05-13 23:55:00
149,0,AEROUSDT,SELL,CANCELLED,CANCELLED_OTHER_SIDE,0.493,2026-05-13 03:00:37.143,,148,0.493,0.5042,0.5042,0.5042,"[0.4818, 0.4706, 0.4594]",0,0,0,0,,,[],0,0,0,0,0,0.07,0.05,0.02,0.03,t,,,2026-05-13 03:00:37.143,2026-05-13 05:00:36.124,
150,0,POLUSDT,BUY,SL_HIT,FILLED,0.10009,2026-05-13 03:00:37.946,2026-05-13 06:06:09.59,151,0.10009,0.09841,0.09841,0.09841,"[0.10177, 0.10345, 0.10513]",384.381910756476,7.687638215129519,458.0093505668531,4575.975128053283,23.83095238095237,19.2190955378238,"[{""pnlR"": -1.017573214285716, ""price"": 0.098380477, ""pnlUsd"": -7.822734728835052, ""reason"": ""SL"", ""percent"": 100, ""closedAt"": ""2026-05-13T13:35:37.314Z""}]",-1.017573214285716,-7.822734728835052,0.3166951780323797,0.1350965137055332,-8.139429906867433,0.07,0.05,0.02,0.03,t,0.09839,2026-05-13 13:34:59.999,2026-05-13 06:06:09.59,2026-05-13 13:35:37.71,2026-05-13 23:55:00
151,0,POLUSDT,SELL,CANCELLED,CANCELLED_OTHER_SIDE,0.09841,2026-05-13 03:00:37.946,,150,0.09841,0.10009,0.10009,0.10009,"[0.09673, 0.09505, 0.09337]",0,0,0,0,,,[],0,0,0,0,0,0.07,0.05,0.02,0.03,t,,,2026-05-13 03:00:37.946,2026-05-13 06:06:09.59,
152,0,VVVUSDT,BUY,CANCELLED,CANCELLED_OTHER_SIDE,16.333,2026-05-13 03:00:38.737,,153,16.333,15.205,15.205,15.205,"[17.461, 18.589, 19.71699999999999]",0,0,0,0,,,[],0,0,0,0,0,0.07,0.05,0.02,0.03,t,,,2026-05-13 03:00:38.737,2026-05-13 03:28:00.338,
153,0,VVVUSDT,SELL,CLOSED,FILLED,15.205,2026-05-13 03:00:38.737,2026-05-13 03:28:00.338,152,15.205,16.333,16.333,15.205,"[14.077, 12.949, 11.82100000000001]",381.4567940411236,7.629135880822472,102.8377757694201,6.763418334062485,5.391843971631213,19.07283970205618,"[{""pnlR"": 0.5000000000000008, ""price"": 14.077, ""pnlUsd"": 3.814567940411242, ""reason"": ""TP1"", ""percent"": 50, ""closedAt"": ""2026-05-13T14:56:43.540Z""}, {""pnlR"": -0.002021941489361457, ""price"": 15.2095615, ""pnlUsd"": -0.01542566636541112, ""reason"": ""SL"", ""percent"": 50, ""closedAt"": ""2026-05-13T17:51:43.320Z""}]",0.4979780585106393,3.799142274045831,0.05580557591828151,0.01542566636541112,3.743336698127549,0.07,0.05,0.02,0.03,t,15.212,2026-05-13 17:49:59.999,2026-05-13 03:28:00.338,2026-05-13 17:51:43.419,2026-05-13 23:55:00
154,0,USELESSUSDT,BUY,CANCELLED,CANCELLED_OTHER_SIDE,0.08228,2026-05-13 03:00:39.527,,155,0.08228,0.07721,0.07721,0.07721,"[0.08735000000000001, 0.09242000000000002, 0.09749000000000002]",0,0,0,0,,,[],0,0,0,0,0,0.07,0.05,0.02,0.03,t,,,2026-05-13 03:00:39.527,2026-05-13 04:10:19.59,
155,0,USELESSUSDT,SELL,CLOSED,FILLED,0.07721,2026-05-13 03:00:39.527,2026-05-13 04:10:19.59,154,0.07721,0.08228,0.08228,0.06706999999999999,"[0.07214, 0.06706999999999999, 0.06199999999999999]",380.8838580546016,7.617677161092032,116.0080579108314,1502.500426250892,6.091518737672577,19.04419290273008,"[{""pnlR"": 0.5, ""price"": 0.07214, ""pnlUsd"": 3.808838580546015, ""reason"": ""TP1"", ""percent"": 50, ""closedAt"": ""2026-05-13T06:04:39.652Z""}, {""pnlR"": 0.6, ""price"": 0.06706999999999999, ""pnlUsd"": 4.570606296655217, ""reason"": ""TP2"", ""percent"": 30, ""closedAt"": ""2026-05-13T11:12:46.740Z""}, {""pnlR"": 0.5999999999999998, ""price"": 0.06199999999999999, ""pnlUsd"": 4.570606296655217, ""reason"": ""TP3"", ""percent"": 20, ""closedAt"": ""2026-05-13T15:50:09.306Z""}]",1.7,12.95005117385645,0.04381321292956127,0,12.90623796092689,0.07,0.05,0.02,0.03,t,0.06191,2026-05-13 15:49:59.999,2026-05-13 04:10:19.59,2026-05-13 15:50:09.655,2026-05-13 23:55:00
156,0,SIRENUSDT,BUY,SL_HIT,FILLED,1.20029,2026-05-13 03:00:40.302,2026-05-13 05:19:52.289,157,1.20029,1.15941,1.15941,1.15941,"[1.24117, 1.28205, 1.32293]",380.6286142198134,7.612572284396268,223.5150290420252,186.2175216339595,11.7445205479452,19.03143071099067,"[{""pnlR"": -1.00850839041096, ""price"": 1.159062177, ""pnlUsd"": -7.677343021423563, ""reason"": ""SL"", ""percent"": 100, ""closedAt"": ""2026-05-13T20:04:59.643Z""}]",-1.00850839041096,-7.677343021423563,0.1526218488187059,0.06477073702729333,-7.829964870242269,0.07,0.05,0.02,0.03,t,1.15743,2026-05-13 19:59:59.999,2026-05-13 05:19:52.289,2026-05-13 20:04:59.984,2026-05-13 23:55:00
157,0,SIRENUSDT,SELL,CANCELLED,CANCELLED_OTHER_SIDE,1.15941,2026-05-13 03:00:40.302,,156,1.15941,1.20029,1.20029,1.20029,"[1.11853, 1.07765, 1.03677]",0,0,0,0,,,[],0,0,0,0,0,0.07,0.05,0.02,0.03,t,,,2026-05-13 03:00:40.302,2026-05-13 05:19:52.289,
158,0,1000BONKUSDT,BUY,SL_HIT,FILLED,0.007219,2026-05-13 03:00:41.088,2026-05-13 03:26:37.515,159,0.007219,0.007059,0.007059,0.007059,"[0.007378999999999999, 0.007538999999999999, 0.007698999999999998]",381.5256498827862,7.630512997655724,344.2792083129801,47690.70623534841,18.04750000000005,19.07628249413931,"[{""pnlR"": -1.013235625000001, ""price"": 0.0070568823, ""pnlUsd"": -7.731507606250324, ""reason"": ""SL"", ""percent"": 100, ""closedAt"": ""2026-05-13T12:21:35.489Z""}]",-1.013235625000001,-7.731507606250324,0.237129692015961,0.1009946085946006,-7.968637298266286,0.07,0.05,0.02,0.03,t,0.007059,2026-05-13 12:19:59.999,2026-05-13 03:26:37.515,2026-05-13 12:21:36.15,2026-05-13 23:55:00
159,0,1000BONKUSDT,SELL,CANCELLED,CANCELLED_OTHER_SIDE,0.007059,2026-05-13 03:00:41.088,,158,0.007059,0.007219,0.007219,0.007219,"[0.006899000000000001, 0.006739000000000001, 0.006579000000000002]",0,0,0,0,,,[],0,0,0,0,0,0.07,0.05,0.02,0.03,t,,,2026-05-13 03:00:41.088,2026-05-13 03:26:37.515,
160,0,ETHUSDT,BUY,CANCELLED,CANCELLED_OTHER_SIDE,2268.77,2026-05-14 03:00:37.878,,161,2268.77,2245.66,2245.66,2245.66,"[2291.88, 2314.99, 2338.1]",0,0,0,0,,,[],0,0,0,0,0,0.07,0.05,0.02,0.03,t,,,2026-05-14 03:00:37.878,2026-05-14 03:07:42.661,
161,0,ETHUSDT,SELL,SL_HIT,FILLED,2245.66,2026-05-14 03:00:37.878,2026-05-14 03:07:42.661,160,2245.66,2268.77,2268.77,2268.77,"[2222.55, 2199.44, 2176.329999999999]",326.3945032515154,6.527890065030308,634.3323930521801,0.2824703619658275,38.86906101254848,16.31972516257577,"[{""pnlR"": -1.029451795759399, ""price"": 2269.450631, ""pnlUsd"": -6.720148149965393, ""reason"": ""SL"", ""percent"": 100, ""closedAt"": ""2026-05-14T05:51:33.327Z""}]",-1.029451795759399,-6.720148149965393,0.4473927492115087,0.1922580849350843,-7.167540899176902,0.07,0.05,0.02,0.03,t,2268.95,2026-05-14 05:49:59.999,2026-05-14 03:07:42.661,2026-05-14 05:51:33.65,2026-05-14 23:55:00
162,0,AAVEUSDT,BUY,CANCELLED,CANCELLED_OTHER_SIDE,97.75,2026-05-14 03:00:38.685,,163,97.75,96.26,96.26,96.26,"[99.24, 100.73, 102.22]",0,0,0,0,,,[],0,0,0,0,0,0.07,0.05,0.02,0.03,t,,,2026-05-14 03:00:38.685,2026-05-14 03:08:05.947,
163,0,AAVEUSDT,SELL,SL_HIT,FILLED,96.26,2026-05-14 03:00:38.685,2026-05-14 03:08:05.947,162,96.26,97.75,97.75,97.75,"[94.77000000000001, 93.28000000000002, 91.79000000000002]",326.3945032515154,6.527890065030308,421.7279850065904,4.381134271832437,25.84161073825513,16.31972516257577,"[{""pnlR"": -1.019681208053691, ""price"": 97.779325, ""pnlUsd"": -6.656366827551795, ""reason"": ""SL"", ""percent"": 100, ""closedAt"": ""2026-05-14T14:23:29.255Z""}]",-1.019681208053691,-6.656366827551795,0.2985377729183892,0.1284767625214864,-6.954904600470185,0.07,0.05,0.02,0.03,t,97.75,2026-05-14 14:19:59.999,2026-05-14 03:08:05.947,2026-05-14 14:23:29.578,2026-05-14 23:55:00
164,0,ENAUSDT,BUY,CANCELLED,CANCELLED_OTHER_SIDE,0.11746,2026-05-14 03:00:39.488,,165,0.11746,0.11624,0.11624,0.11624,"[0.11868, 0.1199, 0.12112]",0,0,0,0,,,[],0,0,0,0,0,0.07,0.05,0.02,0.03,t,,,2026-05-14 03:00:39.488,2026-05-14 03:07:42.271,
165,0,ENAUSDT,SELL,CLOSED,FILLED,0.11624,2026-05-14 03:00:39.488,2026-05-14 03:07:42.271,164,0.11624,0.11746,0.11746,0.11624,"[0.11502, 0.1138, 0.11258]",326.3945032515154,6.527890065030308,621.96880422879,5350.729561500258,38.11147540983611,16.31972516257577,"[{""pnlR"": 0.5, ""price"": 0.11502, ""pnlUsd"": 3.263945032515154, ""reason"": ""TP1"", ""percent"": 50, ""closedAt"": ""2026-05-14T03:49:55.992Z""}, {""pnlR"": -0.01429180327868499, ""price"": 0.116274872, ""pnlUsd"": -0.09329532063429537, ""reason"": ""SL"", ""percent"": 50, ""closedAt"": ""2026-05-14T04:18:24.408Z""}]",0.485708196721315,3.170649711880859,0.3414767009796487,0.09329532063429537,2.82917301090121,0.07,0.05,0.02,0.03,t,0.11624,2026-05-14 04:14:59.999,2026-05-14 03:07:42.271,2026-05-14 04:18:24.516,2026-05-14 23:55:00
166,0,SEIUSDT,BUY,CANCELLED,CANCELLED_OTHER_SIDE,0.06713,2026-05-14 03:00:40.272,,167,0.06713,0.06599,0.06599,0.06599,"[0.06827, 0.06941, 0.07055]",0,0,0,0,,,[],0,0,0,0,0,0.07,0.05,0.02,0.03,t,,,2026-05-14 03:00:40.272,2026-05-14 03:07:38.565,
167,0,SEIUSDT,SELL,SL_HIT,FILLED,0.06599,2026-05-14 03:00:40.272,2026-05-14 03:07:38.565,166,0.06599,0.06713,0.06713,0.06713,"[0.06484999999999999, 0.06370999999999999, 0.06256999999999999]",326.3945032515154,6.527890065030308,377.8732152555694,5726.219355289733,23.15438596491224,16.31972516257577,"[{""pnlR"": -1.017665789473686, ""price"": 0.067150139, ""pnlUsd"": -6.643210396626501, ""reason"": ""SL"", ""percent"": 100, ""closedAt"": ""2026-05-14T14:41:04.722Z""}]",-1.017665789473686,-6.643210396626501,0.2678328558772118,0.1153203315961934,-6.911043252503713,0.07,0.05,0.02,0.03,t,0.06714,2026-05-14 14:39:59.999,2026-05-14 03:07:38.565,2026-05-14 14:41:05.137,2026-05-14 23:55:00
168,0,MUSDT,BUY,EXPIRED,FILLED,3.3466,2026-05-14 03:00:41.36,2026-05-14 05:09:14.065,169,3.3466,3.2485,3.2485,3.2485,"[3.4447, 3.5428, 3.6409]",345.0722946501591,6.901445893003182,235.4370930226751,70.35113040777958,13.64566768603465,17.25361473250796,"[{""pnlR"": 0.1100150866462803, ""price"": 3.35739248, ""pnlUsd"": 0.7592631679033602, ""reason"": ""EXPIRED"", ""percent"": 100, ""closedAt"": ""2026-05-14T23:55:10.785Z""}]",0.1100150866462803,0.7592631679033602,0.1651855966998243,0.07088017090844105,0.594077571203536,0.07,0.05,0.02,0.03,t,3.3584,2026-05-14 23:50:00,2026-05-14 05:09:14.065,2026-05-14 23:55:10.785,2026-05-14 23:55:00
169,0,MUSDT,SELL,CANCELLED,CANCELLED_OTHER_SIDE,3.2485,2026-05-14 03:00:41.36,,168,3.2485,3.3466,3.3466,3.3466,"[3.1504, 3.0523, 2.9542]",0,0,0,0,,,[],0,0,0,0,0,0.07,0.05,0.02,0.03,t,,,2026-05-14 03:00:41.36,2026-05-14 05:09:14.065,
170,0,LDOUSDT,BUY,CANCELLED,CANCELLED_OTHER_SIDE,0.3913,2026-05-14 03:00:42.16,,171,0.3913,0.3859,0.3859,0.3859,"[0.3966999999999999, 0.4020999999999999, 0.4074999999999999]",0,0,0,0,,,[],0,0,0,0,0,0.07,0.05,0.02,0.03,t,,,2026-05-14 03:00:42.16,2026-05-14 03:07:38.412,
171,0,LDOUSDT,SELL,CLOSED,FILLED,0.3859,2026-05-14 03:00:42.16,2026-05-14 03:07:38.412,170,0.3859,0.3913,0.3913,0.3859,"[0.3805000000000001, 0.3751000000000001, 0.3697000000000001]",326.3945032515154,6.527890065030308,466.5023659435582,1208.868530561177,25,18.66009463774233,"[{""pnlR"": 0.4999999999999948, ""price"": 0.3805000000000001, ""pnlUsd"": 3.26394503251512, ""reason"": ""TP1"", ""percent"": 50, ""closedAt"": ""2026-05-14T03:23:04.736Z""}, {""pnlR"": -0.01071944444444077, ""price"": 0.38601577, ""pnlUsd"": -0.06997535489150926, ""reason"": ""SL"", ""percent"": 50, ""closedAt"": ""2026-05-14T06:07:06.941Z""}]",0.489280555555554,3.193969677623611,0.2559584999398997,0.06997535489150926,2.938011177683711,0.07,0.05,0.02,0.03,t,0.3859,2026-05-14 06:04:59.999,2026-05-14 03:07:38.412,2026-05-14 06:07:07.196,2026-05-14 23:55:00
172,0,STXUSDT,BUY,CANCELLED,CANCELLED_OTHER_SIDE,0.2667,2026-05-14 03:00:42.962,,173,0.2667,0.2619,0.2619,0.2619,"[0.2715, 0.2762999999999999, 0.2810999999999999]",0,0,0,0,,,[],0,0,0,0,0,0.07,0.05,0.02,0.03,t,,,2026-05-14 03:00:42.962,2026-05-14 03:07:42.036,
173,0,STXUSDT,SELL,SL_HIT,FILLED,0.2619,2026-05-14 03:00:42.962,2026-05-14 03:07:42.036,172,0.2619,0.2667,0.2667,0.2667,"[0.2571000000000001, 0.2523000000000001, 0.2475000000000001]",326.3945032515154,6.527890065030308,356.1780016732184,1359.977096881322,21.82500000000014,16.31972516257577,"[{""pnlR"": -1.016668749999992, ""price"": 0.26678001, ""pnlUsd"": -6.636701832551732, ""reason"": ""SL"", ""percent"": 100, ""closedAt"": ""2026-05-14T05:33:11.094Z""}]",-1.016668749999992,-6.636701832551732,0.2526429520875287,0.1088117675214252,-6.889344784639261,0.07,0.05,0.02,0.03,t,0.2669,2026-05-14 05:29:59.999,2026-05-14 03:07:42.036,2026-05-14 05:33:11.477,2026-05-14 23:55:00
174,0,IPUSDT,BUY,CANCELLED,CANCELLED_OTHER_SIDE,0.5404,2026-05-14 03:00:43.751,,175,0.5404,0.5322,0.5322,0.5322,"[0.5486, 0.5568, 0.565]",0,0,0,0,,,[],0,0,0,0,0,0.07,0.05,0.02,0.03,t,,,2026-05-14 03:00:43.751,2026-05-14 03:06:47.519,
175,0,IPUSDT,SELL,SL_HIT,FILLED,0.5322,2026-05-14 03:00:43.751,2026-05-14 03:06:47.519,174,0.5322,0.5404,0.5404,0.5404,"[0.524, 0.5158, 0.5076]",326.3945032515154,6.527890065030308,423.6759869035532,796.0841542719903,25,16.94703947614213,"[{""pnlR"": -1.019770731707309, ""price"": 0.5405621199999999, ""pnlUsd"": -6.65695122812083, ""reason"": ""SL"", ""percent"": 100, ""closedAt"": ""2026-05-14T14:53:26.051Z""}]",-1.019770731707309,-6.65695122812083,0.2999016664465477,0.1290611630905212,-6.956852894567378,0.07,0.05,0.02,0.03,t,0.5407,2026-05-14 14:49:59.999,2026-05-14 03:06:47.519,2026-05-14 14:53:26.567,2026-05-14 23:55:00
176,0,ORDIUSDT,BUY,CANCELLED,CANCELLED_OTHER_SIDE,4.614,2026-05-14 03:00:44.532,,177,4.614,4.536,4.536,4.536,"[4.692, 4.77, 4.848000000000001]",0,0,0,0,,,[],0,0,0,0,0,0.07,0.05,0.02,0.03,t,,,2026-05-14 03:00:44.532,2026-05-14 03:06:47.199,
177,0,ORDIUSDT,SELL,SL_HIT,FILLED,4.536,2026-05-14 03:00:44.532,2026-05-14 03:06:47.199,176,4.536,4.614,4.614,4.614,"[4.457999999999999, 4.379999999999999, 4.301999999999999]",326.3945032515154,6.527890065030308,379.6219145509918,83.69089826961903,23.26153846153838,16.31972516257577,"[{""pnlR"": -1.017746153846147, ""price"": 4.615384199999999, ""pnlUsd"": -6.643735006415073, ""reason"": ""SL"", ""percent"": 100, ""closedAt"": ""2026-05-14T10:39:41.104Z""}]",-1.017746153846147,-6.643735006415073,0.2690572076889018,0.115844941384765,-6.912792214103975,0.07,0.05,0.02,0.03,t,4.614,2026-05-14 10:34:59.999,2026-05-14 03:06:47.199,2026-05-14 10:39:41.353,2026-05-14 23:55:00
178,0,ARUSDT,BUY,CANCELLED,CANCELLED_OTHER_SIDE,2.3296,2026-05-14 03:00:45.326,,179,2.3296,2.2898,2.2898,2.2898,"[2.3694, 2.4092, 2.449]",0,0,0,0,,,[],0,0,0,0,0,0.07,0.05,0.02,0.03,t,,,2026-05-14 03:00:45.326,2026-05-14 03:06:52.542,
179,0,ARUSDT,SELL,SL_HIT,FILLED,2.2898,2026-05-14 03:00:45.326,2026-05-14 03:06:52.542,178,2.2898,2.3296,2.3296,2.3296,"[2.25, 2.2102, 2.1704]",326.3945032515154,6.527890065030308,375.5669012790547,164.0173383173442,23.01306532663314,16.31972516257577,"[{""pnlR"": -1.017559798994971, ""price"": 2.33029888, ""pnlUsd"": -6.642518502433509, ""reason"": ""SL"", ""percent"": 100, ""closedAt"": ""2026-05-14T05:04:14.373Z""}]",-1.017559798994971,-6.642518502433509,0.2662180901465551,0.1146284374032003,-6.908736592580064,0.07,0.05,0.02,0.03,t,2.3305,2026-05-14 04:59:59.999,2026-05-14 03:06:52.542,2026-05-14 05:04:14.811,2026-05-14 23:55:00
180,0,DOGEUSDT,BUY,CANCELLED,CANCELLED_OTHER_SIDE,0.1154,2026-05-14 03:00:46.117,,181,0.1154,0.11231,0.11231,0.11231,"[0.11849, 0.12158, 0.12467]",0,0,0,0,,,[],0,0,0,0,0,0.07,0.05,0.02,0.03,t,,,2026-05-14 03:00:46.117,2026-05-14 03:57:06.003,
181,0,DOGEUSDT,SELL,SL_HIT,FILLED,0.11231,2026-05-14 03:00:46.117,2026-05-14 03:57:06.003,180,0.11231,0.1154,0.1154,0.1154,"[0.10922, 0.10613, 0.10304]",351.0210436459319,7.020420872918638,255.166170950644,2271.980865022206,14.53851132686079,17.5510521822966,"[{""pnlR"": -1.011203883495145, ""price"": 0.11543462, ""pnlUsd"": -7.099076850465705, ""reason"": ""SL"", ""percent"": 100, ""closedAt"": ""2026-05-14T12:51:24.446Z""}]",-1.011203883495145,-7.099076850465705,0.1821658580906836,0.07865597754706673,-7.281242708556388,0.07,0.05,0.02,0.03,t,0.11539,2026-05-14 12:49:59.999,2026-05-14 03:57:06.003,2026-05-14 12:51:24.568,2026-05-14 23:55:00
182,0,KASUSDT,BUY,CANCELLED,CANCELLED_OTHER_SIDE,0.03744,2026-05-14 03:00:46.909,,183,0.03744,0.03691,0.03691,0.03691,"[0.03797, 0.03850000000000001, 0.03903000000000001]",0,0,0,0,,,[],0,0,0,0,0,0.07,0.05,0.02,0.03,t,,,2026-05-14 03:00:46.909,2026-05-14 03:05:32.776,
183,0,KASUSDT,SELL,SL_HIT,FILLED,0.03691,2026-05-14 03:00:46.909,2026-05-14 03:05:32.776,182,0.03691,0.03744,0.03744,0.03744,"[0.03638, 0.03584999999999999, 0.03531999999999999]",322.5691015260305,6.451382030520611,449.2839825405935,12172.41892551052,25,17.97135930162374,"[{""pnlR"": -1.021192452830188, ""price"": 0.037451232, ""pnlUsd"": -6.588102639891941, ""reason"": ""SL"", ""percent"": 100, ""closedAt"": ""2026-05-14T14:24:59.429Z""}]",-1.021192452830188,-6.588102639891941,0.3177928390983613,0.136720609371333,-6.905895478990303,0.07,0.05,0.02,0.03,t,0.03744,2026-05-14 14:19:59.999,2026-05-14 03:05:32.776,2026-05-14 14:24:59.943,2026-05-14 23:55:00
184,0,SHIB1000USDT,BUY,CANCELLED,CANCELLED_OTHER_SIDE,0.006339,2026-05-14 03:00:47.706,,185,0.006339,0.006263,0.006263,0.006263,"[0.006415, 0.006490999999999999, 0.006566999999999999]",0,0,0,0,,,[],0,0,0,0,0,0.07,0.05,0.02,0.03,t,,,2026-05-14 03:00:47.706,2026-05-14 03:07:41.694,
185,0,SHIB1000USDT,SELL,SL_HIT,FILLED,0.006263,2026-05-14 03:00:47.706,2026-05-14 03:07:41.694,184,0.006263,0.006339,0.006339,0.006339,"[0.006187000000000001, 0.006111000000000001, 0.006035000000000001]",326.3945032515154,6.527890065030308,537.9496773326973,85893.29032934652,25,21.51798709330789,"[{""pnlR"": -1.025022368421055, ""price"": 0.0063409017, ""pnlUsd"": -6.691233335249638, ""reason"": ""SL"", ""percent"": 100, ""closedAt"": ""2026-05-14T14:49:01.656Z""}]",-1.025022368421055,-6.691233335249638,0.379910390800513,0.1633432702193301,-7.071143726050151,0.07,0.05,0.02,0.03,t,0.006339,2026-05-14 14:44:59.999,2026-05-14 03:07:41.694,2026-05-14 14:49:02.348,2026-05-14 23:55:00
186,0,FARTCOINUSDT,BUY,CANCELLED,CANCELLED_OTHER_SIDE,0.22025,2026-05-14 03:00:48.505,,187,0.22025,0.21661,0.21661,0.21661,"[0.22389, 0.22753, 0.23117]",0,0,0,0,,,[],0,0,0,0,0,0.07,0.05,0.02,0.03,t,,,2026-05-14 03:00:48.505,2026-05-14 03:07:38.554,
187,0,FARTCOINUSDT,SELL,CLOSED,FILLED,0.21661,2026-05-14 03:00:48.505,2026-05-14 03:07:38.554,186,0.21661,0.22025,0.22025,0.21661,"[0.21297, 0.20933, 0.20569]",326.3945032515154,6.527890065030308,388.4632601610476,1793.376391491841,23.80329670329668,16.31972516257577,"[{""pnlR"": 0.5, ""price"": 0.21297, ""pnlUsd"": 3.263945032515155, ""reason"": ""TP1"", ""percent"": 50, ""closedAt"": ""2026-05-14T03:20:42.830Z""}, {""pnlR"": -0.008926236263734974, ""price"": 0.216674983, ""pnlUsd"": -0.0582694890241488, ""reason"": ""SL"", ""percent"": 50, ""closedAt"": ""2026-05-14T05:50:34.257Z""}]",0.491073763736265,3.205675543491006,0.2130311388265853,0.0582694890241488,2.992644404664421,0.07,0.05,0.02,0.03,t,0.21652,2026-05-14 05:49:59.999,2026-05-14 03:07:38.554,2026-05-14 05:50:34.502,2026-05-14 23:55:00
188,0,AEROUSDT,BUY,CANCELLED,CANCELLED_OTHER_SIDE,0.4731,2026-05-14 03:00:49.305,,189,0.4731,0.4681,0.4681,0.4681,"[0.4781, 0.4831, 0.4881]",0,0,0,0,,,[],0,0,0,0,0,0.07,0.05,0.02,0.03,t,,,2026-05-14 03:00:49.305,2026-05-14 03:09:40.719,
189,0,AEROUSDT,SELL,CLOSED,FILLED,0.4681,2026-05-14 03:00:49.305,2026-05-14 03:09:40.719,188,0.4681,0.4731,0.4731,0.4631,"[0.4631, 0.4581, 0.4531]",326.3945032515154,6.527890065030308,611.141067888137,1305.57801300606,25,24.44564271552548,"[{""pnlR"": 0.5, ""price"": 0.4631, ""pnlUsd"": 3.263945032515153, ""reason"": ""TP1"", ""percent"": 50, ""closedAt"": ""2026-05-14T03:22:31.713Z""}, {""pnlR"": 0.6, ""price"": 0.4581, ""pnlUsd"": 3.916734039018184, ""reason"": ""TP2"", ""percent"": 30, ""closedAt"": ""2026-05-14T03:49:12.348Z""}, {""pnlR"": 0.1944428000000007, ""price"": 0.46323893, ""pnlUsd"": 1.26930122233668, ""reason"": ""SL"", ""percent"": 20, ""closedAt"": ""2026-05-14T04:12:32.109Z""}]",1.294442800000001,8.449980293870016,0.279054104803068,0.03627679066938157,8.170926189066948,0.07,0.05,0.02,0.03,t,0.4631,2026-05-14 04:09:59.999,2026-05-14 03:09:40.719,2026-05-14 04:12:32.216,2026-05-14 23:55:00
190,0,POLUSDT,BUY,CANCELLED,CANCELLED_OTHER_SIDE,0.09631,2026-05-14 03:00:50.106,,191,0.09631,0.09537,0.09537,0.09537,"[0.09725000000000002, 0.09819000000000003, 0.09913000000000004]",0,0,0,0,,,[],0,0,0,0,0,0.07,0.05,0.02,0.03,t,,,2026-05-14 03:00:50.106,2026-05-14 03:16:44.299,
191,0,POLUSDT,SELL,CLOSED,FILLED,0.09537,2026-05-14 03:00:50.106,2026-05-14 03:16:44.299,190,0.09537,0.09631,0.09631,0.09537,"[0.09442999999999999, 0.09348999999999998, 0.09254999999999997]",327.6508978346803,6.553017956693606,664.8524707764493,6971.295698610143,40.58297872340381,16.38254489173401,"[{""pnlR"": 0.5, ""price"": 0.09442999999999999, ""pnlUsd"": 3.276508978346803, ""reason"": ""TP1"", ""percent"": 50, ""closedAt"": ""2026-05-14T03:20:43.240Z""}, {""pnlR"": -0.01521861702127528, ""price"": 0.095398611, ""pnlUsd"": -0.09972787061645984, ""reason"": ""SL"", ""percent"": 50, ""closedAt"": ""2026-05-14T05:50:36.284Z""}]",0.4847813829787248,3.176781107730343,0.365063421066686,0.09972787061645984,2.811717686663657,0.07,0.05,0.02,0.03,t,0.09538,2026-05-14 05:49:59.999,2026-05-14 03:16:44.299,2026-05-14 05:50:36.384,2026-05-14 23:55:00
192,0,VVVUSDT,BUY,EXPIRED,FILLED,14.444,2026-05-14 03:00:50.907,2026-05-14 14:28:56.163,193,14.444,13.001,13.001,13.001,"[15.887, 17.33000000000001, 18.773]",300.9380213112964,6.018760426225928,60.24599833430854,4.17100514637971,4.003880803880801,15.04690106556482,"[{""pnlR"": 0.1598033957033957, ""price"": 14.6745963, ""pnlUsd"": 0.9618183540361204, ""reason"": ""EXPIRED"", ""percent"": 100, ""closedAt"": ""2026-05-14T23:55:00.461Z""}]",0.1598033957033957,0.9618183540361204,0.04265310801103404,0.01836785536310913,0.9191652460250863,0.07,0.05,0.02,0.03,t,14.679,2026-05-14 23:54:59.999,2026-05-14 14:28:56.163,2026-05-14 23:55:00.461,2026-05-14 23:55:00
193,0,VVVUSDT,SELL,CANCELLED,CANCELLED_OTHER_SIDE,13.001,2026-05-14 03:00:50.907,,192,13.001,14.444,14.444,14.444,"[11.558, 10.115, 8.671999999999995]",0,0,0,0,,,[],0,0,0,0,0,0.07,0.05,0.02,0.03,t,,,2026-05-14 03:00:50.907,2026-05-14 14:28:56.163,
194,0,USELESSUSDT,BUY,EXPIRED,FILLED,0.0682,2026-05-14 03:00:51.697,2026-05-14 14:41:52.973,195,0.0682,0.06249,0.06249,0.06249,"[0.07391, 0.07962, 0.08532999999999999]",301.1341568176165,6.02268313635233,71.9346742380436,1054.760619326152,4.777583187390544,15.05670784088082,"[{""pnlR"": -0.09287338003502518, ""price"": 0.067669693, ""pnlUsd"": -0.5593469397529871, ""reason"": ""EXPIRED"", ""percent"": 100, ""closedAt"": ""2026-05-14T23:55:00.461Z""}]",-0.09287338003502518,-0.5593469397529871,0.05007459849675401,0.0214190238966532,-0.6094215382497411,0.07,0.05,0.02,0.03,t,0.06769,2026-05-14 23:54:59.999,2026-05-14 14:41:52.973,2026-05-14 23:55:00.461,2026-05-14 23:55:00
195,0,USELESSUSDT,SELL,CANCELLED,CANCELLED_OTHER_SIDE,0.06249,2026-05-14 03:00:51.697,,194,0.06249,0.0682,0.0682,0.0682,"[0.05678, 0.05107, 0.04536]",0,0,0,0,,,[],0,0,0,0,0,0.07,0.05,0.02,0.03,t,,,2026-05-14 03:00:51.697,2026-05-14 14:41:52.973,
196,0,SIRENUSDT,BUY,CANCELLED,CANCELLED_OTHER_SIDE,1.16102,2026-05-14 03:00:52.488,,197,1.16102,1.11011,1.11011,1.11011,"[1.21193, 1.26284, 1.31375]",0,0,0,0,,,[],0,0,0,0,0,0.07,0.05,0.02,0.03,t,,,2026-05-14 03:00:52.488,2026-05-14 03:01:01.373,
197,0,SIRENUSDT,SELL,CLOSED,FILLED,1.11011,2026-05-14 03:00:52.488,2026-05-14 03:01:01.373,196,1.11011,1.16102,1.16102,1.0592,"[1.0592, 1.00829, 0.9573799999999999]",319.4160916416023,6.388321832832045,139.2995472371868,125.4826523832654,8.722137104694557,15.97080458208011,"[{""pnlR"": 0.5, ""price"": 1.0592, ""pnlUsd"": 3.194160916416021, ""reason"": ""TP1"", ""percent"": 50, ""closedAt"": ""2026-05-14T03:04:53.183Z""}, {""pnlR"": 0.6, ""price"": 1.00829, ""pnlUsd"": 3.832993099699226, ""reason"": ""TP2"", ""percent"": 30, ""closedAt"": ""2026-05-14T03:06:28.299Z""}, {""pnlR"": 0.1987516794342961, ""price"": 1.05951776, ""pnlUsd"": 1.269689693042149, ""reason"": ""SL"", ""percent"": 20, ""closedAt"": ""2026-05-14T03:10:00.652Z""}]",1.298751679434296,8.296843709157397,0.0620375160793618,0.007974673524259897,8.234806193078034,0.07,0.05,0.02,0.03,t,1.05987,2026-05-14 03:09:59.999,2026-05-14 03:01:01.373,2026-05-14 03:10:00.762,2026-05-14 23:55:00
198,0,1000BONKUSDT,BUY,CANCELLED,CANCELLED_OTHER_SIDE,0.006902,2026-05-14 03:00:53.282,,199,0.006902,0.006797,0.006797,0.006797,"[0.007007, 0.007112, 0.007217]",0,0,0,0,,,[],0,0,0,0,0,0.07,0.05,0.02,0.03,t,,,2026-05-14 03:00:53.282,2026-05-14 03:07:41.902,
199,0,1000BONKUSDT,SELL,SL_HIT,FILLED,0.006797,2026-05-14 03:00:53.282,2026-05-14 03:07:41.902,198,0.006797,0.006902,0.006902,0.006902,"[0.006692, 0.006587, 0.006482]",326.3945032515154,6.527890065030308,422.5720835429618,62170.38157171719,25.89333333333333,16.31972516257577,"[{""pnlR"": -1.01972, ""price"": 0.0069040706, ""pnlUsd"": -6.656620057112709, ""reason"": ""SL"", ""percent"": 100, ""closedAt"": ""2026-05-14T14:20:49.814Z""}]",-1.01972,-6.656620057112709,0.2991287685086296,0.128729992082401,-6.955748825621339,0.07,0.05,0.02,0.03,t,0.006903,2026-05-14 14:19:59.999,2026-05-14 03:07:41.902,2026-05-14 14:20:50.26,2026-05-14 23:55:00
200,0,DYDXUSDT,BUY,CLOSED,FILLED,0.15086,2026-05-14 03:21:37.284,2026-05-14 12:35:06.703,,0.15086,0.14925,0.14925,0.15408,"[0.15247, 0.15408, 0.15569]",329.2239839865775,6.584479679731549,616.9780152076405,4089.738931510278,25,24.67912060830562,"[{""pnlR"": 0.5, ""price"": 0.15247, ""pnlUsd"": 3.292239839865774, ""reason"": ""TP1"", ""percent"": 50, ""closedAt"": ""2026-05-14T13:43:22.230Z""}, {""pnlR"": 0.6, ""price"": 0.15408, ""pnlUsd"": 3.950687807838929, ""reason"": ""TP2"", ""percent"": 30, ""closedAt"": ""2026-05-14T14:18:21.963Z""}, {""pnlR"": 0.6000000000000001, ""price"": 0.15569, ""pnlUsd"": 3.950687807838929, ""reason"": ""TP3"", ""percent"": 20, ""closedAt"": ""2026-05-14T14:36:24.434Z""}]",1.7,11.19361545554363,0.2490299291741649,0,10.94458552636947,0.07,0.05,0.02,0.03,t,0.15569,2026-05-14 14:34:59.999,2026-05-14 12:35:06.703,2026-05-14 14:36:24.536,2026-05-14 23:55:00
201,0,ZECUSDT,BUY,CLOSED,FILLED,533.45,2026-05-14 08:45:37.416,2026-05-14 14:18:23.823,,533.45,523.61,523.61,543.2900000000001,"[543.2900000000001, 553.1300000000001, 562.9700000000001]",328.9621082547216,6.579242165094432,356.6764972530095,0.668622171249432,21.68495934959343,16.44810541273608,"[{""pnlR"": 0.5, ""price"": 543.2900000000001, ""pnlUsd"": 3.289621082547216, ""reason"": ""TP1"", ""percent"": 50, ""closedAt"": ""2026-05-14T14:40:20.634Z""}, {""pnlR"": 0.6, ""price"": 553.1300000000001, ""pnlUsd"": 3.947545299056659, ""reason"": ""TP2"", ""percent"": 30, ""closedAt"": ""2026-05-14T14:43:43.762Z""}, {""pnlR"": 0.1966872560975624, ""price"": 543.1270130000001, ""pnlUsd"": 1.29405308865381, ""reason"": ""SL"", ""percent"": 20, ""closedAt"": ""2026-05-14T16:02:26.044Z""}]",1.296687256097563,8.531219470257685,0.1661656485570321,0.02179534436507688,8.365053821700654,0.07,0.05,0.02,0.03,t,543.06,2026-05-14 15:59:59.999,2026-05-14 14:18:23.823,2026-05-14 16:02:26.148,2026-05-14 23:55:00
202,0,TRUMPUSDT,BUY,CANCELLED,CANCELLED_OTHER_SIDE,2.386,2026-05-14 08:45:37.627,,203,2.386,2.353,2.353,2.353,"[2.419, 2.452, 2.485]",0,0,0,0,,,[],0,0,0,0,0,0.07,0.05,0.02,0.03,t,,,2026-05-14 08:45:37.627,2026-05-14 09:04:43.25,
203,0,TRUMPUSDT,SELL,SL_HIT,FILLED,2.353,2026-05-14 08:45:37.627,2026-05-14 09:04:43.25,202,2.353,2.386,2.386,2.386,"[2.32, 2.287, 2.254]",336.1367762006815,6.72273552401363,479.3514147880034,203.7192583034438,25,19.17405659152014,"[{""pnlR"": -1.021690909090911, ""price"": 2.3867158, ""pnlUsd"": -6.868557769107243, ""reason"": ""SL"", ""percent"": 100, ""closedAt"": ""2026-05-14T14:23:44.163Z""}]",-1.021690909090911,-6.868557769107243,0.338980269236156,0.1458222450936141,-7.207538038343399,0.07,0.05,0.02,0.03,t,2.386,2026-05-14 14:19:59.999,2026-05-14 09:04:43.25,2026-05-14 14:23:44.39,2026-05-14 23:55:00
204,0,ETHUSDT,BUY,CANCELLED,CANCELLED_OTHER_SIDE,2299.45,2026-05-15 03:00:51.023,,205,2299.45,2258.83,2258.83,2258.83,"[2340.07, 2380.69, 2421.309999999999]",0,0,0,0,,,[],0,0,0,0,0,0.07,0.05,0.02,0.03,t,,,2026-05-15 03:00:51.023,2026-05-15 05:30:55.017,
205,0,ETHUSDT,SELL,EXPIRED,FILLED,2258.83,2026-05-15 03:00:51.023,2026-05-15 05:30:55.017,204,2258.83,2299.45,2299.45,2258.83,"[2218.21, 2177.59, 2136.97]",289.9417060403675,5.798834120807349,322.4662845175603,0.1427581024324807,22.24352535696707,14.49708530201837,"[{""pnlR"": 0.5, ""price"": 2218.21, ""pnlUsd"": 2.899417060403675, ""reason"": ""TP1"", ""percent"": 50, ""closedAt"": ""2026-05-15T13:51:17.222Z""}, {""pnlR"": 0.4235952117183663, ""price"": 2224.417125, ""pnlUsd"": 2.456358367123076, ""reason"": ""EXPIRED"", ""percent"": 50, ""closedAt"": ""2026-05-15T23:55:00.599Z""}]",0.9235952117183663,5.355775427526751,0.1755483938890159,0.04761874954263019,5.180227033637736,0.07,0.05,0.02,0.03,t,2223.75,2026-05-15 23:54:59.999,2026-05-15 05:30:55.017,2026-05-15 23:55:00.599,2026-05-15 23:55:00
206,0,AAVEUSDT,BUY,CANCELLED,CANCELLED_OTHER_SIDE,99.07,2026-05-15 03:00:51.831,,207,99.07,97.32,97.32,97.32,"[100.82, 102.57, 104.32]",0,0,0,0,,,[],0,0,0,0,0,0.07,0.05,0.02,0.03,t,,,2026-05-15 03:00:51.831,2026-05-15 05:07:29.342,
207,0,AAVEUSDT,SELL,EXPIRED,FILLED,97.32,2026-05-15 03:00:51.831,2026-05-15 05:07:29.342,206,97.32,99.07,99.07,95.57,"[95.57, 93.82, 92.07]",289.9417060403675,5.798834120807349,322.4814495068407,3.3136194976042,22.24457142857143,14.49708530201837,"[{""pnlR"": 0.5, ""price"": 95.57, ""pnlUsd"": 2.899417060403675, ""reason"": ""TP1"", ""percent"": 50, ""closedAt"": ""2026-05-15T12:48:07.739Z""}, {""pnlR"": 0.6, ""price"": 93.82, ""pnlUsd"": 3.47930047248441, ""reason"": ""TP2"", ""percent"": 30, ""closedAt"": ""2026-05-15T13:43:58.629Z""}, {""pnlR"": 0.5031009142857135, ""price"": 92.917867, ""pnlUsd"": 2.917398747969369, ""reason"": ""EXPIRED"", ""percent"": 20, ""closedAt"": ""2026-05-15T23:55:02.112Z""}]",1.603100914285714,9.296116280857454,0.1456070238925845,0.0184681269079476,9.15050925696487,0.07,0.05,0.02,0.03,t,92.89,2026-05-15 23:54:59.999,2026-05-15 05:07:29.342,2026-05-15 23:55:02.112,2026-05-15 23:55:00
208,0,ENAUSDT,BUY,CANCELLED,CANCELLED_OTHER_SIDE,0.12216,2026-05-15 03:00:52.642,,209,0.12216,0.11935,0.11935,0.11935,"[0.12497, 0.12778, 0.13059]",0,0,0,0,,,[],0,0,0,0,0,0.07,0.05,0.02,0.03,t,,,2026-05-15 03:00:52.642,2026-05-15 05:08:00.85,
209,0,ENAUSDT,SELL,CLOSED,FILLED,0.11935,2026-05-15 03:00:52.642,2026-05-15 05:08:00.85,208,0.11935,0.12216,0.12216,0.11373,"[0.11654, 0.11373, 0.11092]",289.9417060403675,5.798834120807349,246.2956769816211,2063.642035874496,16.98932384341632,14.49708530201838,"[{""pnlR"": 0.4999999999999976, ""price"": 0.11654, ""pnlUsd"": 2.89941706040366, ""reason"": ""TP1"", ""percent"": 50, ""closedAt"": ""2026-05-15T13:00:31.067Z""}, {""pnlR"": 0.5999999999999985, ""price"": 0.11373, ""pnlUsd"": 3.4793004724844, ""reason"": ""TP2"", ""percent"": 30, ""closedAt"": ""2026-05-15T13:38:13.059Z""}, {""pnlR"": 0.5999999999999981, ""price"": 0.11092, ""pnlUsd"": 3.479300472484397, ""reason"": ""TP3"", ""percent"": 20, ""closedAt"": ""2026-05-15T13:52:00.999Z""}]",1.699999999999994,9.858018005372458,0.09654666719157395,0,9.761471338180884,0.07,0.05,0.02,0.03,t,0.11092,2026-05-15 13:49:59.999,2026-05-15 05:08:00.85,2026-05-15 13:52:01.25,2026-05-15 23:55:00
210,0,SEIUSDT,BUY,CANCELLED,CANCELLED_OTHER_SIDE,0.06753,2026-05-15 03:00:53.452,,211,0.06753,0.06652,0.06652,0.06652,"[0.06854000000000002, 0.06955000000000003, 0.07056000000000004]",0,0,0,0,,,[],0,0,0,0,0,0.07,0.05,0.02,0.03,t,,,2026-05-15 03:00:53.452,2026-05-15 05:00:17.803,
211,0,SEIUSDT,SELL,CLOSED,FILLED,0.06652,2026-05-15 03:00:53.452,2026-05-15 05:00:17.803,210,0.06652,0.06753,0.06753,0.06449999999999997,"[0.06550999999999998, 0.06449999999999997, 0.06348999999999996]",289.9417060403675,5.798834120807349,381.9192531842581,5741.419921591373,26.34455445544526,14.49708530201837,"[{""pnlR"": 0.5, ""price"": 0.06550999999999998, ""pnlUsd"": 2.899417060403675, ""reason"": ""TP1"", ""percent"": 50, ""closedAt"": ""2026-05-15T12:06:51.665Z""}, {""pnlR"": 0.6, ""price"": 0.06449999999999997, ""pnlUsd"": 3.47930047248441, ""reason"": ""TP2"", ""percent"": 30, ""closedAt"": ""2026-05-15T13:31:38.155Z""}, {""pnlR"": 0.6000000000000001, ""price"": 0.06348999999999996, ""pnlUsd"": 3.47930047248441, ""reason"": ""TP3"", ""percent"": 20, ""closedAt"": ""2026-05-15T13:51:20.884Z""}]",1.7,9.858018005372495,0.1507960976726287,0,9.707221907699866,0.07,0.05,0.02,0.03,t,0.06348,2026-05-15 13:49:59.999,2026-05-15 05:00:17.803,2026-05-15 13:51:21.194,2026-05-15 23:55:00
212,0,MUSDT,BUY,SL_HIT,FILLED,3.3708,2026-05-15 03:00:54.247,2026-05-15 04:50:08.625,213,3.3708,3.3358,3.3358,3.3358,"[3.4058, 3.4408, 3.4758]",287.1354204083634,5.742708408167268,553.0720429214329,164.0773830904927,25,22.12288171685731,"[{""pnlR"": -1.028592571428567, ""price"": 3.33479926, ""pnlUsd"": -5.90690720852122, ""reason"": ""SL"", ""percent"": 100, ""closedAt"": ""2026-05-15T06:04:27.589Z""}]",-1.028592571428567,-5.90690720852122,0.3841969764407424,0.1641988003539523,-6.291104184961963,0.07,0.05,0.02,0.03,t,3.3379,2026-05-15 05:59:59.999,2026-05-15 04:50:08.625,2026-05-15 06:04:28.781,2026-05-15 23:55:00
213,0,MUSDT,SELL,CANCELLED,CANCELLED_OTHER_SIDE,3.3358,2026-05-15 03:00:54.247,,212,3.3358,3.3708,3.3708,3.3708,"[3.3008, 3.2658, 3.230799999999999]",0,0,0,0,,,[],0,0,0,0,0,0.07,0.05,0.02,0.03,t,,,2026-05-15 03:00:54.247,2026-05-15 04:50:08.625,
214,0,LDOUSDT,BUY,CANCELLED,CANCELLED_OTHER_SIDE,0.3923,2026-05-15 03:00:55.05,,215,0.3923,0.3832,0.3832,0.3832,"[0.4014, 0.4105, 0.4196]",0,0,0,0,,,[],0,0,0,0,0,0.07,0.05,0.02,0.03,t,,,2026-05-15 03:00:55.05,2026-05-15 04:51:46.744,
215,0,LDOUSDT,SELL,EXPIRED,FILLED,0.3832,2026-05-15 03:00:55.05,2026-05-15 04:51:46.744,214,0.3832,0.3923,0.3923,0.3741,"[0.3741, 0.365, 0.3559]",287.1354204083634,5.742708408167268,241.8248200010657,631.0668580403594,16.84395604395605,14.35677102041817,"[{""pnlR"": 0.5, ""price"": 0.3741, ""pnlUsd"": 2.871354204083635, ""reason"": ""TP1"", ""percent"": 50, ""closedAt"": ""2026-05-15T05:36:26.275Z""}, {""pnlR"": 0.6, ""price"": 0.365, ""pnlUsd"": 3.445625044900361, ""reason"": ""TP2"", ""percent"": 30, ""closedAt"": ""2026-05-15T13:38:13.591Z""}, {""pnlR"": 0.4261734065934066, ""price"": 0.36380911, ""pnlUsd"": 2.447389605381245, ""reason"": ""EXPIRED"", ""percent"": 20, ""closedAt"": ""2026-05-15T23:55:04.544Z""}]",1.526173406593407,8.764368854365241,0.1087523265480028,0.01377114097615267,8.655616527817237,0.07,0.05,0.02,0.03,t,0.3637,2026-05-15 23:50:00,2026-05-15 04:51:46.744,2026-05-15 23:55:04.544,2026-05-15 23:55:00
216,0,DYDXUSDT,BUY,CANCELLED,CANCELLED_OTHER_SIDE,0.15764,2026-05-15 03:00:55.856,,217,0.15764,0.15346,0.15346,0.15346,"[0.16182, 0.166, 0.17018]",0,0,0,0,,,[],0,0,0,0,0,0.07,0.05,0.02,0.03,t,,,2026-05-15 03:00:55.856,2026-05-15 04:55:48.947,
217,0,DYDXUSDT,SELL,EXPIRED,FILLED,0.15346,2026-05-15 03:00:55.856,2026-05-15 04:55:48.947,216,0.15346,0.15764,0.15764,0.14928,"[0.14928, 0.1451, 0.14092]",287.1354204083634,5.742708408167268,210.8315866787922,1373.853686164422,14.68516746411487,14.35677102041817,"[{""pnlR"": 0.5000000000000033, ""price"": 0.14928, ""pnlUsd"": 2.871354204083654, ""reason"": ""TP1"", ""percent"": 50, ""closedAt"": ""2026-05-15T12:37:09.246Z""}, {""pnlR"": 0.600000000000002, ""price"": 0.1451, ""pnlUsd"": 3.445625044900373, ""reason"": ""TP2"", ""percent"": 30, ""closedAt"": ""2026-05-15T13:38:36.928Z""}, {""pnlR"": 0.256247942583734, ""price"": 0.148104418, ""pnlUsd"": 1.471557214451173, ""reason"": ""EXPIRED"", ""percent"": 20, ""closedAt"": ""2026-05-15T23:55:03.969Z""}]",1.356247942583739,7.7885364634352,0.09498335541522203,0.01220476660640766,7.693553108019978,0.07,0.05,0.02,0.03,t,0.14806,2026-05-15 23:54:59.999,2026-05-15 04:55:48.947,2026-05-15 23:55:03.969,2026-05-15 23:55:00
218,0,ZECUSDT,BUY,CANCELLED,CANCELLED_OTHER_SIDE,564.44,2026-05-15 03:00:56.651,,219,564.44,541.52,541.52,541.52,"[587.3600000000001, 610.2800000000002, 633.2000000000003]",0,0,0,0,,,[],0,0,0,0,0,0.07,0.05,0.02,0.03,t,,,2026-05-15 03:00:56.651,2026-05-15 04:50:05.628,
219,0,ZECUSDT,SELL,EXPIRED,FILLED,541.52,2026-05-15 03:00:56.651,2026-05-15 04:50:05.628,218,541.52,564.44,564.44,541.52,"[518.5999999999999, 495.6799999999998, 472.7599999999998]",287.1354204083634,5.742708408167268,135.6802555493337,0.2505544680701243,9.450610820244297,14.35677102041817,"[{""pnlR"": 0.5, ""price"": 518.5999999999999, ""pnlUsd"": 2.871354204083634, ""reason"": ""TP1"", ""percent"": 50, ""closedAt"": ""2026-05-15T15:16:01.411Z""}, {""pnlR"": 0.5705810863874329, ""price"": 515.364563, ""pnlUsd"": 3.276680802338325, ""reason"": ""EXPIRED"", ""percent"": 50, ""closedAt"": ""2026-05-15T23:55:04.139Z""}]",1.070581086387433,6.148035006421959,0.07241152931014766,0.01936322512415369,6.075623477111812,0.07,0.05,0.02,0.03,t,515.21,2026-05-15 23:54:59.999,2026-05-15 04:50:05.628,2026-05-15 23:55:04.139,2026-05-15 23:55:00
220,0,STXUSDT,BUY,CANCELLED,CANCELLED_OTHER_SIDE,0.2692,2026-05-15 03:00:57.428,,221,0.2692,0.2655,0.2655,0.2655,"[0.2729, 0.2766, 0.2802999999999999]",0,0,0,0,,,[],0,0,0,0,0,0.07,0.05,0.02,0.03,t,,,2026-05-15 03:00:57.428,2026-05-15 03:35:33.839,
221,0,STXUSDT,SELL,CLOSED,FILLED,0.2655,2026-05-15 03:00:57.428,2026-05-15 03:35:33.839,220,0.2655,0.2692,0.2692,0.2581000000000001,"[0.2618, 0.2581000000000001, 0.2544000000000001]",293.1930750885238,5.863861501770476,420.7716834378566,1584.827432910947,25,16.83086733751426,"[{""pnlR"": 0.5000000000000075, ""price"": 0.2618, ""pnlUsd"": 2.931930750885281, ""reason"": ""TP1"", ""percent"": 50, ""closedAt"": ""2026-05-15T04:57:46.584Z""}, {""pnlR"": 0.5999999999999954, ""price"": 0.2581000000000001, ""pnlUsd"": 3.518316901062258, ""reason"": ""TP2"", ""percent"": 30, ""closedAt"": ""2026-05-15T08:26:11.935Z""}, {""pnlR"": 0.599999999999997, ""price"": 0.2544000000000001, ""pnlUsd"": 3.518316901062267, ""reason"": ""TP3"", ""percent"": 20, ""closedAt"": ""2026-05-15T13:00:56.297Z""}]",1.7,9.968564553009806,0.1663149604645406,0,9.802249592545266,0.07,0.05,0.02,0.03,t,0.2544,2026-05-15 12:59:59.999,2026-05-15 03:35:33.839,2026-05-15 13:00:57.38,2026-05-15 23:55:00
222,0,IPUSDT,BUY,CANCELLED,CANCELLED_OTHER_SIDE,0.5407,2026-05-15 03:00:58.229,,223,0.5407,0.5293,0.5293,0.5293,"[0.5520999999999999, 0.5634999999999999, 0.5748999999999999]",0,0,0,0,,,[],0,0,0,0,0,0.07,0.05,0.02,0.03,t,,,2026-05-15 03:00:58.229,2026-05-15 04:53:30.239,
223,0,IPUSDT,SELL,EXPIRED,FILLED,0.5293,2026-05-15 03:00:58.229,2026-05-15 04:53:30.239,222,0.5293,0.5407,0.5407,0.5179,"[0.5179, 0.5065000000000001, 0.4951000000000001]",287.1354204083634,5.742708408167268,266.6329438985039,503.7463515936216,18.57192982456146,14.35677102041817,"[{""pnlR"": 0.5, ""price"": 0.5179, ""pnlUsd"": 2.871354204083635, ""reason"": ""TP1"", ""percent"": 50, ""closedAt"": ""2026-05-15T05:36:11.098Z""}, {""pnlR"": 0.6, ""price"": 0.5065000000000001, ""pnlUsd"": 3.445625044900361, ""reason"": ""TP2"", ""percent"": 30, ""closedAt"": ""2026-05-15T13:39:11.807Z""}, {""pnlR"": 0.4956092982456151, ""price"": 0.50105027, ""pnlUsd"": 2.846139684200974, ""reason"": ""EXPIRED"", ""percent"": 20, ""closedAt"": ""2026-05-15T23:55:06.525Z""}]",1.595609298245615,9.16311893318497,0.1199646885014145,0.0151395928507955,9.043154244683556,0.07,0.05,0.02,0.03,t,0.5009,2026-05-15 23:50:00,2026-05-15 04:53:30.239,2026-05-15 23:55:06.525,2026-05-15 23:55:00
224,0,ORDIUSDT,BUY,CANCELLED,CANCELLED_OTHER_SIDE,4.769,2026-05-15 03:00:59.037,,225,4.769,4.579,4.579,4.579,"[4.959000000000001, 5.149000000000001, 5.339000000000001]",0,0,0,0,,,[],0,0,0,0,0,0.07,0.05,0.02,0.03,t,,,2026-05-15 03:00:59.037,2026-05-15 03:32:58.674,
225,0,ORDIUSDT,SELL,EXPIRED,FILLED,4.579,2026-05-15 03:00:59.037,2026-05-15 03:32:58.674,224,4.579,4.769,4.769,4.579,"[4.388999999999999, 4.198999999999999, 4.008999999999999]",293.1930750885238,5.863861501770476,141.3190621926682,30.86242895668665,9.639999999999981,14.65965375442619,"[{""pnlR"": 0.5, ""price"": 4.388999999999999, ""pnlUsd"": 2.931930750885238, ""reason"": ""TP1"", ""percent"": 50, ""closedAt"": ""2026-05-15T13:38:03.966Z""}, {""pnlR"": 0.786095526315787, ""price"": 4.2802837, ""pnlUsd"": 4.609555293477143, ""reason"": ""EXPIRED"", ""percent"": 50, ""closedAt"": ""2026-05-15T23:55:04.372Z""}]",1.286095526315787,7.541486044362381,0.07483432040905189,0.01980905002585102,7.466651723953329,0.07,0.05,0.02,0.03,t,4.279,2026-05-15 23:54:59.999,2026-05-15 03:32:58.674,2026-05-15 23:55:04.372,2026-05-15 23:55:00
226,0,ARUSDT,BUY,CANCELLED,CANCELLED_OTHER_SIDE,2.3855,2026-05-15 03:00:59.83,,227,2.3855,2.3409,2.3409,2.3409,"[2.4301, 2.4747, 2.5193]",0,0,0,0,,,[],0,0,0,0,0,0.07,0.05,0.02,0.03,t,,,2026-05-15 03:00:59.83,2026-05-15 04:23:20.894,
227,0,ARUSDT,SELL,CLOSED,FILLED,2.3409,2026-05-15 03:00:59.83,2026-05-15 04:23:20.894,226,2.3409,2.3855,2.3855,2.2517,"[2.2963, 2.2517, 2.2071]",287.1354204083634,5.742708408167268,301.4149352618557,128.7602782100285,20.99461883408073,14.35677102041817,"[{""pnlR"": 0.5, ""price"": 2.2963, ""pnlUsd"": 2.871354204083634, ""reason"": ""TP1"", ""percent"": 50, ""closedAt"": ""2026-05-15T05:36:24.716Z""}, {""pnlR"": 0.6, ""price"": 2.2517, ""pnlUsd"": 3.44562504490036, ""reason"": ""TP2"", ""percent"": 30, ""closedAt"": ""2026-05-15T13:30:27.452Z""}, {""pnlR"": 0.6000000000000001, ""price"": 2.2071, ""pnlUsd"": 3.44562504490036, ""reason"": ""TP3"", ""percent"": 20, ""closedAt"": ""2026-05-15T13:46:19.304Z""}]",1.7,9.762604293884355,0.1186134532459655,0,9.64399084063839,0.07,0.05,0.02,0.03,t,2.2095,2026-05-15 13:44:59.999,2026-05-15 04:23:20.894,2026-05-15 13:46:19.661,2026-05-15 23:55:00
228,0,DOGEUSDT,BUY,CANCELLED,CANCELLED_OTHER_SIDE,0.11741,2026-05-15 03:01:00.625,,229,0.11741,0.1151,0.1151,0.1151,"[0.11972, 0.12203, 0.12434]",0,0,0,0,,,[],0,0,0,0,0,0.07,0.05,0.02,0.03,t,,,2026-05-15 03:01:00.625,2026-05-15 04:28:20.973,
229,0,DOGEUSDT,SELL,CLOSED,FILLED,0.1151,2026-05-15 03:01:00.625,2026-05-15 04:28:20.973,228,0.1151,0.11741,0.11741,0.1151,"[0.11279, 0.11048, 0.10817]",287.1354204083634,5.742708408167268,286.141012025996,2486.02095591656,19.93073593073588,14.35677102041817,"[{""pnlR"": 0.499999999999997, ""price"": 0.11279, ""pnlUsd"": 2.871354204083618, ""reason"": ""TP1"", ""percent"": 50, ""closedAt"": ""2026-05-15T05:36:10.887Z""}, {""pnlR"": -0.007474025974023996, ""price"": 0.11513453, ""pnlUsd"": -0.04292115180388817, ""reason"": ""SL"", ""percent"": 50, ""closedAt"": ""2026-05-15T07:32:30.516Z""}]",0.492525974025973,2.82843305227973,0.156824746349383,0.04292115180388817,2.671608305930347,0.07,0.05,0.02,0.03,t,0.11507,2026-05-15 07:29:59.999,2026-05-15 04:28:20.973,2026-05-15 07:32:30.778,2026-05-15 23:55:00
230,0,TRUMPUSDT,BUY,CANCELLED,CANCELLED_OTHER_SIDE,2.39,2026-05-15 03:01:01.434,,231,2.39,2.35,2.35,2.35,"[2.43, 2.47, 2.51]",0,0,0,0,,,[],0,0,0,0,0,0.07,0.05,0.02,0.03,t,,,2026-05-15 03:01:01.434,2026-05-15 04:49:10.072,
231,0,TRUMPUSDT,SELL,CLOSED,FILLED,2.35,2026-05-15 03:01:01.434,2026-05-15 04:49:10.072,230,2.35,2.39,2.39,2.27,"[2.31, 2.27, 2.23]",287.1354204083634,5.742708408167268,337.3841189798268,143.5677102041816,23.49999999999999,14.35677102041817,"[{""pnlR"": 0.5, ""price"": 2.31, ""pnlUsd"": 2.871354204083635, ""reason"": ""TP1"", ""percent"": 50, ""closedAt"": ""2026-05-15T13:01:18.652Z""}, {""pnlR"": 0.6, ""price"": 2.27, ""pnlUsd"": 3.445625044900361, ""reason"": ""TP2"", ""percent"": 30, ""closedAt"": ""2026-05-15T13:38:14.056Z""}, {""pnlR"": 0.6000000000000001, ""price"": 2.23, ""pnlUsd"": 3.445625044900361, ""reason"": ""TP3"", ""percent"": 20, ""closedAt"": ""2026-05-15T13:51:06.890Z""}]",1.7,9.762604293884358,0.1330011267331538,0,9.629603167151204,0.07,0.05,0.02,0.03,t,2.226,2026-05-15 13:49:59.999,2026-05-15 04:49:10.072,2026-05-15 13:51:07.016,2026-05-15 23:55:00
232,0,KASUSDT,BUY,CANCELLED,CANCELLED_OTHER_SIDE,0.03809,2026-05-15 03:01:02.231,,233,0.03809,0.03755,0.03755,0.03755,"[0.03863, 0.03917, 0.03971]",0,0,0,0,,,[],0,0,0,0,0,0.07,0.05,0.02,0.03,t,,,2026-05-15 03:01:02.231,2026-05-15 03:08:26.939,
233,0,KASUSDT,SELL,CLOSED,FILLED,0.03755,2026-05-15 03:01:02.231,2026-05-15 03:08:26.939,232,0.03755,0.03809,0.03809,0.03647,"[0.03701, 0.03647, 0.03593]",293.1930750885238,5.863861501770476,407.7555544286701,10859.00278105646,25,16.31022217714681,"[{""pnlR"": 0.5, ""price"": 0.03701, ""pnlUsd"": 2.931930750885238, ""reason"": ""TP1"", ""percent"": 50, ""closedAt"": ""2026-05-15T05:32:17.811Z""}, {""pnlR"": 0.6, ""price"": 0.03647, ""pnlUsd"": 3.518316901062286, ""reason"": ""TP2"", ""percent"": 30, ""closedAt"": ""2026-05-15T08:30:52.201Z""}, {""pnlR"": 0.6000000000000026, ""price"": 0.03593, ""pnlUsd"": 3.518316901062301, ""reason"": ""TP3"", ""percent"": 20, ""closedAt"": ""2026-05-15T12:48:14.804Z""}]",1.700000000000003,9.968564553009823,0.1611085088608661,0,9.807456044148957,0.07,0.05,0.02,0.03,t,0.03594,2026-05-15 12:44:59.999,2026-05-15 03:08:26.939,2026-05-15 12:48:15.384,2026-05-15 23:55:00
234,0,SHIB1000USDT,BUY,CANCELLED,CANCELLED_OTHER_SIDE,0.006389,2026-05-15 03:01:03.03,,235,0.006389,0.006294,0.006294,0.006294,"[0.006483999999999999, 0.006578999999999999, 0.006673999999999999]",0,0,0,0,,,[],0,0,0,0,0,0.07,0.05,0.02,0.03,t,,,2026-05-15 03:01:03.03,2026-05-15 04:53:29.73,
235,0,SHIB1000USDT,SELL,EXPIRED,FILLED,0.006294,2026-05-15 03:01:03.03,2026-05-15 04:53:29.73,234,0.006294,0.006389,0.006389,0.006199000000000001,"[0.006199000000000001, 0.006104000000000001, 0.006009000000000001]",287.1354204083634,5.742708408167268,380.469544431631,60449.56219123466,25,15.21878177726524,"[{""pnlR"": 0.4999999999999954, ""price"": 0.006199000000000001, ""pnlUsd"": 2.871354204083608, ""reason"": ""TP1"", ""percent"": 50, ""closedAt"": ""2026-05-15T13:30:24.084Z""}, {""pnlR"": 0.6, ""price"": 0.006104000000000001, ""pnlUsd"": 3.445625044900361, ""reason"": ""TP2"", ""percent"": 30, ""closedAt"": ""2026-05-15T13:45:46.729Z""}, {""pnlR"": 0.3603446315789508, ""price"": 0.006122836299999999, ""pnlUsd"": 2.069354145606377, ""reason"": ""EXPIRED"", ""percent"": 20, ""closedAt"": ""2026-05-15T23:55:05.254Z""}]",1.460344631578946,8.386333394590347,0.1727179175159503,0.02220070621034704,8.213615477074397,0.07,0.05,0.02,0.03,t,0.006121,2026-05-15 23:50:00,2026-05-15 04:53:29.73,2026-05-15 23:55:05.254,2026-05-15 23:55:00
236,0,FARTCOINUSDT,BUY,EXPIRED,CANCELLED_EOD,0.22034,2026-05-15 03:01:03.824,,237,0.22034,0.21465,0.21465,0.21465,"[0.22603, 0.23172, 0.23741]",0,0,0,0,,,[],0,0,0,0,0,0.07,0.05,0.02,0.03,t,,,2026-05-15 03:01:03.824,2026-05-16 00:00:54.152,
237,0,FARTCOINUSDT,SELL,CANCELLED,CANCELLED_OTHER_SIDE,0.21465,2026-05-15 03:01:03.824,,236,0.21465,0.22034,0.22034,0.22034,"[0.20896, 0.20327, 0.19758]",0,0,0,0,,,[],0,0,0,0,0,0.07,0.05,0.02,0.03,t,,,2026-05-15 03:01:03.824,2026-05-15 05:31:08.602,
238,0,AEROUSDT,BUY,CANCELLED,CANCELLED_OTHER_SIDE,0.4917,2026-05-15 03:01:04.619,,239,0.4917,0.4744,0.4744,0.4744,"[0.5090000000000001, 0.5263000000000001, 0.5436000000000001]",0,0,0,0,,,[],0,0,0,0,0,0.07,0.05,0.02,0.03,t,,,2026-05-15 03:01:04.619,2026-05-15 04:20:34.759,
239,0,AEROUSDT,SELL,EXPIRED,FILLED,0.4744,2026-05-15 03:01:04.619,2026-05-15 04:20:34.759,238,0.4744,0.4917,0.4917,0.4744,"[0.4571, 0.4397999999999999, 0.4224999999999999]",293.1930750885238,5.863861501770476,160.7986067306305,338.9515318942464,10.96878612716761,14.65965375442619,"[{""pnlR"": 0.4999999999999984, ""price"": 0.4571, ""pnlUsd"": 2.931930750885228, ""reason"": ""TP1"", ""percent"": 50, ""closedAt"": ""2026-05-15T13:01:17.200Z""}, {""pnlR"": 0.7822497109826575, ""price"": 0.44733416, ""pnlUsd"": 4.587003965002286, ""reason"": ""EXPIRED"", ""percent"": 50, ""closedAt"": ""2026-05-15T23:55:06.558Z""}]",1.282249710982656,7.518934715887514,0.08555934556916858,0.02273686875946508,7.433375370318346,0.07,0.05,0.02,0.03,t,0.4472,2026-05-15 23:50:00,2026-05-15 04:20:34.759,2026-05-15 23:55:06.558,2026-05-15 23:55:00
240,0,POLUSDT,BUY,CANCELLED,CANCELLED_OTHER_SIDE,0.09492,2026-05-15 03:01:05.413,,241,0.09492,0.09374,0.09374,0.09374,"[0.0961, 0.09728, 0.09846]",0,0,0,0,,,[],0,0,0,0,0,0.07,0.05,0.02,0.03,t,,,2026-05-15 03:01:05.413,2026-05-15 04:28:18.282,
241,0,POLUSDT,SELL,CLOSED,FILLED,0.09374,2026-05-15 03:01:05.413,2026-05-15 04:28:18.282,240,0.09374,0.09492,0.09492,0.09138,"[0.09256, 0.09138, 0.0902]",287.1354204083634,5.742708408167268,456.2046493064403,4866.702040819717,31.77627118644067,14.35677102041817,"[{""pnlR"": 0.5, ""price"": 0.09256, ""pnlUsd"": 2.871354204083634, ""reason"": ""TP1"", ""percent"": 50, ""closedAt"": ""2026-05-15T13:01:31.583Z""}, {""pnlR"": 0.6, ""price"": 0.09138, ""pnlUsd"": 3.44562504490036, ""reason"": ""TP2"", ""percent"": 30, ""closedAt"": ""2026-05-15T13:36:27.711Z""}, {""pnlR"": 0.6000000000000001, ""price"": 0.0902, ""pnlUsd"": 3.445625044900361, ""reason"": ""TP3"", ""percent"": 20, ""closedAt"": ""2026-05-15T13:51:24.862Z""}]",1.7,9.762604293884355,0.1805293388637992,0,9.582074955020556,0.07,0.05,0.02,0.03,t,0.0902,2026-05-15 13:49:59.999,2026-05-15 04:28:18.282,2026-05-15 13:51:25.198,2026-05-15 23:55:00
242,0,VVVUSDT,BUY,CANCELLED,CANCELLED_OTHER_SIDE,14.793,2026-05-15 03:01:06.213,,243,14.793,13.954,13.954,13.954,"[15.632, 16.471, 17.31]",0,0,0,0,,,[],0,0,0,0,0,0.07,0.05,0.02,0.03,t,,,2026-05-15 03:01:06.213,2026-05-15 05:55:42.365,
243,0,VVVUSDT,SELL,EXPIRED,FILLED,13.954,2026-05-15 03:01:06.213,2026-05-15 05:55:42.365,242,13.954,14.793,14.793,14.793,"[13.115, 12.276, 11.437]",300.7395011859053,6.014790023718105,100.0362097627683,7.168998836374392,6.652681764004778,15.03697505929526,"[{""pnlR"": 0.1595413587604306, ""price"": 13.8201448, ""pnlUsd"": 0.9596077730426692, ""reason"": ""EXPIRED"", ""percent"": 100, ""closedAt"": ""2026-05-15T23:55:05.243Z""}]",0.1595413587604306,0.9596077730426692,0.06954554294741645,0.02971406637699625,0.8900622300952528,0.07,0.05,0.02,0.03,t,13.816,2026-05-15 23:50:00,2026-05-15 05:55:42.365,2026-05-15 23:55:05.243,2026-05-15 23:55:00
244,0,USELESSUSDT,BUY,SL_HIT,FILLED,0.0694,2026-05-15 03:01:06.988,2026-05-15 03:05:07.619,245,0.0694,0.06735,0.06735,0.06735,"[0.07145000000000001, 0.07350000000000002, 0.07555000000000003]",293.1930750885238,5.863861501770476,198.5131649867654,2860.420244766071,13.54146341463408,14.65965375442619,"[{""pnlR"": -1.009856097560973, ""price"": 0.067329795, ""pnlUsd"": -5.92165629281596, ""reason"": ""SL"", ""percent"": 100, ""closedAt"": ""2026-05-15T04:22:01.984Z""}]",-1.009856097560973,-5.92165629281596,0.1359983873443278,0.0577947910454852,-6.057654680160288,0.07,0.05,0.02,0.03,t,0.06739,2026-05-15 04:19:59.999,2026-05-15 03:05:07.619,2026-05-15 04:22:02.204,2026-05-15 23:55:00
245,0,USELESSUSDT,SELL,CANCELLED,CANCELLED_OTHER_SIDE,0.06735,2026-05-15 03:01:06.988,,244,0.06735,0.0694,0.0694,0.0694,"[0.06529999999999998, 0.06324999999999997, 0.06119999999999996]",0,0,0,0,,,[],0,0,0,0,0,0.07,0.05,0.02,0.03,t,,,2026-05-15 03:01:06.988,2026-05-15 03:05:07.619,
246,0,SIRENUSDT,BUY,SL_HIT,FILLED,0.56939,2026-05-15 03:01:07.787,2026-05-15 03:05:41.482,247,0.56939,0.52942,0.52942,0.52942,"[0.6093599999999999, 0.6493299999999999, 0.6892999999999998]",293.1930750885238,5.863861501770476,83.53325245166612,146.7065674698645,5.698173630222673,14.65965375442619,"[{""pnlR"": -1.003973630222666, ""price"": 0.5292611740000001, ""pnlUsd"": -5.887162319055437, ""reason"": ""SL"", ""percent"": 100, ""closedAt"": ""2026-05-15T05:34:43.170Z""}]",-1.003973630222666,-5.887162319055437,0.05552969555663858,0.02330081728496067,-5.942692014612076,0.07,0.05,0.02,0.03,t,0.52917,2026-05-15 05:29:59.999,2026-05-15 03:05:41.482,2026-05-15 05:34:43.275,2026-05-15 23:55:00
247,0,SIRENUSDT,SELL,CANCELLED,CANCELLED_OTHER_SIDE,0.52942,2026-05-15 03:01:07.787,,246,0.52942,0.56939,0.56939,0.56939,"[0.4894500000000001, 0.4494800000000001, 0.4095100000000002]",0,0,0,0,,,[],0,0,0,0,0,0.07,0.05,0.02,0.03,t,,,2026-05-15 03:01:07.787,2026-05-15 03:05:41.482,
248,0,1000BONKUSDT,BUY,CANCELLED,CANCELLED_OTHER_SIDE,0.006945,2026-05-15 03:01:08.585,,249,0.006945,0.006828,0.006828,0.006828,"[0.007062, 0.007179, 0.007296]",0,0,0,0,,,[],0,0,0,0,0,0.07,0.05,0.02,0.03,t,,,2026-05-15 03:01:08.585,2026-05-15 04:55:40.679,
249,0,1000BONKUSDT,SELL,CLOSED,FILLED,0.006828,2026-05-15 03:01:08.585,2026-05-15 04:55:40.679,248,0.006828,0.006945,0.006945,0.006828,"[0.006711, 0.006594, 0.006477]",287.1354204083634,5.742708408167268,335.1385727433003,49082.97784758353,23.34358974358976,14.35677102041817,"[{""pnlR"": 0.5, ""price"": 0.006711, ""pnlUsd"": 2.871354204083634, ""reason"": ""TP1"", ""percent"": 50, ""closedAt"": ""2026-05-15T05:35:58.767Z""}, {""pnlR"": -0.008753846153843694, ""price"": 0.006830048399999999, ""pnlUsd"": -0.05027078591148088, ""reason"": ""SL"", ""percent"": 50, ""closedAt"": ""2026-05-15T07:23:05.154Z""}]",0.4912461538461563,2.821083418172153,0.1837770795609542,0.05027078591148088,2.637306338611199,0.07,0.05,0.02,0.03,t,0.006828,2026-05-15 07:19:59.999,2026-05-15 04:55:40.679,2026-05-15 07:23:05.406,2026-05-15 23:55:00
250,0,AAVEUSDT,BUY,CANCELLED,CANCELLED_OTHER_SIDE,93.36,2026-05-16 03:00:45.332,,251,93.36,92.31,92.31,92.31,"[94.41, 95.46, 96.50999999999999]",0,0,0,0,,,[],0,0,0,0,0,0.07,0.05,0.02,0.03,t,,,2026-05-16 03:00:45.332,2026-05-16 03:21:02.991,
251,0,AAVEUSDT,SELL,CLOSED,FILLED,92.31,2026-05-16 03:00:45.332,2026-05-16 03:21:02.991,250,92.31,93.36,93.36,90.21000000000001,"[91.26, 90.21000000000001, 89.16000000000001]",417.9469951483926,8.358939902967853,734.8702308980615,7.960895145683691,35.16571428571439,20.89734975741963,"[{""pnlR"": 0.5, ""price"": 91.26, ""pnlUsd"": 4.179469951483926, ""reason"": ""TP1"", ""percent"": 50, ""closedAt"": ""2026-05-16T04:33:10.079Z""}, {""pnlR"": 0.6, ""price"": 90.21000000000001, ""pnlUsd"": 5.015363941780712, ""reason"": ""TP2"", ""percent"": 30, ""closedAt"": ""2026-05-16T06:20:16.649Z""}, {""pnlR"": 0.6000000000000001, ""price"": 89.16000000000001, ""pnlUsd"": 5.015363941780712, ""reason"": ""TP3"", ""percent"": 20, ""closedAt"": ""2026-05-16T07:11:49.828Z""}]",1.7,14.21019783504535,0.2911060527922156,0,13.91909178225313,0.07,0.05,0.02,0.03,t,89.2,2026-05-16 07:09:59.999,2026-05-16 03:21:02.991,2026-05-16 07:11:50.628,2026-05-16 23:55:00
252,0,ENAUSDT,BUY,SL_HIT,FILLED,0.11147,2026-05-16 03:00:46.137,2026-05-16 03:10:17.055,253,0.11147,0.11021,0.11021,0.11021,"[0.11273, 0.11399, 0.11525]",417.9469951483926,8.358939902967853,739.5008182411339,6634.079288069739,35.38730158730167,20.89734975741963,"[{""pnlR"": -1.026240476190476, ""price"": 0.110176937, ""pnlUsd"": -8.578282466469302, ""reason"": ""SL"", ""percent"": 100, ""closedAt"": ""2026-05-16T04:34:45.877Z""}]",-1.026240476190476,-8.578282466469302,0.5133614315355591,0.2193425635014487,-9.091643898004861,0.07,0.05,0.02,0.03,t,0.11021,2026-05-16 04:29:59.999,2026-05-16 03:10:17.055,2026-05-16 04:34:46.771,2026-05-16 23:55:00
253,0,ENAUSDT,SELL,CANCELLED,CANCELLED_OTHER_SIDE,0.11021,2026-05-16 03:00:46.137,,252,0.11021,0.11147,0.11147,0.11147,"[0.10895, 0.10769, 0.10643]",0,0,0,0,,,[],0,0,0,0,0,0.07,0.05,0.02,0.03,t,,,2026-05-16 03:00:46.137,2026-05-16 03:10:17.055,
254,0,SEIUSDT,BUY,CANCELLED,CANCELLED_OTHER_SIDE,0.06379,2026-05-16 03:00:46.949,,255,0.06379,0.06322,0.06322,0.06322,"[0.06436, 0.06493, 0.0655]",0,0,0,0,,,[],0,0,0,0,0,0.07,0.05,0.02,0.03,t,,,2026-05-16 03:00:46.949,2026-05-16 04:14:10.038,
255,0,SEIUSDT,SELL,CLOSED,FILLED,0.06322,2026-05-16 03:00:46.949,2026-05-16 04:14:10.038,254,0.06322,0.06379,0.06379,0.06208,"[0.06265, 0.06208, 0.06151]",417.9469951483926,8.358939902967853,927.1090888870643,14664.80684731199,44.36491228070167,20.89734975741963,"[{""pnlR"": 0.5, ""price"": 0.06265, ""pnlUsd"": 4.179469951483925, ""reason"": ""TP1"", ""percent"": 50, ""closedAt"": ""2026-05-16T04:40:02.863Z""}, {""pnlR"": 0.5999999999999963, ""price"": 0.06208, ""pnlUsd"": 5.015363941780679, ""reason"": ""TP2"", ""percent"": 30, ""closedAt"": ""2026-05-16T07:11:15.997Z""}, {""pnlR"": 0.5999999999999976, ""price"": 0.06151, ""pnlUsd"": 5.01536394178069, ""reason"": ""TP3"", ""percent"": 20, ""closedAt"": ""2026-05-16T07:13:18.808Z""}]",1.699999999999994,14.21019783504529,0.3680015959878166,0,13.84219623905748,0.07,0.05,0.02,0.03,t,0.0615,2026-05-16 07:09:59.999,2026-05-16 04:14:10.038,2026-05-16 07:13:19.191,2026-05-16 23:55:00
256,0,MUSDT,BUY,CANCELLED,CANCELLED_OTHER_SIDE,3.2714,2026-05-16 03:00:47.773,,257,3.2714,3.2003,3.2003,3.2003,"[3.3425, 3.4136, 3.4847]",0,0,0,0,,,[],0,0,0,0,0,0.07,0.05,0.02,0.03,t,,,2026-05-16 03:00:47.773,2026-05-16 04:37:15.575,
257,0,MUSDT,SELL,OPEN,FILLED,3.2003,2026-05-16 03:00:47.773,2026-05-16 04:37:15.575,256,3.2003,3.2714,3.2714,3.2714,"[3.1292, 3.0581, 2.987]",431.696934036824,8.633938680736481,388.6243876225173,121.4337367192192,18.0045007032349,21.5848467018412,[],0,0,0.07772487752450347,0,-0.07772487752450347,0.07,0.05,0.02,0.03,t,3.1784,2026-05-16 08:34:59.999,2026-05-16 04:37:15.575,,2026-05-16 23:55:00
258,0,LDOUSDT,BUY,CANCELLED,CANCELLED_OTHER_SIDE,0.3643,2026-05-16 03:00:48.603,,259,0.3643,0.3611,0.3611,0.3611,"[0.3675, 0.3707000000000001, 0.3739000000000001]",0,0,0,0,,,[],0,0,0,0,0,0.07,0.05,0.02,0.03,t,,,2026-05-16 03:00:48.603,2026-05-16 03:44:26.717,
259,0,LDOUSDT,SELL,CLOSED,FILLED,0.3611,2026-05-16 03:00:48.603,2026-05-16 03:44:26.717,258,0.3611,0.3643,0.3643,0.3546999999999999,"[0.3578999999999999, 0.3546999999999999, 0.3514999999999999]",417.9469951483926,8.358939902967853,943.254124675518,2612.168719677425,25,37.73016498702072,"[{""pnlR"": 0.5000000000000087, ""price"": 0.3578999999999999, ""pnlUsd"": 4.179469951484, ""reason"": ""TP1"", ""percent"": 50, ""closedAt"": ""2026-05-16T04:28:31.234Z""}, {""pnlR"": 0.6, ""price"": 0.3546999999999999, ""pnlUsd"": 5.015363941780713, ""reason"": ""TP2"", ""percent"": 30, ""closedAt"": ""2026-05-16T06:21:14.270Z""}, {""pnlR"": 0.5999999999999965, ""price"": 0.3514999999999999, ""pnlUsd"": 5.015363941780684, ""reason"": ""TP3"", ""percent"": 20, ""closedAt"": ""2026-05-16T06:50:09.639Z""}]",1.700000000000006,14.2101978350454,0.3744596103031981,0,13.8357382247422,0.07,0.05,0.02,0.03,t,0.3516,2026-05-16 06:49:59.999,2026-05-16 03:44:26.717,2026-05-16 06:50:10.554,2026-05-16 23:55:00
260,0,DYDXUSDT,SELL,CLOSED,FILLED,0.14737,2026-05-16 03:00:49.416,2026-05-16 04:02:11.197,,0.14737,0.14949,0.14949,0.14313,"[0.14525, 0.14313, 0.14101]",417.9469951483926,8.358939902967853,581.0646101416821,3942.896180645193,25,23.24258440566728,"[{""pnlR"": 0.5, ""price"": 0.14525, ""pnlUsd"": 4.179469951483926, ""reason"": ""TP1"", ""percent"": 50, ""closedAt"": ""2026-05-16T06:13:52.904Z""}, {""pnlR"": 0.5999999999999961, ""price"": 0.14313, ""pnlUsd"": 5.015363941780678, ""reason"": ""TP2"", ""percent"": 30, ""closedAt"": ""2026-05-16T07:13:05.552Z""}, {""pnlR"": 0.5999999999999974, ""price"": 0.14101, ""pnlUsd"": 5.01536394178069, ""reason"": ""TP3"", ""percent"": 20, ""closedAt"": ""2026-05-16T07:15:34.222Z""}]",1.699999999999994,14.21019783504529,0.2295838044896637,0,13.98061403055563,0.07,0.05,0.02,0.03,t,0.14108,2026-05-16 07:14:59.999,2026-05-16 04:02:11.197,2026-05-16 07:15:34.49,2026-05-16 23:55:00
261,0,ZECUSDT,BUY,CANCELLED,CANCELLED_OTHER_SIDE,519.45,2026-05-16 03:00:50.214,,262,519.45,506.69,506.69,506.69,"[532.21, 544.9700000000001, 557.7300000000002]",0,0,0,0,,,[],0,0,0,0,0,0.07,0.05,0.02,0.03,t,,,2026-05-16 03:00:50.214,2026-05-16 03:35:11.778,
262,0,ZECUSDT,SELL,TP1_HIT,FILLED,506.69,2026-05-16 03:00:50.214,2026-05-16 03:35:11.778,261,506.69,519.45,519.45,506.69,"[493.9299999999999, 481.1699999999999, 468.4099999999999]",417.9469951483926,8.358939902967853,331.927214689245,0.6550893340883873,15.88369905956107,20.89734975741963,"[{""pnlR"": 0.5000000000000022, ""price"": 493.9299999999999, ""pnlUsd"": 4.179469951483945, ""reason"": ""TP1"", ""percent"": 50, ""closedAt"": ""2026-05-16T07:05:42.166Z""}]",0.5000000000000022,4.179469951483945,0.09874227041647671,0,4.080727681067469,0.07,0.05,0.02,0.03,t,495.58,2026-05-16 08:34:59.999,2026-05-16 03:35:11.778,,2026-05-16 23:55:00
263,0,STXUSDT,BUY,CANCELLED,CANCELLED_OTHER_SIDE,0.2506,2026-05-16 03:00:51.022,,264,0.2506,0.2475,0.2475,0.2475,"[0.2537, 0.2568, 0.2599]",0,0,0,0,,,[],0,0,0,0,0,0.07,0.05,0.02,0.03,t,,,2026-05-16 03:00:51.022,2026-05-16 03:19:07.288,
264,0,STXUSDT,SELL,TP2_HIT,FILLED,0.2475,2026-05-16 03:00:51.022,2026-05-16 03:19:07.288,263,0.2475,0.2506,0.2506,0.2444,"[0.2444, 0.2413, 0.2382]",417.9469951483926,8.358939902967853,667.3669761240482,2696.432226763831,25,26.69467904496193,"[{""pnlR"": 0.5, ""price"": 0.2444, ""pnlUsd"": 4.179469951483926, ""reason"": ""TP1"", ""percent"": 50, ""closedAt"": ""2026-05-16T06:13:11.264Z""}, {""pnlR"": 0.6000000000000026, ""price"": 0.2413, ""pnlUsd"": 5.015363941780734, ""reason"": ""TP2"", ""percent"": 30, ""closedAt"": ""2026-05-16T07:13:03.107Z""}]",1.100000000000003,9.194833893264661,0.2384131446260043,0,8.956420748638656,0.07,0.05,0.02,0.03,t,0.24,2026-05-16 08:34:59.999,2026-05-16 03:19:07.288,,2026-05-16 23:55:00
265,0,IPUSDT,BUY,SL_HIT,FILLED,0.5047,2026-05-16 03:00:51.828,2026-05-16 03:16:25.647,266,0.5047,0.4996,0.4996,0.4996,"[0.5098, 0.5149000000000001, 0.5200000000000002]",417.9469951483926,8.358939902967853,827.2072488289872,1639.007824111328,25,33.08828995315949,"[{""pnlR"": -1.029388235294116, ""price"": 0.49945012, ""pnlUsd"": -8.604594395645645, ""reason"": ""SL"", ""percent"": 100, ""closedAt"": ""2026-05-16T04:33:13.184Z""}]",-1.029388235294116,-8.604594395645645,0.5747427769824682,0.2456544926777913,-9.179337172628113,0.07,0.05,0.02,0.03,t,0.4996,2026-05-16 04:29:59.999,2026-05-16 03:16:25.647,2026-05-16 04:33:13.317,2026-05-16 23:55:00
266,0,IPUSDT,SELL,CANCELLED,CANCELLED_OTHER_SIDE,0.4996,2026-05-16 03:00:51.828,,265,0.4996,0.5047,0.5047,0.5047,"[0.4944999999999999, 0.4893999999999999, 0.4842999999999998]",0,0,0,0,,,[],0,0,0,0,0,0.07,0.05,0.02,0.03,t,,,2026-05-16 03:00:51.828,2026-05-16 03:16:25.647,
267,0,ORDIUSDT,BUY,CANCELLED,CANCELLED_OTHER_SIDE,4.33,2026-05-16 03:00:52.637,,268,4.33,4.236,4.236,4.236,"[4.424, 4.518000000000001, 4.612000000000001]",0,0,0,0,,,[],0,0,0,0,0,0.07,0.05,0.02,0.03,t,,,2026-05-16 03:00:52.637,2026-05-16 04:33:09.31,
268,0,ORDIUSDT,SELL,TP1_HIT,FILLED,4.236,2026-05-16 03:00:52.637,2026-05-16 04:33:09.31,267,4.236,4.33,4.33,4.236,"[4.141999999999999, 4.047999999999999, 3.953999999999999]",429.2227562048255,8.58445512409651,386.8484245284329,91.32399068187746,18.02553191489356,21.46113781024128,"[{""pnlR"": 0.5000000000000048, ""price"": 4.141999999999999, ""pnlUsd"": 4.292227562048295, ""reason"": ""TP1"", ""percent"": 50, ""closedAt"": ""2026-05-16T07:13:14.551Z""}]",0.5000000000000048,4.292227562048295,0.1151960818461202,0,4.177031480202174,0.07,0.05,0.02,0.03,t,4.206,2026-05-16 08:34:59.999,2026-05-16 04:33:09.31,,2026-05-16 23:55:00
269,0,ARUSDT,BUY,CANCELLED,CANCELLED_OTHER_SIDE,2.2348,2026-05-16 03:00:53.464,,270,2.2348,2.1908,2.1908,2.1908,"[2.2788, 2.3228, 2.3668]",0,0,0,0,,,[],0,0,0,0,0,0.07,0.05,0.02,0.03,t,,,2026-05-16 03:00:53.464,2026-05-16 04:34:08.58,
270,0,ARUSDT,SELL,TP2_HIT,FILLED,2.1908,2026-05-16 03:00:53.464,2026-05-16 04:34:08.58,269,2.1908,2.2348,2.2348,2.1468,"[2.1468, 2.1028, 2.0588]",432.9165401694981,8.658330803389962,431.1061619106071,196.7802455315899,19.91636363636362,21.6458270084749,"[{""pnlR"": 0.5, ""price"": 2.1468, ""pnlUsd"": 4.329165401694982, ""reason"": ""TP1"", ""percent"": 50, ""closedAt"": ""2026-05-16T06:49:59.960Z""}, {""pnlR"": 0.6, ""price"": 2.1028, ""pnlUsd"": 5.194998482033978, ""reason"": ""TP2"", ""percent"": 30, ""closedAt"": ""2026-05-16T07:15:29.326Z""}]",1.1,9.52416388372896,0.1532933855110727,0,9.370870498217887,0.07,0.05,0.02,0.03,t,2.1293,2026-05-16 08:34:59.999,2026-05-16 04:34:08.58,,2026-05-16 23:55:00
271,0,DOGEUSDT,BUY,CANCELLED,CANCELLED_OTHER_SIDE,0.11342,2026-05-16 03:00:54.274,,272,0.11342,0.11215,0.11215,0.11215,"[0.11469, 0.11596, 0.11723]",0,0,0,0,,,[],0,0,0,0,0,0.07,0.05,0.02,0.03,t,,,2026-05-16 03:00:54.274,2026-05-16 04:16:50.097,
272,0,DOGEUSDT,SELL,TP2_HIT,FILLED,0.11215,2026-05-16 03:00:54.274,2026-05-16 04:16:50.097,271,0.11215,0.11342,0.11342,0.11088,"[0.11088, 0.10961, 0.10834]",417.9469951483926,8.358939902967853,738.1536300140467,6581.842443281736,35.32283464566909,20.89734975741963,"[{""pnlR"": 0.4999999999999946, ""price"": 0.11088, ""pnlUsd"": 4.179469951483881, ""reason"": ""TP1"", ""percent"": 50, ""closedAt"": ""2026-05-16T04:34:46.300Z""}, {""pnlR"": 0.5999999999999968, ""price"": 0.10961, ""pnlUsd"": 5.015363941780684, ""reason"": ""TP2"", ""percent"": 30, ""closedAt"": ""2026-05-16T07:13:04.132Z""}]",1.099999999999991,9.194833893264565,0.2638963400264039,0,8.930937553238161,0.07,0.05,0.02,0.03,t,0.1102,2026-05-16 08:34:59.999,2026-05-16 04:16:50.097,,2026-05-16 23:55:00
273,0,TRUMPUSDT,BUY,CANCELLED,CANCELLED_OTHER_SIDE,2.258,2026-05-16 03:00:55.049,,274,2.258,2.237,2.237,2.237,"[2.279, 2.3, 2.321]",0,0,0,0,,,[],0,0,0,0,0,0.07,0.05,0.02,0.03,t,,,2026-05-16 03:00:55.049,2026-05-16 04:28:31.352,
274,0,TRUMPUSDT,SELL,CLOSED,FILLED,2.237,2026-05-16 03:00:55.049,2026-05-16 04:28:31.352,273,2.237,2.258,2.258,2.195,"[2.216, 2.195, 2.174]",417.9469951483926,8.358939902967853,890.4261220447223,398.0447572841852,25,35.61704488178889,"[{""pnlR"": 0.5, ""price"": 2.216, ""pnlUsd"": 4.179469951483926, ""reason"": ""TP1"", ""percent"": 50, ""closedAt"": ""2026-05-16T04:34:42.797Z""}, {""pnlR"": 0.6000000000000064, ""price"": 2.195, ""pnlUsd"": 5.015363941780764, ""reason"": ""TP2"", ""percent"": 30, ""closedAt"": ""2026-05-16T06:21:19.475Z""}, {""pnlR"": 0.6000000000000043, ""price"": 2.174, ""pnlUsd"": 5.015363941780747, ""reason"": ""TP3"", ""percent"": 20, ""closedAt"": ""2026-05-16T07:12:24.000Z""}]",1.70000000000001,14.21019783504544,0.3533284092508798,0,13.85686942579456,0.07,0.05,0.02,0.03,t,2.174,2026-05-16 07:09:59.999,2026-05-16 04:28:31.352,2026-05-16 07:12:24.708,2026-05-16 23:55:00
275,0,KASUSDT,BUY,CANCELLED,CANCELLED_OTHER_SIDE,0.03523,2026-05-16 03:00:55.849,,276,0.03523,0.03491,0.03491,0.03491,"[0.03555, 0.03587, 0.03619]",0,0,0,0,,,[],0,0,0,0,0,0.07,0.05,0.02,0.03,t,,,2026-05-16 03:00:55.849,2026-05-16 03:20:06.53,
276,0,KASUSDT,SELL,CLOSED,FILLED,0.03491,2026-05-16 03:00:55.849,2026-05-16 03:20:06.53,275,0.03491,0.03523,0.03523,0.03426999999999999,"[0.03459, 0.03426999999999999, 0.03394999999999999]",417.9469951483926,8.358939902967853,911.9081000393967,26121.68719677447,25,36.47632400157587,"[{""pnlR"": 0.4999999999999892, ""price"": 0.03459, ""pnlUsd"": 4.179469951483836, ""reason"": ""TP1"", ""percent"": 50, ""closedAt"": ""2026-05-16T06:22:16.609Z""}, {""pnlR"": 0.6000000000000065, ""price"": 0.03426999999999999, ""pnlUsd"": 5.015363941780765, ""reason"": ""TP2"", ""percent"": 30, ""closedAt"": ""2026-05-16T07:12:22.349Z""}, {""pnlR"": 0.6000000000000044, ""price"": 0.03394999999999999, ""pnlUsd"": 5.015363941780748, ""reason"": ""TP3"", ""percent"": 20, ""closedAt"": ""2026-05-16T07:13:23.401Z""}]",1.700000000000001,14.21019783504535,0.3619212004487496,0,13.8482766345966,0.07,0.05,0.02,0.03,t,0.03394,2026-05-16 07:09:59.999,2026-05-16 03:20:06.53,2026-05-16 07:13:23.837,2026-05-16 23:55:00
277,0,SHIB1000USDT,BUY,CANCELLED,CANCELLED_OTHER_SIDE,0.00614,2026-05-16 03:00:56.65,,278,0.00614,0.006111,0.006111,0.006111,"[0.006168999999999999, 0.006197999999999999, 0.006226999999999998]",0,0,0,0,,,[],0,0,0,0,0,0.07,0.05,0.02,0.03,t,,,2026-05-16 03:00:56.65,2026-05-16 04:02:04.583,
278,0,SHIB1000USDT,SELL,CLOSED,FILLED,0.006111,2026-05-16 03:00:56.65,2026-05-16 04:02:04.583,277,0.006111,0.00614,0.00614,0.006053000000000001,"[0.006082000000000001, 0.006053000000000001, 0.006024000000000002]",417.9469951483926,8.358939902967853,1761.430405070255,288239.3069988963,25,70.45721620281022,"[{""pnlR"": 0.5, ""price"": 0.006082000000000001, ""pnlUsd"": 4.179469951483926, ""reason"": ""TP1"", ""percent"": 50, ""closedAt"": ""2026-05-16T04:33:08.278Z""}, {""pnlR"": 0.6, ""price"": 0.006053000000000001, ""pnlUsd"": 5.015363941780711, ""reason"": ""TP2"", ""percent"": 30, ""closedAt"": ""2026-05-16T06:13:49.522Z""}, {""pnlR"": 0.6000000000000001, ""price"": 0.006024000000000002, ""pnlUsd"": 5.015363941780712, ""reason"": ""TP3"", ""percent"": 20, ""closedAt"": ""2026-05-16T06:49:43.694Z""}]",1.7,14.21019783504535,0.7017301224610931,0,13.50846771258426,0.07,0.05,0.02,0.03,t,0.006027,2026-05-16 06:44:59.999,2026-05-16 04:02:04.583,2026-05-16 06:49:44.022,2026-05-16 23:55:00
279,0,FARTCOINUSDT,BUY,CANCELLED,CANCELLED_OTHER_SIDE,0.20168,2026-05-16 03:00:57.452,,280,0.20168,0.1995,0.1995,0.1995,"[0.20386, 0.20604, 0.20822]",0,0,0,0,,,[],0,0,0,0,0,0.07,0.05,0.02,0.03,t,,,2026-05-16 03:00:57.452,2026-05-16 04:30:45.919,
280,0,FARTCOINUSDT,SELL,CLOSED,FILLED,0.1995,2026-05-16 03:00:57.452,2026-05-16 04:30:45.919,279,0.1995,0.20168,0.20168,0.19514,"[0.19732, 0.19514, 0.19296]",421.8443247564642,8.436886495129283,772.0912182469274,3870.131419784097,25,30.88364872987709,"[{""pnlR"": 0.5000000000000063, ""price"": 0.19732, ""pnlUsd"": 4.218443247564696, ""reason"": ""TP1"", ""percent"": 50, ""closedAt"": ""2026-05-16T04:33:28.175Z""}, {""pnlR"": 0.6000000000000039, ""price"": 0.19514, ""pnlUsd"": 5.062131897077601, ""reason"": ""TP2"", ""percent"": 30, ""closedAt"": ""2026-05-16T06:43:23.863Z""}, {""pnlR"": 0.6000000000000051, ""price"": 0.19296, ""pnlUsd"": 5.062131897077614, ""reason"": ""TP3"", ""percent"": 20, ""closedAt"": ""2026-05-16T07:11:31.140Z""}]",1.700000000000015,14.34270704171991,0.305967945890427,0,14.03673909582949,0.07,0.05,0.02,0.03,t,0.19331,2026-05-16 07:09:59.999,2026-05-16 04:30:45.919,2026-05-16 07:11:31.241,2026-05-16 23:55:00
281,0,AEROUSDT,BUY,CANCELLED,CANCELLED_OTHER_SIDE,0.4515,2026-05-16 03:00:58.252,,282,0.4515,0.4461,0.4461,0.4461,"[0.4569, 0.4623, 0.4677000000000001]",0,0,0,0,,,[],0,0,0,0,0,0.07,0.05,0.02,0.03,t,,,2026-05-16 03:00:58.252,2026-05-16 04:33:00.438,
282,0,AEROUSDT,SELL,CLOSED,FILLED,0.4461,2026-05-16 03:00:58.252,2026-05-16 04:33:00.438,281,0.4461,0.4515,0.4515,0.4353,"[0.4407, 0.4353, 0.4298999999999999]",421.8443247564642,8.436886495129283,696.9805676809559,1562.3863879869,25,27.87922270723824,"[{""pnlR"": 0.5, ""price"": 0.4407, ""pnlUsd"": 4.218443247564642, ""reason"": ""TP1"", ""percent"": 50, ""closedAt"": ""2026-05-16T06:41:37.861Z""}, {""pnlR"": 0.5999999999999969, ""price"": 0.4353, ""pnlUsd"": 5.062131897077545, ""reason"": ""TP2"", ""percent"": 30, ""closedAt"": ""2026-05-16T07:13:05.821Z""}, {""pnlR"": 0.6000000000000021, ""price"": 0.4298999999999999, ""pnlUsd"": 5.062131897077588, ""reason"": ""TP3"", ""percent"": 20, ""closedAt"": ""2026-05-16T08:20:23.789Z""}]",1.699999999999999,14.34270704171978,0.2759236856640385,0,14.06678335605574,0.07,0.05,0.02,0.03,t,0.4304,2026-05-16 08:19:59.999,2026-05-16 04:33:00.438,2026-05-16 08:20:24.077,2026-05-16 23:55:00
283,0,POLUSDT,BUY,CANCELLED,CANCELLED_OTHER_SIDE,0.0918,2026-05-16 03:00:59.056,,284,0.0918,0.09075,0.09075,0.09075,"[0.09285000000000002, 0.09390000000000003, 0.09495000000000003]",0,0,0,0,,,[],0,0,0,0,0,0.07,0.05,0.02,0.03,t,,,2026-05-16 03:00:59.056,2026-05-16 04:33:08.413,
284,0,POLUSDT,SELL,TP2_HIT,FILLED,0.09075,2026-05-16 03:00:59.056,2026-05-16 04:33:08.413,283,0.09075,0.0918,0.0918,0.08969999999999999,"[0.08969999999999999, 0.08864999999999998, 0.08759999999999997]",429.2227562048255,8.58445512409651,741.9421928683346,8175.671546758508,34.57142857142826,21.46113781024128,"[{""pnlR"": 0.5, ""price"": 0.08969999999999999, ""pnlUsd"": 4.292227562048255, ""reason"": ""TP1"", ""percent"": 50, ""closedAt"": ""2026-05-16T07:12:23.400Z""}, {""pnlR"": 0.6, ""price"": 0.08864999999999998, ""pnlUsd"": 5.150673074457906, ""reason"": ""TP2"", ""percent"": 30, ""closedAt"": ""2026-05-16T07:15:30.949Z""}]",1.1,9.44290063650616,0.2652106093052992,0,9.17769002720086,0.07,0.05,0.02,0.03,t,0.08929,2026-05-16 08:34:59.999,2026-05-16 04:33:08.413,,2026-05-16 23:55:00
285,0,VVVUSDT,BUY,CANCELLED,CANCELLED_OTHER_SIDE,13.843,2026-05-16 03:00:59.859,,286,13.843,13.348,13.348,13.348,"[14.338, 14.833, 15.328]",0,0,0,0,,,[],0,0,0,0,0,0.07,0.05,0.02,0.03,t,,,2026-05-16 03:00:59.859,2026-05-16 03:34:59.285,
286,0,VVVUSDT,SELL,OPEN,FILLED,13.348,2026-05-16 03:00:59.859,2026-05-16 03:34:59.285,285,13.348,13.843,13.843,13.843,"[12.853, 12.358, 11.863]",417.9469951483926,8.358939902967853,225.4043026763941,16.88674727872296,10.78626262626264,20.89734975741963,[],0,0,0.04508086053527882,0,-0.04508086053527882,0.07,0.05,0.02,0.03,t,13.195,2026-05-16 08:34:59.999,2026-05-16 03:34:59.285,,2026-05-16 23:55:00
287,0,USELESSUSDT,BUY,CANCELLED,CANCELLED_OTHER_SIDE,0.06148,2026-05-16 03:01:00.637,,288,0.06148,0.06013,0.06013,0.06013,"[0.06283, 0.06417999999999999, 0.06552999999999999]",0,0,0,0,,,[],0,0,0,0,0,0.07,0.05,0.02,0.03,t,,,2026-05-16 03:01:00.637,2026-05-16 03:50:17.966,
288,0,USELESSUSDT,SELL,TP2_HIT,FILLED,0.06013,2026-05-16 03:01:00.637,2026-05-16 03:50:17.966,287,0.06013,0.06148,0.06148,0.05878000000000001,"[0.05878000000000001, 0.05743000000000001, 0.05608000000000001]",417.9469951483926,8.358939902967853,372.3133750855245,6191.807335531757,17.81629629629634,20.89734975741963,"[{""pnlR"": 0.4999999999999974, ""price"": 0.05878000000000001, ""pnlUsd"": 4.179469951483906, ""reason"": ""TP1"", ""percent"": 50, ""closedAt"": ""2026-05-16T06:00:55.319Z""}, {""pnlR"": 0.6, ""price"": 0.05743000000000001, ""pnlUsd"": 5.015363941780713, ""reason"": ""TP2"", ""percent"": 30, ""closedAt"": ""2026-05-16T07:01:42.422Z""}]",1.099999999999997,9.194833893264619,0.1321938482521359,0,9.062640045012483,0.07,0.05,0.02,0.03,t,0.05758,2026-05-16 08:34:59.999,2026-05-16 03:50:17.966,,2026-05-16 23:55:00
289,0,SIRENUSDT,BUY,CANCELLED,CANCELLED_OTHER_SIDE,0.5508,2026-05-16 03:01:01.441,,290,0.5508,0.52251,0.52251,0.52251,"[0.5790899999999999, 0.6073799999999998, 0.6356699999999997]",0,0,0,0,,,[],0,0,0,0,0,0.07,0.05,0.02,0.03,t,,,2026-05-16 03:01:01.441,2026-05-16 05:03:32.579,
290,0,SIRENUSDT,SELL,TP1_HIT,FILLED,0.52251,2026-05-16 03:01:01.441,2026-05-16 05:03:32.579,289,0.52251,0.5508,0.5508,0.52251,"[0.4942200000000001, 0.4659300000000002, 0.4376400000000003]",435.5991071556322,8.711982143112644,160.908370081223,307.9527091945093,7.387910922587507,21.77995535778161,"[{""pnlR"": 0.5, ""price"": 0.4942200000000001, ""pnlUsd"": 4.355991071556322, ""reason"": ""TP1"", ""percent"": 50, ""closedAt"": ""2026-05-16T07:03:27.948Z""}]",0.5,4.355991071556322,0.04740131281005565,0,4.308589758746266,0.07,0.05,0.02,0.03,t,0.52025,2026-05-16 08:34:59.999,2026-05-16 05:03:32.579,,2026-05-16 23:55:00
291,0,1000BONKUSDT,BUY,CANCELLED,CANCELLED_OTHER_SIDE,0.00655,2026-05-16 03:01:02.225,,292,0.00655,0.006514,0.006514,0.006514,"[0.006586000000000001, 0.006622000000000001, 0.006658000000000002]",0,0,0,0,,,[],0,0,0,0,0,0.07,0.05,0.02,0.03,t,,,2026-05-16 03:01:02.225,2026-05-16 03:50:05.388,
292,0,1000BONKUSDT,SELL,CLOSED,FILLED,0.006514,2026-05-16 03:01:02.225,2026-05-16 03:50:05.388,291,0.006514,0.00655,0.00655,0.006477999999999999,"[0.006477999999999999, 0.006441999999999999, 0.006405999999999999]",417.9469951483926,8.358939902967853,1512.503736886998,232192.7750824375,50,30.25007473773995,"[{""pnlR"": 0.5, ""price"": 0.006477999999999999, ""pnlUsd"": 4.179469951483926, ""reason"": ""TP1"", ""percent"": 50, ""closedAt"": ""2026-05-16T04:33:00.756Z""}, {""pnlR"": 0.6, ""price"": 0.006441999999999999, ""pnlUsd"": 5.015363941780711, ""reason"": ""TP2"", ""percent"": 30, ""closedAt"": ""2026-05-16T04:33:28.839Z""}, {""pnlR"": 0.1892033333333332, ""price"": 0.006479943399999999, ""pnlUsd"": 1.581539292774527, ""reason"": ""SL"", ""percent"": 20, ""closedAt"": ""2026-05-16T05:26:22.841Z""}]",1.289203333333333,10.77637318603916,0.6931219825429789,0.09024868781904397,10.08325120349618,0.07,0.05,0.02,0.03,t,0.006478,2026-05-16 05:24:59.999,2026-05-16 03:50:05.388,2026-05-16 05:26:23.428,2026-05-16 23:55:00
